{"stats":{"minecraft:killed":{"minecraft:zombie":1},"minecraft:killed_by":{"minecraft:zombie":2,"minecraft:stray":1,"alexsmobs:anaconda":1},"minecraft:custom":{"minecraft:time_since_rest":3236,"enigmaticlegacy:play_time_with_seven_curses":0,"minecraft:damage_dealt":96,"minecraft:damage_taken":993,"minecraft:leave_game":3,"minecraft:time_since_death":5635,"minecraft:play_time":22167,"minecraft:walk_one_cm":5024,"tombstone:undead_killed":1,"minecraft:deaths":4,"minecraft:total_world_time":22167,"enigmaticlegacy:play_time_without_seven_curses":12607,"minecraft:mob_kills":1,"minecraft:fly_one_cm":2270,"minecraft:damage_dealt_resisted":0,"minecraft:jump":11}},"DataVersion":3465}