{"stats":{"minecraft:killed_by":{"minecraft:zombie":1,"minecraft:stray":1,"alexsmobs:anaconda":1},"minecraft:custom":{"minecraft:jump":4,"minecraft:time_since_rest":2411,"enigmaticlegacy:play_time_with_seven_curses":0,"minecraft:damage_dealt":0,"minecraft:damage_taken":730,"minecraft:leave_game":1,"minecraft:play_time":14548,"minecraft:time_since_death":0,"minecraft:walk_one_cm":2443,"minecraft:deaths":3,"minecraft:total_world_time":14548,"enigmaticlegacy:play_time_without_seven_curses":6390,"minecraft:fly_one_cm":1428}},"DataVersion":3465}