{"stats":{"minecraft:mined":{"minecraft:spruce_leaves":1},"minecraft:custom":{"minecraft:jump":16,"minecraft:time_since_rest":1464,"enigmaticlegacy:play_time_with_seven_curses":567,"minecraft:leave_game":1,"minecraft:damage_dealt":30,"minecraft:crouch_one_cm":210,"minecraft:sprint_one_cm":1989,"minecraft:play_time":1464,"minecraft:time_since_death":1464,"minecraft:walk_one_cm":2386,"minecraft:climb_one_cm":336,"minecraft:sneak_time":57,"enigmaticlegacy:play_time_without_seven_curses":897,"minecraft:total_world_time":1464,"minecraft:fall_one_cm":627,"minecraft:fly_one_cm":1364,"minecraft:damage_dealt_resisted":0}},"DataVersion":3465}