{"stats":{"minecraft:crafted":{"minecraft:crafting_table":1,"minecraft:spruce_planks":4,"minecraft:stick":20,"minecraft:wooden_pickaxe":1,"minecraft:stone_pickaxe":2,"minecraft:mangrove_planks":8,"minecraft:stone_axe":1},"minecraft:used":{"minecraft:stone_pickaxe":129,"minecraft:spruce_planks":1,"minecraft:wooden_pickaxe":59,"minecraft:iron_sword":9,"minecraft:rotten_flesh":2,"minecraft:stone_axe":1,"minecraft:dirt":9,"minecraft:cobblestone":3,"minecraft:crafting_table":1},"minecraft:custom":{"minecraft:time_since_rest":1046,"enigmaticlegacy:play_time_with_seven_curses":7335,"lootr:looted_stat":1,"minecraft:sprint_one_cm":8607,"minecraft:damage_taken":500,"minecraft:walk_one_cm":16842,"minecraft:mob_kills":3,"minecraft:drop":5,"minecraft:damage_dealt":351,"enigmaticlegacy:play_time_without_seven_curses":897,"minecraft:interact_with_crafting_table":4,"minecraft:fly_one_cm":5790,"minecraft:crouch_one_cm":2224,"minecraft:play_time":8546,"tombstone:undead_killed":3,"minecraft:deaths":1,"minecraft:sneak_time":644,"minecraft:jump":74,"minecraft:damage_dealt_resisted":0,"minecraft:leave_game":4,"minecraft:walk_on_water_one_cm":211,"minecraft:time_since_death":1240,"minecraft:climb_one_cm":1717,"minecraft:total_world_time":8546,"minecraft:fall_one_cm":1376},"minecraft:killed":{"minecraft:zombie":3},"minecraft:picked_up":{"minecraft:enchanted_book":1,"tombstone:grave_dust":2,"minecraft:spruce_log":1,"minecraft:dirt":9,"minecraft:slime_ball":5,"minecraft:rotten_flesh":4,"mysticalagriculture:inferium_essence":2,"minecraft:spruce_planks":27,"minecraft:stone_pickaxe":2,"minecraft:mangrove_log":2,"minecraft:cobblestone":188},"minecraft:killed_by":{"minecraft:zombie":1},"minecraft:broken":{"minecraft:wooden_pickaxe":1},"minecraft:dropped":{"minecraft:enchanted_book":1,"minecraft:spruce_planks":1,"minecraft:stone_pickaxe":3},"minecraft:mined":{"minecraft:spruce_planks":27,"minecraft:spruce_log":1,"minecraft:jungle_leaves":3,"minecraft:grass":1,"biomesoplenty:bush":1,"minecraft:vine":2,"minecraft:dirt":9,"minecraft:mangrove_log":2,"minecraft:spruce_leaves":1,"minecraft:stone":188}},"DataVersion":3465}