{"stats":{"minecraft:mined":{"minecraft:spruce_planks":26,"minecraft:jungle_leaves":2,"minecraft:spruce_log":1,"minecraft:grass":1,"biomesoplenty:bush":1,"minecraft:vine":1,"minecraft:dirt":8,"minecraft:mangrove_log":2,"minecraft:spruce_leaves":1,"minecraft:stone":188},"minecraft:custom":{"minecraft:time_since_rest":6792,"enigmaticlegacy:play_time_with_seven_curses":5895,"lootr:looted_stat":1,"minecraft:sprint_one_cm":8605,"minecraft:damage_taken":110,"minecraft:walk_one_cm":13066,"minecraft:drop":3,"minecraft:damage_dealt":125,"enigmaticlegacy:play_time_without_seven_curses":897,"minecraft:interact_with_crafting_table":3,"minecraft:fly_one_cm":4730,"minecraft:crouch_one_cm":2182,"minecraft:play_time":6792,"minecraft:sneak_time":630,"minecraft:damage_dealt_resisted":0,"minecraft:jump":55,"minecraft:leave_game":3,"minecraft:walk_on_water_one_cm":211,"minecraft:time_since_death":6792,"minecraft:total_world_time":6792,"minecraft:climb_one_cm":1717,"minecraft:fall_one_cm":1165},"minecraft:crafted":{"minecraft:crafting_table":1,"minecraft:spruce_planks":4,"minecraft:stick":20,"minecraft:wooden_pickaxe":1,"minecraft:stone_pickaxe":2,"minecraft:mangrove_planks":8},"minecraft:used":{"minecraft:stone_pickaxe":129,"minecraft:wooden_pickaxe":59,"minecraft:iron_sword":3,"minecraft:rotten_flesh":2,"minecraft:dirt":8,"minecraft:cobblestone":3,"minecraft:crafting_table":1},"minecraft:dropped":{"minecraft:enchanted_book":1,"minecraft:spruce_planks":1,"minecraft:stone_pickaxe":1},"minecraft:broken":{"minecraft:wooden_pickaxe":1},"minecraft:picked_up":{"minecraft:enchanted_book":1,"minecraft:spruce_log":1,"minecraft:dirt":8,"minecraft:rotten_flesh":2,"minecraft:spruce_planks":26,"minecraft:mangrove_log":2,"minecraft:cobblestone":188}},"DataVersion":3465}