{"stats":{"minecraft:mined":{"minecraft:spruce_planks":1,"minecraft:spruce_leaves":1,"minecraft:jungle_leaves":2},"minecraft:custom":{"minecraft:time_since_rest":3208,"enigmaticlegacy:play_time_with_seven_curses":2311,"minecraft:crouch_one_cm":1181,"minecraft:sprint_one_cm":5497,"lootr:looted_stat":1,"minecraft:play_time":3208,"minecraft:walk_one_cm":6314,"minecraft:sneak_time":326,"minecraft:drop":2,"minecraft:damage_dealt_resisted":0,"minecraft:jump":18,"minecraft:damage_dealt":30,"minecraft:leave_game":2,"minecraft:time_since_death":3208,"minecraft:climb_one_cm":964,"enigmaticlegacy:play_time_without_seven_curses":897,"minecraft:total_world_time":3208,"minecraft:fall_one_cm":627,"minecraft:fly_one_cm":1605},"minecraft:dropped":{"minecraft:enchanted_book":1,"minecraft:spruce_planks":1},"minecraft:picked_up":{"minecraft:spruce_planks":1,"minecraft:enchanted_book":1}},"DataVersion":3465}