{"stats":{"minecraft:custom":{"minecraft:interact_with_furnace":5,"minecraft:time_since_death":54472,"minecraft:time_since_rest":54472,"minecraft:sprint_one_cm":5467,"minecraft:walk_one_cm":157746,"minecraft:damage_taken":70,"minecraft:drop":25,"minecraft:fly_one_cm":6464,"minecraft:open_chest":28,"minecraft:crouch_one_cm":21115,"minecraft:play_time":54472,"minecraft:sneak_time":9214,"minecraft:jump":90,"minecraft:total_world_time":54472,"minecraft:fall_one_cm":1766},"minecraft:picked_up":{"exdeorum:gold_ore_chunk":1,"exdeorum:osmium_ore_chunk":3,"exdeorum:basalt_pebble":347,"exdeorum:dust":5,"exdeorum:iron_ore_chunk":24,"minecraft:flint":42,"minecraft:oak_log":111,"minecraft:string":94,"exdeorum:blackstone_pebble":442,"exdeorum:nickel_ore_chunk":6,"minecraft:lapis_lazuli":9,"minecraft:dirt":9,"exdeorum:granite_pebble":454,"exdeorum:string_mesh":7,"minecraft:apple":5,"exdeorum:stone_pebble":2626,"exdeorum:oak_sieve":2,"minecraft:rose_bush":1,"exdeorum:zinc_ore_chunk":4,"minecraft:oak_planks":1,"minecraft:oak_slab":2,"minecraft:stick":28,"exdeorum:deepslate_pebble":394,"exdeorum:lead_ore_chunk":9,"minecraft:torch":8,"minecraft:gravel":239,"minecraft:sand":5,"minecraft:amethyst_shard":2,"minecraft:pointed_dripstone":22,"exdeorum:silver_ore_chunk":8,"exdeorum:silk_worm":1,"exdeorum:aluminum_ore_chunk":11,"exdeorum:diorite_pebble":393,"exdeorum:tin_ore_chunk":7,"everlastingabilities:ability_bottle":1,"exdeorum:andesite_pebble":398,"exdeorum:copper_ore_chunk":13,"minecraft:oak_sapling":47,"minecraft:melon_seeds":1,"minecraft:coal":21,"minecraft:oak_leaves":54},"minecraft:broken":{"exdeorum:crook":2},"minecraft:crafted":{"minecraft:oak_slab":48,"minecraft:oak_planks":105,"minecraft:barrel":1,"exdeorum:oak_barrel":2,"minecraft:crafting_table":1,"pickletweaks:flint_shears":2,"minecraft:furnace":1,"exdeorum:compressed_stone_hammer":1,"minecraft:bucket":2,"allthecompressed:cobblestone_1x":21,"crafting_on_a_stick:crafting_table":1,"minecraft:air":1161,"exdeorum:crook":4,"exdeorum:oak_crucible":1,"minecraft:charcoal":11,"minecraft:cobblestone":452,"exdeorum:string_mesh":10,"exdeorum:flint_mesh":5,"minecraft:stick":12,"minecraft:iron_ingot":6,"minecraft:chest":4,"minecraft:iron_ore":6,"exdeorum:oak_sieve":9,"exdeorum:stone_hammer":9,"dankstorage:dank_1":1},"minecraft:dropped":{"minecraft:gravel":14,"exdeorum:string_mesh":1,"pickletweaks:flint_shears":1,"exdeorum:oak_sieve":1,"minecraft:flint":1,"exdeorum:silk_worm":1,"minecraft:wooden_axe":1,"minecraft:rose_bush":1,"minecraft:oak_sapling":18,"exdeorum:crook":2,"exdeorum:stone_pebble":64},"minecraft:used":{"exdeorum:oak_sieve":10,"minecraft:water_bucket":1,"minecraft:oak_planks":18,"minecraft:chest":4,"exdeorum:crook":287,"minecraft:torch":11,"minecraft:sand":5,"minecraft:dirt":3,"minecraft:oak_slab":261,"minecraft:wooden_axe":4,"exdeorum:oak_barrel":2,"minecraft:apple":5,"minecraft:gravel":177,"exdeorum:oak_crucible":1,"minecraft:cobblestone":239,"exdeorum:stone_hammer":249,"minecraft:oak_sapling":7,"minecraft:furnace":1},"minecraft:mined":{"minecraft:oak_slab":11,"minecraft:rose_bush":1,"minecraft:cobblestone":239,"minecraft:oak_planks":1,"minecraft:wall_torch":8,"minecraft:oak_log":18,"minecraft:sand":5,"minecraft:gravel":5,"exdeorum:oak_sieve":1,"minecraft:oak_leaves":454}},"DataVersion":3465}