{"stats":{"minecraft:picked_up":{"minecraft:stick":7,"minecraft:apple":1,"minecraft:torch":8,"everlastingabilities:ability_bottle":1,"minecraft:rose_bush":1,"minecraft:oak_log":11,"minecraft:oak_sapling":7},"minecraft:custom":{"minecraft:time_since_rest":6472,"minecraft:crouch_one_cm":5705,"minecraft:sprint_one_cm":87,"minecraft:play_time":6472,"minecraft:damage_taken":30,"minecraft:walk_one_cm":9274,"minecraft:sneak_time":1412,"minecraft:drop":1,"minecraft:jump":1,"minecraft:time_since_death":6472,"minecraft:total_world_time":6472,"minecraft:fall_one_cm":569},"minecraft:crafted":{"minecraft:oak_slab":12,"minecraft:oak_planks":11,"crafting_on_a_stick:crafting_table":1,"minecraft:crafting_table":1,"minecraft:stick":4,"minecraft:air":116,"exdeorum:crook":1},"minecraft:dropped":{"minecraft:rose_bush":1},"minecraft:used":{"minecraft:wooden_axe":1,"minecraft:oak_slab":49,"minecraft:oak_sapling":1},"minecraft:mined":{"minecraft:oak_slab":1,"minecraft:oak_log":6,"minecraft:rose_bush":1,"minecraft:oak_leaves":113,"minecraft:wall_torch":8}},"DataVersion":3465}