{"stats":{"minecraft:picked_up":{"minecraft:oak_log":15,"twigs:twig":1,"minecraft:dirt":3},"minecraft:crafted":{"minecraft:crafting_table":1,"minecraft:oak_planks":15,"minecraft:stick":4,"minecraft:air":60},"minecraft:custom":{"minecraft:jump":24,"minecraft:time_since_rest":5695,"minecraft:sprint_one_cm":2336,"minecraft:play_time":5695,"minecraft:time_since_death":5695,"minecraft:walk_one_cm":8457,"minecraft:total_world_time":5695,"minecraft:fall_one_cm":896,"minecraft:fly_one_cm":5535},"minecraft:used":{"minecraft:dirt":3},"minecraft:mined":{"minecraft:grass_block":2,"minecraft:oak_log":15,"minecraft:dirt":1}},"DataVersion":3465}