{"stats":{"minecraft:killed":{"minecraft:wandering_trader":1,"minecraft:trader_llama":2},"minecraft:custom":{"minecraft:mob_kills":3,"minecraft:interact_with_crafting_table":1,"minecraft:damage_dealt_resisted":0,"minecraft:leave_game":1,"minecraft:time_since_death":277336,"minecraft:sprint_one_cm":35303,"minecraft:walk_one_cm":838694,"minecraft:drop":226,"minecraft:play_time":277336,"minecraft:sneak_time":13562,"minecraft:jump":941,"minecraft:walk_on_water_one_cm":403,"minecraft:total_world_time":277336,"minecraft:interact_with_furnace":122,"minecraft:sleep_in_bed":3,"minecraft:time_since_rest":71741,"minecraft:damage_taken":635,"minecraft:damage_dealt":1048,"minecraft:fly_one_cm":39420,"minecraft:open_chest":437,"minecraft:crouch_one_cm":32217,"tombstone:villager_killed":1,"minecraft:fall_one_cm":15654},"minecraft:used":{"minecraft:armor_stand":7,"minecraft:redstone":13,"mekanism:basic_fluid_tank":2,"minecraft:chest":8,"thermal:device_rock_gen":1,"exdeorum:crook":1346,"allthecompressed:cobblestone_1x":382,"sophisticatedstorage:gold_chest":1,"minecraft:torch":15,"minecraft:dirt":9,"cobblefordays:tier_2":1,"minecraft:carrot":63,"exdeorum:silk_worm":7,"functionalstorage:simple_compacting_drawer":1,"integrateddynamics:squeezer":2,"minecraft:wooden_axe":4,"minecraft:lava_bucket":2,"minecraft:iron_axe":5,"utilitarian:snad":8,"exdeorum:porcelain_crucible":1,"minecraft:repeater":1,"exdeorum:stone_hammer":249,"pipez:item_pipe":2,"minecraft:furnace":2,"minecraft:oak_sapling":25,"exdeorum:oak_sieve":19,"exdeorum:compressed_iron_hammer":336,"minecraft:water_bucket":5,"minecraft:oak_planks":27,"minecraft:cactus":2,"minecraft:sugar_cane":5,"minecraft:clay":5,"minecraft:sand":474,"minecraft:oak_slab":306,"minecraft:campfire":1,"minecraft:white_bed":9,"minecraft:redstone_torch":2,"exdeorum:dust":2156,"minecraft:diamond_pickaxe":9,"minecraft:wooden_hoe":6,"minecraft:lever":3,"exdeorum:oak_barrel":4,"minecraft:apple":11,"allthecompressed:sand_1x":209,"allthecompressed:gravel_1x":278,"minecraft:gravel":2094,"minecraft:wooden_sword":25,"exdeorum:oak_crucible":1,"minecraft:cobblestone":319,"sophisticatedstorage:iron_chest":2,"functionalstorage:oak_1":6,"pickletweaks:flint_pickaxe":9,"minecraft:bucket":7,"exdeorum:compressed_stone_hammer":791,"minecraft:coarse_dirt":4},"minecraft:mined":{"minecraft:white_bed":6,"minecraft:farmland":1,"functionalstorage:oak_1":2,"minecraft:lever":3,"integrateddynamics:squeezer":1,"minecraft:redstone_wire":1,"allthecompressed:sand_1x":209,"minecraft:iron_ore":2,"mekanism:basic_fluid_tank":1,"exdeorum:oak_sieve":1,"minecraft:oak_slab":14,"exdeorum:infested_leaves":400,"minecraft:clay":5,"minecraft:torch":2,"allthecompressed:gravel_1x":278,"minecraft:rose_bush":1,"minecraft:cobblestone":252,"minecraft:sugar_cane":6,"minecraft:oak_planks":6,"minecraft:wall_torch":8,"minecraft:cactus":4,"exdeorum:dust":1,"minecraft:oak_log":126,"exdeorum:oak_barrel":1,"minecraft:gravel":6,"minecraft:sand":9,"minecraft:dirt":3,"allthecompressed:cobblestone_1x":645,"minecraft:oak_button":1,"minecraft:oak_leaves":1113},"minecraft:dropped":{"sophisticatedbackpacks:iron_backpack":1,"dankstorage:dank_2":2,"minecraft:iron_ingot":17,"dankstorage:dank_1":2,"minecraft:oak_slab":1,"minecraft:lapis_lazuli":143,"pickletweaks:flint_shears":1,"exdeorum:zinc_ore_chunk":292,"exdeorum:copper_ore_chunk":705,"exdeorum:oak_sieve":1,"allthecompressed:gravel_1x":34,"exdeorum:iron_ore_chunk":112,"exdeorum:osmium_ore_chunk":115,"minecraft:coal":622,"minecraft:stick":9,"minecraft:flint":1551,"alltheores:osmium_ingot":16,"exdeorum:gold_ore_chunk":25,"minecraft:lava_bucket":2,"exdeorum:dust":201,"exdeorum:silk_worm":1,"minecraft:wooden_axe":1,"minecraft:rose_bush":1,"exdeorum:compressed_stone_hammer":1,"minecraft:wooden_sword":1,"exdeorum:crook":2,"minecraft:amethyst_shard":5,"minecraft:sand":128,"minecraft:string":3,"exdeorum:stone_pebble":64,"minecraft:bucket":2,"exdeorum:lead_ore_chunk":389,"minecraft:redstone":29,"minecraft:gravel":398,"exdeorum:string_mesh":1,"pickletweaks:flint_pickaxe":1,"minecraft:pointed_dripstone":528,"minecraft:blaze_powder":1,"exdeorum:silver_ore_chunk":406,"minecraft:white_bed":1,"exdeorum:nickel_ore_chunk":373,"exdeorum:tin_ore_chunk":540,"exdeorum:aluminum_ore_chunk":407,"ae2:certus_quartz_dust":65,"minecraft:oak_sapling":18,"exdeorum:porcelain_bucket":1,"minecraft:glass":8,"pipez:wrench":1,"ae2:certus_quartz_crystal":2,"mekanism:fluorite_gem":3},"minecraft:crafted":{"minecraft:coarse_dirt":1,"minecraft:smooth_stone":0,"minecraft:oak_planks":191,"minecraft:redstone":3,"functionalstorage:simple_compacting_drawer":1,"minecraft:barrel":4,"exdeorum:iron_hammer":9,"minecraft:smooth_stone_slab":6,"sophisticatedstorage:advanced_compacting_upgrade":1,"alltheores:constantan_ingot":5,"sophisticatedstorage:gold_chest":2,"pipez:item_pipe":16,"sophisticatedstorage:iron_chest":5,"minecraft:furnace":2,"minecraft:piston":6,"minecraft:stone":16,"projecte:high_covalence_dust":40,"exdeorum:unfired_porcelain_crucible":1,"minecraft:lever":1,"projecte:repair_talisman":1,"allthecompressed:cobblestone_1x":43,"allthecompressed:gravel_1x":305,"minecraft:green_dye":0,"sophisticatedstorage:copper_chest":1,"minecraft:glass":32,"minecraft:repeater":1,"sophisticatedstorage:upgrade_base":1,"utilitarian:snad":17,"minecraft:iron_axe":1,"exdeorum:string_mesh":22,"allthecompressed:sand_1x":208,"minecraft:chest":18,"minecraft:copper_block":2,"mekanism:basic_fluid_tank":1,"minecraft:redstone_block":19,"exdeorum:iron_mesh":18,"exdeorum:stone_hammer":18,"exdeorum:porcelain_crucible":1,"functionalstorage:oak_1":6,"dankstorage:dank_1":4,"sophisticatedbackpacks:iron_backpack":1,"cobblefordays:tier_2":1,"dankstorage:dank_2":2,"integrateddynamics:squeezer":1,"minecraft:dropper":2,"minecraft:oak_slab":77,"sophisticatedbackpacks:backpack":1,"alltheores:osmium_ingot":13,"exdeorum:oak_barrel":3,"minecraft:crafting_table":1,"alltheores:nickel_ingot":0,"minecraft:gold_ore":1,"pickletweaks:flint_shears":2,"alltheores:invar_ingot":4,"minecraft:iron_sword":1,"pickletweaks:flint_pickaxe":1,"ironfurnaces:upgrade_iron":2,"minecraft:copper_ingot":150,"sophisticatedstorage:compacting_upgrade":1,"exdeorum:compressed_stone_hammer":19,"minecraft:bucket":3,"minecraft:campfire":1,"crafting_on_a_stick:crafting_table":1,"projecte:low_covalence_dust":40,"minecraft:air":2695,"minecraft:diorite":3,"cobblefordays:tier_1":1,"exdeorum:crook":14,"exdeorum:oak_crucible":1,"minecraft:blue_dye":2,"exdeorum:porcelain_clay_ball":20,"sophisticatedstorage:chest":3,"thermal:redstone_servo":1,"minecraft:diamond_pickaxe":1,"minecraft:paper":2,"functionalstorage:copper_upgrade":1,"exdeorum:compressed_iron_hammer":3,"minecraft:white_wool":12,"exdeorum:porcelain_bucket":1,"minecraft:charcoal":13,"minecraft:cobblestone":521,"exdeorum:flint_mesh":18,"minecraft:stick":47,"minecraft:iron_ingot":87,"minecraft:iron_pickaxe":1,"projecte:medium_covalence_dust":40,"minecraft:iron_block":9,"thermal:device_rock_gen":1,"minecraft:armor_stand":2,"minecraft:iron_ore":15,"minecraft:gold_ingot":0,"minecraft:sandstone":11,"exdeorum:oak_sieve":18,"minecraft:white_bed":4,"minecraft:redstone_torch":10,"minecraft:fire_charge":6,"alltheores:constantan_gear":1,"exdeorum:unfired_porcelain_bucket":1},"minecraft:picked_up":{"exdeorum:gold_ore_chunk":118,"minecraft:prismarine_shard":25,"exdeorum:dust":2362,"minecraft:clay_ball":20,"thermal:cinnabar":65,"minecraft:lead":4,"exdeorum:iron_ore_chunk":417,"exdeorum:oak_barrel":1,"exdeorum:blackstone_pebble":493,"minecraft:string":281,"exdeorum:string_mesh":11,"exdeorum:granite_pebble":528,"minecraft:armor_stand":5,"thermal:sulfur":72,"minecraft:sea_pickle":20,"minecraft:bucket":2,"minecraft:rose_bush":1,"exdeorum:zinc_ore_chunk":401,"minecraft:iron_nugget":143,"allthecompressed:cobblestone_1x":36,"minecraft:sugar_cane":11,"xycraft_world:xychorium_gem_green":78,"minecraft:stick":82,"minecraft:raw_iron":2,"dankstorage:dank_2":2,"minecraft:torch":10,"minecraft:pointed_dripstone":759,"minecraft:carrot":36,"minecraft:redstone":226,"minecraft:prismarine_crystals":21,"thermal:apatite":82,"pipez:wrench":1,"exdeorum:silk_worm":11,"minecraft:cactus":67,"xycraft_world:xychorium_gem_blue":90,"ae2:certus_quartz_dust":170,"exdeorum:diorite_pebble":536,"exdeorum:tin_ore_chunk":659,"everlastingabilities:ability_bottle":1,"exdeorum:andesite_pebble":613,"alltheores:raw_osmium":1,"mekanism:basic_fluid_tank":1,"minecraft:blaze_powder":95,"minecraft:cobblestone":5,"exdeorum:osmium_ore_chunk":201,"exdeorum:basalt_pebble":392,"minecraft:leather":3,"enderio:grains_of_infinity":195,"forcecraft:force_gem":64,"minecraft:flint":2240,"minecraft:oak_log":318,"minecraft:gunpowder":260,"ae2:charged_certus_quartz_crystal":6,"minecraft:lapis_lazuli":281,"exdeorum:nickel_ore_chunk":535,"minecraft:dirt":16,"mekanism:salt":159,"ae2:sky_dust":134,"minecraft:apple":11,"minecraft:kelp":32,"minecraft:raw_gold":33,"exdeorum:oak_sieve":2,"exdeorum:stone_pebble":3225,"minecraft:iron_ingot":49,"minecraft:iron_ore":24,"minecraft:glowstone_dust":186,"minecraft:oak_planks":6,"dankstorage:dank_1":1,"minecraft:oak_slab":4,"exdeorum:deepslate_pebble":501,"exdeorum:lead_ore_chunk":483,"allthecompressed:gravel_1x":2,"xycraft_world:xychorium_gem_red":89,"ae2:certus_quartz_crystal":27,"exdeorum:flint_mesh":18,"minecraft:gravel":4984,"minecraft:sand":2594,"integrateddynamics:squeezer":1,"minecraft:amethyst_shard":45,"sophisticatedbackpacks:iron_backpack":1,"minecraft:white_bed":6,"minecraft:dead_bush":26,"exdeorum:silver_ore_chunk":518,"xycraft_world:xychorium_gem_dark":83,"forbidden_arcanus:arcane_crystal":53,"xycraft_world:xychorium_gem_light":89,"minecraft:pumpkin_seeds":1,"minecraft:clay":5,"exdeorum:aluminum_ore_chunk":422,"minecraft:diamond":6,"minecraft:lever":3,"mekanism:fluorite_gem":72,"minecraft:bone_meal":258,"exdeorum:copper_ore_chunk":817,"minecraft:emerald":5,"minecraft:oak_button":1,"minecraft:oak_sapling":127,"minecraft:melon_seeds":4,"minecraft:coal":989,"minecraft:oak_leaves":54,"functionalstorage:oak_1":2},"minecraft:broken":{"exdeorum:crook":9}},"DataVersion":3465}