{"stats":{"minecraft:custom":{"minecraft:time_since_death":108472,"minecraft:sprint_one_cm":9597,"minecraft:walk_one_cm":321250,"minecraft:drop":41,"minecraft:play_time":108472,"minecraft:sneak_time":10157,"minecraft:jump":200,"minecraft:total_world_time":108472,"minecraft:interact_with_furnace":27,"minecraft:time_since_rest":108472,"minecraft:damage_taken":110,"minecraft:fly_one_cm":12046,"minecraft:open_chest":109,"minecraft:crouch_one_cm":21896,"minecraft:fall_one_cm":3541},"minecraft:picked_up":{"exdeorum:gold_ore_chunk":21,"exdeorum:dust":284,"minecraft:clay_ball":20,"exdeorum:iron_ore_chunk":74,"exdeorum:blackstone_pebble":493,"minecraft:string":140,"exdeorum:string_mesh":11,"exdeorum:granite_pebble":528,"minecraft:rose_bush":1,"exdeorum:zinc_ore_chunk":19,"allthecompressed:cobblestone_1x":36,"minecraft:sugar_cane":1,"xycraft_world:xychorium_gem_green":9,"minecraft:stick":82,"minecraft:torch":8,"minecraft:pointed_dripstone":82,"minecraft:carrot":36,"minecraft:redstone":17,"exdeorum:silk_worm":4,"xycraft_world:xychorium_gem_blue":9,"ae2:certus_quartz_dust":14,"exdeorum:diorite_pebble":536,"exdeorum:tin_ore_chunk":33,"everlastingabilities:ability_bottle":1,"exdeorum:andesite_pebble":613,"alltheores:raw_osmium":1,"minecraft:blaze_powder":5,"exdeorum:osmium_ore_chunk":16,"exdeorum:basalt_pebble":392,"enderio:grains_of_infinity":13,"minecraft:flint":168,"minecraft:oak_log":200,"minecraft:gunpowder":28,"minecraft:dirt":16,"minecraft:lapis_lazuli":30,"exdeorum:nickel_ore_chunk":31,"ae2:sky_dust":23,"minecraft:apple":11,"exdeorum:oak_sieve":2,"exdeorum:stone_pebble":3225,"minecraft:iron_ingot":19,"minecraft:glowstone_dust":26,"minecraft:oak_planks":1,"minecraft:oak_slab":3,"exdeorum:deepslate_pebble":501,"exdeorum:lead_ore_chunk":44,"xycraft_world:xychorium_gem_red":7,"minecraft:gravel":2389,"minecraft:amethyst_shard":12,"minecraft:sand":359,"exdeorum:silver_ore_chunk":32,"xycraft_world:xychorium_gem_dark":5,"xycraft_world:xychorium_gem_light":5,"minecraft:pumpkin_seeds":1,"exdeorum:aluminum_ore_chunk":30,"minecraft:clay":5,"minecraft:bone_meal":30,"exdeorum:copper_ore_chunk":45,"minecraft:oak_sapling":127,"minecraft:melon_seeds":4,"minecraft:coal":74,"minecraft:oak_leaves":54},"minecraft:broken":{"exdeorum:crook":7},"minecraft:crafted":{"minecraft:coarse_dirt":1,"minecraft:oak_planks":115,"functionalstorage:simple_compacting_drawer":1,"minecraft:barrel":4,"minecraft:furnace":2,"minecraft:piston":1,"minecraft:stone":16,"exdeorum:unfired_porcelain_crucible":1,"minecraft:lever":1,"allthecompressed:cobblestone_1x":33,"allthecompressed:gravel_1x":68,"minecraft:glass":25,"exdeorum:string_mesh":15,"allthecompressed:sand_1x":31,"minecraft:chest":7,"exdeorum:stone_hammer":9,"exdeorum:porcelain_crucible":1,"functionalstorage:oak_1":1,"dankstorage:dank_1":4,"cobblefordays:tier_2":1,"integrateddynamics:squeezer":1,"minecraft:oak_slab":56,"exdeorum:oak_barrel":3,"minecraft:crafting_table":1,"pickletweaks:flint_shears":2,"pickletweaks:flint_pickaxe":1,"exdeorum:compressed_stone_hammer":7,"minecraft:bucket":2,"crafting_on_a_stick:crafting_table":1,"minecraft:campfire":1,"minecraft:air":1501,"minecraft:diorite":3,"cobblefordays:tier_1":1,"exdeorum:crook":14,"exdeorum:oak_crucible":1,"exdeorum:porcelain_clay_ball":20,"minecraft:cobblestone":521,"minecraft:charcoal":11,"exdeorum:porcelain_bucket":1,"exdeorum:flint_mesh":15,"minecraft:stick":12,"minecraft:iron_ingot":8,"minecraft:iron_block":1,"minecraft:iron_ore":15,"minecraft:sandstone":11,"exdeorum:oak_sieve":18,"exdeorum:unfired_porcelain_bucket":1},"minecraft:dropped":{"minecraft:oak_slab":1,"dankstorage:dank_1":2,"pickletweaks:flint_shears":1,"exdeorum:oak_sieve":1,"allthecompressed:gravel_1x":34,"exdeorum:iron_ore_chunk":11,"minecraft:stick":9,"minecraft:flint":3,"exdeorum:gold_ore_chunk":6,"exdeorum:silk_worm":1,"minecraft:wooden_axe":1,"minecraft:rose_bush":1,"exdeorum:compressed_stone_hammer":1,"exdeorum:crook":2,"exdeorum:stone_pebble":64,"minecraft:gravel":142,"exdeorum:string_mesh":1,"minecraft:oak_sapling":18,"exdeorum:porcelain_bucket":1},"minecraft:used":{"minecraft:chest":6,"exdeorum:crook":1055,"allthecompressed:cobblestone_1x":116,"minecraft:torch":11,"minecraft:dirt":9,"cobblefordays:tier_2":1,"minecraft:carrot":30,"exdeorum:silk_worm":3,"functionalstorage:simple_compacting_drawer":1,"integrateddynamics:squeezer":1,"minecraft:wooden_axe":4,"exdeorum:porcelain_crucible":1,"exdeorum:stone_hammer":249,"minecraft:furnace":2,"minecraft:oak_sapling":21,"exdeorum:oak_sieve":19,"minecraft:water_bucket":2,"minecraft:oak_planks":22,"minecraft:clay":5,"minecraft:sand":8,"minecraft:oak_slab":262,"minecraft:campfire":1,"exdeorum:dust":279,"minecraft:lever":1,"minecraft:wooden_hoe":6,"exdeorum:oak_barrel":3,"minecraft:apple":8,"allthecompressed:sand_1x":31,"allthecompressed:gravel_1x":39,"minecraft:gravel":615,"exdeorum:oak_crucible":1,"minecraft:cobblestone":239,"minecraft:bucket":5,"exdeorum:compressed_stone_hammer":315,"minecraft:coarse_dirt":4},"minecraft:mined":{"minecraft:farmland":1,"allthecompressed:sand_1x":31,"exdeorum:oak_sieve":1,"minecraft:oak_slab":12,"exdeorum:infested_leaves":109,"minecraft:clay":5,"allthecompressed:gravel_1x":39,"minecraft:rose_bush":1,"minecraft:cobblestone":239,"minecraft:oak_planks":1,"minecraft:wall_torch":8,"minecraft:oak_log":107,"minecraft:gravel":5,"minecraft:sand":8,"minecraft:dirt":3,"allthecompressed:cobblestone_1x":245,"minecraft:oak_leaves":1113}},"DataVersion":3465}