{"stats":{"minecraft:custom":{"minecraft:time_since_death":139447,"minecraft:sprint_one_cm":15425,"minecraft:walk_one_cm":445644,"minecraft:drop":86,"minecraft:play_time":139447,"minecraft:sneak_time":10265,"minecraft:jump":344,"minecraft:total_world_time":139447,"minecraft:interact_with_furnace":32,"minecraft:sleep_in_bed":1,"minecraft:time_since_rest":8674,"minecraft:damage_taken":380,"minecraft:damage_dealt":73,"minecraft:fly_one_cm":18239,"minecraft:open_chest":135,"minecraft:crouch_one_cm":21899,"minecraft:fall_one_cm":6536},"minecraft:mined":{"minecraft:farmland":1,"allthecompressed:sand_1x":95,"minecraft:iron_ore":1,"exdeorum:oak_sieve":1,"minecraft:oak_slab":12,"exdeorum:infested_leaves":347,"minecraft:clay":5,"allthecompressed:gravel_1x":109,"minecraft:rose_bush":1,"minecraft:cobblestone":239,"minecraft:oak_planks":1,"minecraft:wall_torch":8,"minecraft:oak_log":126,"minecraft:gravel":5,"minecraft:sand":8,"minecraft:dirt":3,"allthecompressed:cobblestone_1x":507,"minecraft:oak_leaves":1113},"minecraft:crafted":{"minecraft:coarse_dirt":1,"minecraft:oak_planks":119,"minecraft:redstone":1,"functionalstorage:simple_compacting_drawer":1,"minecraft:barrel":4,"minecraft:furnace":2,"minecraft:piston":1,"minecraft:stone":16,"exdeorum:unfired_porcelain_crucible":1,"minecraft:lever":1,"allthecompressed:cobblestone_1x":33,"allthecompressed:gravel_1x":136,"minecraft:glass":25,"exdeorum:string_mesh":22,"allthecompressed:sand_1x":95,"minecraft:chest":7,"minecraft:redstone_block":9,"exdeorum:stone_hammer":18,"exdeorum:porcelain_crucible":1,"functionalstorage:oak_1":1,"dankstorage:dank_1":4,"cobblefordays:tier_2":1,"dankstorage:dank_2":1,"integrateddynamics:squeezer":1,"minecraft:oak_slab":56,"exdeorum:oak_barrel":3,"minecraft:crafting_table":1,"pickletweaks:flint_shears":2,"pickletweaks:flint_pickaxe":1,"exdeorum:compressed_stone_hammer":16,"minecraft:bucket":2,"crafting_on_a_stick:crafting_table":1,"minecraft:campfire":1,"cobblefordays:tier_1":1,"minecraft:diorite":3,"minecraft:air":1775,"exdeorum:crook":14,"exdeorum:oak_crucible":1,"exdeorum:porcelain_clay_ball":20,"minecraft:white_wool":12,"minecraft:charcoal":11,"minecraft:cobblestone":521,"exdeorum:porcelain_bucket":1,"exdeorum:flint_mesh":18,"minecraft:stick":29,"minecraft:iron_ingot":8,"minecraft:iron_block":1,"minecraft:iron_ore":15,"minecraft:sandstone":11,"exdeorum:oak_sieve":18,"minecraft:white_bed":4,"exdeorum:unfired_porcelain_bucket":1},"minecraft:picked_up":{"exdeorum:gold_ore_chunk":47,"exdeorum:dust":1144,"minecraft:clay_ball":20,"minecraft:lead":1,"exdeorum:iron_ore_chunk":117,"exdeorum:blackstone_pebble":493,"minecraft:string":249,"exdeorum:string_mesh":11,"exdeorum:granite_pebble":528,"minecraft:rose_bush":1,"exdeorum:zinc_ore_chunk":128,"allthecompressed:cobblestone_1x":36,"minecraft:sugar_cane":1,"xycraft_world:xychorium_gem_green":26,"minecraft:stick":82,"minecraft:raw_iron":1,"minecraft:torch":8,"minecraft:pointed_dripstone":131,"minecraft:carrot":36,"minecraft:redstone":107,"exdeorum:silk_worm":10,"xycraft_world:xychorium_gem_blue":42,"ae2:certus_quartz_dust":91,"exdeorum:diorite_pebble":536,"exdeorum:tin_ore_chunk":210,"everlastingabilities:ability_bottle":1,"exdeorum:andesite_pebble":613,"alltheores:raw_osmium":1,"minecraft:blaze_powder":46,"exdeorum:osmium_ore_chunk":30,"exdeorum:basalt_pebble":392,"minecraft:leather":1,"enderio:grains_of_infinity":100,"minecraft:flint":552,"minecraft:oak_log":219,"minecraft:gunpowder":145,"exdeorum:nickel_ore_chunk":172,"minecraft:lapis_lazuli":49,"minecraft:dirt":16,"ae2:sky_dust":67,"minecraft:apple":11,"exdeorum:oak_sieve":2,"exdeorum:stone_pebble":3225,"minecraft:iron_ingot":19,"minecraft:glowstone_dust":89,"minecraft:oak_planks":1,"dankstorage:dank_1":1,"minecraft:oak_slab":3,"exdeorum:deepslate_pebble":501,"exdeorum:lead_ore_chunk":187,"allthecompressed:gravel_1x":2,"xycraft_world:xychorium_gem_red":47,"minecraft:gravel":3550,"minecraft:sand":944,"minecraft:amethyst_shard":14,"exdeorum:silver_ore_chunk":156,"xycraft_world:xychorium_gem_dark":37,"xycraft_world:xychorium_gem_light":44,"minecraft:pumpkin_seeds":1,"minecraft:clay":5,"exdeorum:aluminum_ore_chunk":123,"minecraft:bone_meal":132,"exdeorum:copper_ore_chunk":230,"minecraft:oak_sapling":127,"minecraft:melon_seeds":4,"minecraft:coal":123,"minecraft:oak_leaves":54},"minecraft:dropped":{"minecraft:oak_slab":1,"dankstorage:dank_1":2,"minecraft:lapis_lazuli":3,"pickletweaks:flint_shears":1,"exdeorum:zinc_ore_chunk":88,"exdeorum:copper_ore_chunk":275,"exdeorum:oak_sieve":1,"allthecompressed:gravel_1x":34,"exdeorum:iron_ore_chunk":16,"exdeorum:osmium_ore_chunk":7,"minecraft:stick":9,"minecraft:flint":291,"exdeorum:gold_ore_chunk":18,"exdeorum:silk_worm":1,"minecraft:wooden_axe":1,"minecraft:rose_bush":1,"exdeorum:compressed_stone_hammer":1,"exdeorum:crook":2,"minecraft:string":3,"exdeorum:stone_pebble":64,"exdeorum:lead_ore_chunk":169,"minecraft:gravel":206,"exdeorum:string_mesh":1,"exdeorum:silver_ore_chunk":102,"exdeorum:nickel_ore_chunk":113,"exdeorum:tin_ore_chunk":206,"exdeorum:aluminum_ore_chunk":188,"ae2:certus_quartz_dust":64,"minecraft:oak_sapling":18,"exdeorum:porcelain_bucket":1},"minecraft:used":{"minecraft:chest":6,"exdeorum:crook":1293,"allthecompressed:cobblestone_1x":244,"minecraft:torch":11,"minecraft:dirt":9,"cobblefordays:tier_2":1,"minecraft:carrot":40,"exdeorum:silk_worm":6,"functionalstorage:simple_compacting_drawer":1,"integrateddynamics:squeezer":1,"minecraft:wooden_axe":4,"exdeorum:porcelain_crucible":1,"exdeorum:stone_hammer":249,"minecraft:oak_sapling":24,"minecraft:furnace":2,"exdeorum:oak_sieve":19,"minecraft:water_bucket":2,"minecraft:oak_planks":22,"minecraft:clay":5,"minecraft:sand":8,"minecraft:oak_slab":262,"minecraft:white_bed":4,"minecraft:campfire":1,"exdeorum:dust":1121,"minecraft:lever":1,"minecraft:wooden_hoe":6,"exdeorum:oak_barrel":3,"minecraft:apple":11,"allthecompressed:sand_1x":95,"allthecompressed:gravel_1x":109,"minecraft:gravel":1093,"exdeorum:oak_crucible":1,"minecraft:cobblestone":239,"pickletweaks:flint_pickaxe":1,"minecraft:bucket":5,"exdeorum:compressed_stone_hammer":706,"minecraft:coarse_dirt":4},"minecraft:broken":{"exdeorum:crook":9}},"DataVersion":3465}