{"stat.walkOneCm":70166,"stat.mineBlock.traverse.red_autumnal_leaves":1,"stat.mineBlock.immcraft.rock":3,"stat.useItem.minecraft.fish":1,"stat.pickup.minecraft.stick":9,"stat.pickup.primal.plant_fiber":52,"stat.leaveGame":2,"stat.pickup.minecraft.gravel":16,"stat.damageTaken":185,"stat.killEntity.salmon":1,"stat.mineBlock.geolosys.ore_sample":2,"stat.pickup.primal.flint_knapp":4,"stat.mobKills":1,"stat.craftItem.minecraft.flint":4,"stat.craftItem.pickletweaks.grass_mesh":1,"stat.mineBlock.minecraft.log":14,"stat.useItem.immcraft.rock":1,"stat.pickup.minecraft.log":11,"stat.flyOneCm":26485,"stat.mineBlock.traverse.orange_autumnal_leaves":10,"stat.jump":127,"stat.swimOneCm":3424,"stat.pickup.immcraft.rock":5,"stat.playOneMinute":14525,"stat.craftItem.primal.flint_hatchet":1,"stat.pickup.minecraft.fish":1,"stat.fallOneCm":2299,"stat.pickup.minecraft.torch":2,"stat.mineBlock.minecraft.gravel":16,"stat.pickup.minecraft.red_flower":1,"stat.sneakTime":14,"stat.damageDealt":187,"stat.crouchOneCm":61,"stat.timeSinceDeath":14525,"stat.sprintOneCm":23713,"stat.mineBlock.minecraft.stone":4,"stat.mineBlock.minecraft.tallgrass":70,"stat.mineBlock.immcraft.sticks":1,"stat.useItem.primal.flint_hatchet":17,"stat.diveOneCm":6012,"stat.craftItem.primal.plant_cordage":17}