{"stat.useItem.minecraft.air":11,"stat.walkOneCm":138735,"stat.pickup.minecraft.bone":5,"stat.mineBlock.traverse.red_autumnal_leaves":1,"stat.useItem.minecraft.fish":1,"stat.pickup.minecraft.stick":12,"stat.leaveGame":2,"stat.pickup.minecraft.gravel":16,"stat.mineBlock.chisel.marble2":6,"stat.useItem.minecraft.log":1,"stat.killEntity.salmon":1,"stat.useItem.minecraft.cobblestone":1,"stat.pickup.primal_tech.stone_grill":2,"stat.craftItem.minecraft.flint":8,"stat.craftItem.pickletweaks.grass_mesh":1,"stat.useItem.minecraft.porkchop":3,"stat.pickup.primal.flint_axe":1,"stat.useItem.immcraft.rock":1,"stat.pickup.minecraft.log":11,"stat.drop.death_compass.death_compass":2,"stat.pickup.primal.pelt_pig":8,"stat.mineBlock.minecraft.grass":3,"stat.swimOneCm":18112,"stat.jump":297,"stat.pickup.betterwithmods.hemp":1,"stat.pickup.immcraft.rock":8,"stat.pickup.primal.flint_pickaxe":1,"stat.fallOneCm":3261,"stat.pickup.minecraft.beef":16,"stat.useItem.primal.flint_axe":22,"stat.drop.chisel.marble2":4,"stat.pickup.minecraft.carrot":2,"stat.craftItem.primal_tech.work_stump":1,"stat.pickup.minecraft.porkchop":14,"stat.pickup.minecraft.stone":3,"stat.crouchOneCm":337,"stat.pickup.minecraft.dirt":16,"stat.useItem.minecraft.dirt":6,"stat.sprintOneCm":41797,"stat.pickup.primal.pelt_cow":11,"stat.useItem.primal.flint_hatchet":61,"stat.pickup.minecraft.beetroot":1,"stat.pickup.primal.ferro_stone":3,"stat.pickup.primal_tech.rock":1,"stat.mineBlock.immcraft.rock":6,"stat.pickup.primal.plant_fiber":57,"stat.useItem.primal.flint_pickaxe":44,"stat.damageTaken":565,"stat.mineBlock.geolosys.ore_sample":2,"stat.useItem.minecraft.carrot":1,"stat.pickup.primal.flint_knapp":6,"stat.mobKills":17,"stat.pickup.minecraft.cobblestone":29,"stat.mineBlock.minecraft.log":14,"stat.entityKilledBy.Creeper":1,"stat.useItem.minecraft.beef":2,"stat.pickup.primal_tech.work_stump":5,"stat.mineBlock.chisel.limestone2":3,"stat.pickup.chisel.limestone2":3,"stat.flyOneCm":38251,"stat.mineBlock.traverse.orange_autumnal_leaves":16,"stat.deaths":1,"stat.drop":6,"stat.mineBlock.primal.ferro_stone":3,"stat.mineBlock.minecraft.leaves":1,"stat.pickup.minecraft.beetroot_seeds":3,"stat.playOneMinute":38825,"stat.craftItem.primal.flint_hatchet":1,"stat.pickup.minecraft.fish":1,"stat.mineBlock.minecraft.gravel":16,"stat.pickup.minecraft.torch":2,"stat.mineBlock.primal_tech.stone_grill":1,"stat.pickup.minecraft.red_flower":1,"stat.pickup.betterwithmods.mystery_meat":1,"stat.sneakTime":564,"stat.mineBlock.primal_tech.work_stump":5,"stat.damageDealt":2041,"stat.pickup.death_compass.death_compass":1,"stat.killEntity.Zombie":1,"stat.timeSinceDeath":11158,"stat.killEntity.Cow":8,"stat.mineBlock.minecraft.dirt":12,"stat.craftItem.horsepower.chopping_block":1,"stat.mineBlock.minecraft.stone":35,"stat.killEntity.Pig":7,"stat.pickup.chisel.marble2":12,"stat.mineBlock.immcraft.sticks":1,"stat.mineBlock.minecraft.tallgrass":72,"stat.diveOneCm":6677,"stat.useItem.minecraft.beetroot":1,"stat.craftItem.primal.plant_cordage":17}