{"stats":{"minecraft:custom":{"minecraft:interact_with_furnace":14,"minecraft:time_since_death":78472,"minecraft:time_since_rest":78472,"minecraft:sprint_one_cm":6041,"minecraft:walk_one_cm":229417,"minecraft:damage_taken":90,"minecraft:drop":27,"minecraft:fly_one_cm":6831,"minecraft:open_chest":68,"minecraft:crouch_one_cm":21889,"minecraft:play_time":78472,"minecraft:sneak_time":9885,"minecraft:jump":133,"minecraft:total_world_time":78472,"minecraft:fall_one_cm":2639},"minecraft:picked_up":{"exdeorum:gold_ore_chunk":6,"exdeorum:osmium_ore_chunk":7,"exdeorum:basalt_pebble":392,"exdeorum:dust":284,"minecraft:clay_ball":20,"enderio:grains_of_infinity":13,"exdeorum:iron_ore_chunk":34,"minecraft:flint":64,"minecraft:oak_log":111,"minecraft:gunpowder":28,"minecraft:string":94,"exdeorum:blackstone_pebble":493,"exdeorum:nickel_ore_chunk":11,"minecraft:lapis_lazuli":11,"minecraft:dirt":16,"exdeorum:granite_pebble":528,"exdeorum:string_mesh":11,"ae2:sky_dust":23,"minecraft:apple":5,"exdeorum:stone_pebble":3225,"exdeorum:oak_sieve":2,"minecraft:rose_bush":1,"exdeorum:zinc_ore_chunk":7,"allthecompressed:cobblestone_1x":36,"minecraft:glowstone_dust":26,"minecraft:sugar_cane":1,"xycraft_world:xychorium_gem_green":9,"minecraft:oak_planks":1,"minecraft:oak_slab":2,"minecraft:stick":28,"exdeorum:deepslate_pebble":501,"exdeorum:lead_ore_chunk":14,"xycraft_world:xychorium_gem_red":7,"minecraft:torch":8,"minecraft:gravel":887,"minecraft:sand":314,"minecraft:amethyst_shard":5,"minecraft:pointed_dripstone":35,"minecraft:carrot":36,"minecraft:redstone":17,"exdeorum:silver_ore_chunk":11,"xycraft_world:xychorium_gem_dark":5,"exdeorum:silk_worm":1,"xycraft_world:xychorium_gem_light":5,"minecraft:pumpkin_seeds":1,"minecraft:clay":5,"exdeorum:aluminum_ore_chunk":12,"ae2:certus_quartz_dust":14,"xycraft_world:xychorium_gem_blue":9,"exdeorum:diorite_pebble":536,"exdeorum:tin_ore_chunk":10,"minecraft:bone_meal":30,"everlastingabilities:ability_bottle":1,"exdeorum:andesite_pebble":613,"exdeorum:copper_ore_chunk":18,"minecraft:oak_sapling":47,"minecraft:melon_seeds":4,"minecraft:coal":32,"minecraft:oak_leaves":54,"minecraft:blaze_powder":5},"minecraft:broken":{"exdeorum:crook":2},"minecraft:crafted":{"minecraft:oak_slab":54,"minecraft:oak_planks":105,"minecraft:barrel":2,"exdeorum:oak_barrel":3,"minecraft:crafting_table":1,"pickletweaks:flint_shears":2,"minecraft:furnace":1,"pickletweaks:flint_pickaxe":1,"exdeorum:unfired_porcelain_crucible":1,"exdeorum:compressed_stone_hammer":4,"minecraft:bucket":2,"allthecompressed:cobblestone_1x":33,"crafting_on_a_stick:crafting_table":1,"minecraft:campfire":1,"cobblefordays:tier_1":1,"minecraft:diorite":3,"minecraft:air":1395,"exdeorum:crook":4,"allthecompressed:gravel_1x":63,"exdeorum:oak_crucible":1,"exdeorum:porcelain_clay_ball":20,"minecraft:glass":25,"exdeorum:porcelain_bucket":1,"minecraft:charcoal":11,"minecraft:cobblestone":521,"exdeorum:string_mesh":10,"exdeorum:flint_mesh":9,"minecraft:stick":12,"minecraft:iron_ingot":8,"allthecompressed:sand_1x":31,"minecraft:chest":6,"minecraft:iron_ore":8,"exdeorum:oak_sieve":9,"exdeorum:stone_hammer":9,"exdeorum:porcelain_crucible":1,"dankstorage:dank_1":2,"exdeorum:unfired_porcelain_bucket":1,"minecraft:coarse_dirt":1},"minecraft:dropped":{"minecraft:gravel":14,"exdeorum:string_mesh":1,"pickletweaks:flint_shears":1,"exdeorum:oak_sieve":1,"minecraft:flint":3,"exdeorum:silk_worm":1,"minecraft:wooden_axe":1,"minecraft:rose_bush":1,"exdeorum:porcelain_bucket":1,"minecraft:oak_sapling":18,"exdeorum:crook":2,"exdeorum:stone_pebble":64},"minecraft:used":{"exdeorum:oak_sieve":10,"minecraft:water_bucket":2,"minecraft:oak_planks":22,"minecraft:chest":6,"allthecompressed:cobblestone_1x":72,"exdeorum:crook":287,"minecraft:clay":5,"minecraft:torch":11,"minecraft:sand":8,"minecraft:dirt":9,"minecraft:oak_slab":262,"minecraft:carrot":24,"minecraft:campfire":1,"minecraft:wooden_hoe":6,"exdeorum:dust":279,"minecraft:wooden_axe":4,"exdeorum:oak_barrel":3,"minecraft:apple":5,"allthecompressed:sand_1x":31,"allthecompressed:gravel_1x":34,"minecraft:gravel":264,"exdeorum:porcelain_crucible":1,"exdeorum:oak_crucible":1,"minecraft:cobblestone":239,"exdeorum:stone_hammer":249,"minecraft:oak_sapling":7,"minecraft:furnace":1,"minecraft:bucket":5,"exdeorum:compressed_stone_hammer":137,"minecraft:coarse_dirt":4},"minecraft:mined":{"minecraft:oak_slab":12,"minecraft:farmland":1,"minecraft:clay":5,"allthecompressed:gravel_1x":34,"minecraft:rose_bush":1,"minecraft:cobblestone":239,"minecraft:oak_planks":1,"minecraft:wall_torch":8,"allthecompressed:sand_1x":31,"minecraft:oak_log":18,"minecraft:sand":8,"minecraft:gravel":5,"minecraft:dirt":3,"exdeorum:oak_sieve":1,"allthecompressed:cobblestone_1x":72,"minecraft:oak_leaves":454}},"DataVersion":3465}