{"stat.useItem.minecraft.air":4,"stat.walkOneCm":105131,"stat.pickup.minecraft.bone":5,"stat.mineBlock.traverse.red_autumnal_leaves":1,"stat.useItem.minecraft.fish":1,"stat.pickup.minecraft.stick":12,"stat.leaveGame":2,"stat.pickup.minecraft.gravel":16,"stat.killEntity.salmon":1,"stat.craftItem.minecraft.flint":8,"stat.craftItem.pickletweaks.grass_mesh":1,"stat.useItem.minecraft.porkchop":3,"stat.pickup.primal.flint_axe":1,"stat.useItem.immcraft.rock":1,"stat.pickup.minecraft.log":11,"stat.pickup.primal.pelt_pig":6,"stat.mineBlock.minecraft.grass":2,"stat.swimOneCm":10086,"stat.jump":210,"stat.pickup.betterwithmods.hemp":1,"stat.pickup.immcraft.rock":5,"stat.pickup.primal.flint_pickaxe":1,"stat.fallOneCm":3052,"stat.pickup.minecraft.beef":16,"stat.useItem.primal.flint_axe":16,"stat.pickup.minecraft.carrot":2,"stat.craftItem.primal_tech.work_stump":1,"stat.pickup.minecraft.porkchop":8,"stat.crouchOneCm":127,"stat.pickup.minecraft.dirt":9,"stat.useItem.minecraft.dirt":6,"stat.sprintOneCm":24646,"stat.pickup.primal.pelt_cow":11,"stat.useItem.primal.flint_hatchet":53,"stat.pickup.minecraft.beetroot":1,"stat.pickup.primal_tech.rock":1,"stat.mineBlock.immcraft.rock":3,"stat.pickup.primal.plant_fiber":54,"stat.damageTaken":245,"stat.mineBlock.geolosys.ore_sample":2,"stat.useItem.minecraft.carrot":1,"stat.pickup.primal.flint_knapp":6,"stat.mobKills":14,"stat.mineBlock.minecraft.log":14,"stat.useItem.minecraft.beef":2,"stat.pickup.primal_tech.work_stump":4,"stat.flyOneCm":27640,"stat.mineBlock.traverse.orange_autumnal_leaves":16,"stat.mineBlock.minecraft.leaves":1,"stat.pickup.minecraft.beetroot_seeds":3,"stat.playOneMinute":27125,"stat.craftItem.primal.flint_hatchet":1,"stat.pickup.minecraft.fish":1,"stat.mineBlock.minecraft.gravel":16,"stat.pickup.minecraft.torch":2,"stat.pickup.minecraft.red_flower":1,"stat.pickup.betterwithmods.mystery_meat":1,"stat.sneakTime":135,"stat.mineBlock.primal_tech.work_stump":4,"stat.damageDealt":1741,"stat.killEntity.Zombie":1,"stat.timeSinceDeath":27125,"stat.killEntity.Cow":8,"stat.mineBlock.minecraft.dirt":7,"stat.craftItem.horsepower.chopping_block":1,"stat.mineBlock.minecraft.stone":7,"stat.killEntity.Pig":4,"stat.mineBlock.immcraft.sticks":1,"stat.mineBlock.minecraft.tallgrass":70,"stat.diveOneCm":6670,"stat.useItem.minecraft.beetroot":1,"stat.craftItem.primal.plant_cordage":17}