{"stats":{"minecraft:custom":{"minecraft:time_since_death":42472,"minecraft:time_since_rest":42472,"minecraft:sprint_one_cm":5418,"minecraft:walk_one_cm":124817,"minecraft:damage_taken":30,"minecraft:drop":24,"minecraft:fly_one_cm":6044,"minecraft:open_chest":20,"minecraft:crouch_one_cm":19764,"minecraft:play_time":42472,"minecraft:sneak_time":8171,"minecraft:jump":63,"minecraft:total_world_time":42472,"minecraft:fall_one_cm":1107},"minecraft:picked_up":{"exdeorum:gold_ore_chunk":1,"exdeorum:osmium_ore_chunk":2,"exdeorum:basalt_pebble":110,"exdeorum:iron_ore_chunk":11,"minecraft:flint":15,"minecraft:oak_log":111,"minecraft:string":94,"exdeorum:blackstone_pebble":96,"exdeorum:nickel_ore_chunk":2,"minecraft:lapis_lazuli":5,"minecraft:dirt":5,"exdeorum:granite_pebble":126,"exdeorum:string_mesh":3,"minecraft:apple":5,"exdeorum:stone_pebble":659,"exdeorum:oak_sieve":2,"minecraft:rose_bush":1,"exdeorum:zinc_ore_chunk":2,"minecraft:oak_slab":2,"minecraft:stick":28,"exdeorum:deepslate_pebble":124,"exdeorum:lead_ore_chunk":3,"minecraft:torch":8,"minecraft:gravel":126,"minecraft:amethyst_shard":1,"minecraft:pointed_dripstone":3,"exdeorum:silver_ore_chunk":3,"exdeorum:silk_worm":1,"exdeorum:aluminum_ore_chunk":7,"exdeorum:diorite_pebble":110,"exdeorum:tin_ore_chunk":3,"everlastingabilities:ability_bottle":1,"exdeorum:andesite_pebble":109,"exdeorum:copper_ore_chunk":2,"minecraft:oak_sapling":47,"minecraft:melon_seeds":1,"minecraft:coal":5,"minecraft:oak_leaves":54},"minecraft:broken":{"exdeorum:crook":2},"minecraft:crafted":{"minecraft:oak_slab":48,"minecraft:oak_planks":77,"exdeorum:oak_barrel":2,"minecraft:crafting_table":1,"pickletweaks:flint_shears":2,"minecraft:furnace":1,"crafting_on_a_stick:crafting_table":1,"minecraft:air":711,"exdeorum:crook":4,"exdeorum:oak_crucible":1,"minecraft:cobblestone":164,"exdeorum:string_mesh":10,"exdeorum:flint_mesh":2,"minecraft:stick":8,"minecraft:chest":4,"minecraft:iron_ore":2,"exdeorum:oak_sieve":9,"exdeorum:stone_hammer":1},"minecraft:dropped":{"minecraft:gravel":14,"exdeorum:string_mesh":1,"pickletweaks:flint_shears":1,"exdeorum:oak_sieve":1,"minecraft:flint":1,"exdeorum:silk_worm":1,"minecraft:wooden_axe":1,"minecraft:rose_bush":1,"minecraft:oak_sapling":18,"exdeorum:crook":2},"minecraft:used":{"exdeorum:oak_sieve":10,"minecraft:oak_planks":2,"minecraft:chest":4,"exdeorum:crook":287,"minecraft:torch":11,"minecraft:dirt":3,"minecraft:oak_slab":261,"minecraft:wooden_axe":4,"exdeorum:oak_barrel":2,"minecraft:apple":3,"minecraft:gravel":81,"exdeorum:oak_crucible":1,"minecraft:cobblestone":126,"exdeorum:stone_hammer":126,"minecraft:oak_sapling":7,"minecraft:furnace":1},"minecraft:mined":{"minecraft:oak_slab":5,"minecraft:rose_bush":1,"minecraft:cobblestone":126,"minecraft:wall_torch":8,"minecraft:oak_log":18,"exdeorum:oak_sieve":1,"minecraft:oak_leaves":454}},"DataVersion":3465}