{"stats":{"minecraft:killed":{"minecraft:husk":2,"minecraft:spider":1,"productivebees:ashy_mining_bee":1,"naturalist:tortoise":1,"minecraft:creeper":2,"minecraft:zombie":2,"eidolon:zombie_brute":1},"minecraft:picked_up":{"minecraft:lead":2,"minecraft:copper_block":2,"minecraft:potato":15,"minecraft:oak_log":15,"minecraft:gunpowder":4,"minecraft:string":2,"minecraft:dirt":4,"croptopia:olive":2,"minecraft:smooth_sandstone":30,"minecraft:bone":1,"minecraft:red_sand":8,"minecraft:red_sandstone":2,"minecraft:wheat_seeds":1,"mysticalagriculture:inferium_essence":3,"minecraft:raw_gold":2,"minecraft:comparator":1,"minecraft:glowstone_dust":3,"twigs:twig":1,"minecraft:sugar_cane":25,"thermal:oil_red_sand":17,"minecraft:book":12,"minecraft:black_terracotta":1,"apotheosis:gem":2,"minecraft:green_bed":1,"minecraft:torch":21,"croptopia:ginger":1,"croptopia:olive_seed":1,"minecraft:carrot":8,"minecraft:trapped_chest":3,"minecraft:red_terracotta":8,"minecraft:chiseled_sandstone":8,"minecraft:cut_red_sandstone":18,"crafting_on_a_stick:crafting_table":1,"minecraft:cactus":10,"minecraft:rotten_flesh":8,"immersiveengineering:seed":3,"minecraft:cyan_terracotta":1,"minecraft:spruce_sign":1,"minecraft:oak_sapling":1,"minecraft:bone_block":6,"minecraft:cobblestone":53},"minecraft:crafted":{"minecraft:oak_planks":15,"minecraft:crafting_table":2,"minecraft:wooden_pickaxe":1,"crafting_on_a_stick:crafting_table":1,"minecraft:air":60,"minecraft:stick":10,"minecraft:stone_pickaxe":1,"minecraft:stone_sword":1},"minecraft:dropped":{"minecraft:spruce_sign":1,"croptopia:ginger":1,"minecraft:crafting_table":1,"minecraft:wheat":9,"tombstone:gift":1,"minecraft:lead":2,"croptopia:olive":1,"minecraft:red_terracotta":8,"crafting_on_a_stick:crafting_table":1,"minecraft:gunpowder":2,"apotheosis:gem":1,"minecraft:oak_sapling":1,"minecraft:bone":1},"minecraft:custom":{"lootr:looted_stat":3,"minecraft:mob_kills":10,"minecraft:damage_dealt_resisted":0,"minecraft:leave_game":2,"minecraft:time_since_death":163,"minecraft:time_since_rest":1,"minecraft:sprint_one_cm":86304,"minecraft:damage_taken":2270,"minecraft:walk_one_cm":129223,"minecraft:trigger_trapped_chest":1,"minecraft:drop":14,"minecraft:damage_dealt":2534,"minecraft:swim_one_cm":31130,"minecraft:fly_one_cm":161140,"minecraft:open_chest":5,"minecraft:crouch_one_cm":237,"minecraft:play_time":45058,"tombstone:undead_killed":5,"minecraft:deaths":4,"minecraft:sneak_time":79,"minecraft:walk_under_water_one_cm":4717,"minecraft:jump":660,"minecraft:walk_on_water_one_cm":11630,"minecraft:total_world_time":45058,"minecraft:fall_one_cm":13736},"minecraft:broken":{"minecraft:wooden_pickaxe":1},"minecraft:used":{"minecraft:stone_sword":62,"minecraft:stone_pickaxe":26,"minecraft:wooden_pickaxe":59,"minecraft:torch":8,"minecraft:dirt":3,"minecraft:smooth_sandstone":13,"evilcraft:flesh_humanoid":1,"minecraft:cobblestone":4,"minecraft:trapped_chest":1,"minecraft:cooked_beef":8},"minecraft:mined":{"minecraft:large_amethyst_bud":2,"minecraft:cyan_terracotta":1,"minecraft:comparator":1,"minecraft:black_terracotta":1,"minecraft:smooth_sandstone":2,"minecraft:torch":3,"biomesoplenty:bush":6,"minecraft:grass_block":3,"minecraft:sugar_cane":11,"thermal:oil_red_sand":17,"minecraft:cactus":6,"minecraft:glowstone":1,"minecraft:copper_block":2,"minecraft:grass":8,"minecraft:bookshelf":4,"minecraft:oak_log":15,"minecraft:dirt":1,"minecraft:stone":53,"minecraft:bone_block":6,"minecraft:green_bed":1},"minecraft:killed_by":{"minecraft:player":1,"minecraft:creeper":1}},"DataVersion":3465}