{"stats":{"minecraft:custom":{"minecraft:time_since_death":30472,"minecraft:time_since_rest":30472,"minecraft:sprint_one_cm":4718,"minecraft:walk_one_cm":93995,"minecraft:damage_taken":30,"minecraft:drop":8,"minecraft:fly_one_cm":4935,"minecraft:open_chest":8,"minecraft:crouch_one_cm":19448,"minecraft:play_time":30472,"minecraft:sneak_time":6343,"minecraft:jump":38,"minecraft:total_world_time":30472,"minecraft:fall_one_cm":838},"minecraft:picked_up":{"exdeorum:basalt_pebble":41,"exdeorum:iron_ore_chunk":7,"minecraft:flint":9,"minecraft:oak_log":63,"minecraft:string":33,"exdeorum:blackstone_pebble":40,"exdeorum:nickel_ore_chunk":1,"minecraft:lapis_lazuli":2,"minecraft:dirt":3,"exdeorum:granite_pebble":47,"exdeorum:string_mesh":2,"minecraft:apple":5,"exdeorum:stone_pebble":263,"exdeorum:oak_sieve":1,"minecraft:rose_bush":1,"exdeorum:zinc_ore_chunk":1,"minecraft:oak_slab":2,"minecraft:stick":28,"exdeorum:deepslate_pebble":50,"exdeorum:lead_ore_chunk":2,"minecraft:torch":8,"minecraft:gravel":53,"minecraft:amethyst_shard":1,"exdeorum:silver_ore_chunk":3,"exdeorum:silk_worm":1,"exdeorum:aluminum_ore_chunk":5,"exdeorum:diorite_pebble":44,"exdeorum:tin_ore_chunk":3,"everlastingabilities:ability_bottle":1,"exdeorum:andesite_pebble":41,"exdeorum:copper_ore_chunk":1,"minecraft:oak_sapling":47,"minecraft:melon_seeds":1,"minecraft:coal":3},"minecraft:broken":{"exdeorum:crook":2},"minecraft:crafted":{"minecraft:oak_slab":48,"minecraft:oak_planks":53,"exdeorum:oak_barrel":2,"minecraft:crafting_table":1,"pickletweaks:flint_shears":2,"minecraft:furnace":1,"crafting_on_a_stick:crafting_table":1,"minecraft:air":580,"exdeorum:crook":4,"exdeorum:oak_crucible":1,"minecraft:cobblestone":64,"exdeorum:string_mesh":3,"exdeorum:flint_mesh":1,"minecraft:stick":4,"minecraft:chest":4,"minecraft:iron_ore":1,"exdeorum:oak_sieve":3,"exdeorum:stone_hammer":1},"minecraft:dropped":{"pickletweaks:flint_shears":1,"minecraft:flint":1,"exdeorum:silk_worm":1,"minecraft:wooden_axe":1,"minecraft:rose_bush":1,"minecraft:oak_sapling":18,"exdeorum:crook":2},"minecraft:used":{"exdeorum:oak_sieve":4,"minecraft:oak_planks":2,"minecraft:chest":4,"exdeorum:crook":287,"minecraft:torch":11,"minecraft:dirt":3,"minecraft:oak_slab":261,"minecraft:wooden_axe":4,"exdeorum:oak_barrel":2,"minecraft:apple":3,"minecraft:gravel":53,"exdeorum:oak_crucible":1,"minecraft:cobblestone":53,"exdeorum:stone_hammer":53,"minecraft:oak_sapling":6,"minecraft:furnace":1},"minecraft:mined":{"minecraft:oak_slab":5,"minecraft:rose_bush":1,"minecraft:cobblestone":53,"minecraft:wall_torch":8,"minecraft:oak_log":12,"exdeorum:oak_sieve":1,"minecraft:oak_leaves":400}},"DataVersion":3465}