{"stats":{"minecraft:killed":{"minecraft:trader_llama":2,"minecraft:wandering_trader":1},"minecraft:custom":{"minecraft:interact_with_crafting_table":4,"minecraft:leave_game":1,"minecraft:time_since_death":289336,"minecraft:sprint_one_cm":40224,"minecraft:drop":226,"minecraft:play_time":289336,"minecraft:jump":1000,"minecraft:walk_on_water_one_cm":434,"minecraft:interact_with_furnace":125,"minecraft:sleep_in_bed":3,"minecraft:damage_dealt":1048,"minecraft:crouch_one_cm":32641,"tombstone:villager_killed":1,"minecraft:mob_kills":3,"minecraft:damage_dealt_resisted":0,"minecraft:walk_one_cm":877147,"minecraft:sneak_time":13769,"minecraft:total_world_time":289336,"minecraft:interact_with_stonecutter":2,"minecraft:time_since_rest":83741,"minecraft:damage_taken":645,"minecraft:fly_one_cm":46572,"minecraft:open_chest":451,"minecraft:fall_one_cm":16825},"minecraft:used":{"mekanism:basic_fluid_tank":2,"minecraft:chest":8,"allthecompressed:cobblestone_1x":382,"minecraft:carrot":63,"integrateddynamics:squeezer":2,"minecraft:lava_bucket":2,"xycraft_world:kivi":5,"minecraft:repeater":1,"minecraft:oak_sapling":25,"minecraft:furnace":2,"pipez:item_pipe":2,"minecraft:oak_planks":27,"minecraft:cactus":2,"minecraft:clay":5,"minecraft:sugar_cane":5,"minecraft:sand":474,"xycraft_world:kivi_bricks":3,"minecraft:redstone_torch":2,"minecraft:lever":3,"exdeorum:oak_barrel":4,"minecraft:gravel":2094,"minecraft:wooden_sword":25,"exdeorum:oak_crucible":1,"functionalstorage:oak_1":6,"pickletweaks:flint_pickaxe":9,"exdeorum:compressed_stone_hammer":791,"minecraft:coarse_dirt":4,"minecraft:armor_stand":7,"minecraft:redstone":13,"exdeorum:crook":1346,"thermal:device_rock_gen":1,"sophisticatedstorage:gold_chest":1,"minecraft:torch":15,"minecraft:dirt":9,"cobblefordays:tier_2":1,"exdeorum:silk_worm":7,"functionalstorage:simple_compacting_drawer":1,"minecraft:wooden_axe":4,"minecraft:iron_axe":53,"utilitarian:snad":8,"exdeorum:porcelain_crucible":1,"torchmaster:feral_flare_lantern":1,"exdeorum:stone_hammer":249,"exdeorum:oak_sieve":19,"exdeorum:compressed_iron_hammer":336,"minecraft:water_bucket":5,"minecraft:stonecutter":1,"minecraft:oak_slab":306,"xycraft_world:kivi_rajan":2,"minecraft:white_bed":9,"minecraft:campfire":1,"xycraft_world:smooth_kivi":2,"exdeorum:dust":2156,"minecraft:wooden_hoe":6,"minecraft:diamond_pickaxe":31,"minecraft:apple":11,"xycraft_world:kivi_tiles":38,"allthecompressed:sand_1x":209,"allthecompressed:gravel_1x":278,"minecraft:cobblestone":319,"sophisticatedstorage:iron_chest":2,"minecraft:bucket":9},"minecraft:mined":{"minecraft:white_bed":6,"minecraft:farmland":1,"integrateddynamics:squeezer":1,"allthecompressed:sand_1x":209,"xycraft_world:kivi_tiles":7,"minecraft:iron_ore":2,"xycraft_world:kivi_rajan":2,"exdeorum:oak_sieve":1,"xycraft_world:smooth_kivi":2,"minecraft:clay":5,"minecraft:torch":6,"minecraft:cobblestone":252,"minecraft:oak_planks":14,"minecraft:sugar_cane":6,"minecraft:wall_torch":8,"minecraft:repeater":1,"exdeorum:dust":1,"minecraft:oak_log":126,"exdeorum:oak_barrel":1,"minecraft:sand":9,"minecraft:dirt":3,"allthecompressed:cobblestone_1x":645,"minecraft:stonecutter":1,"minecraft:oak_leaves":1113,"functionalstorage:oak_1":2,"minecraft:lever":3,"minecraft:redstone_wire":13,"mekanism:basic_fluid_tank":1,"xycraft_world:kivi_bricks":3,"minecraft:redstone_wall_torch":2,"minecraft:oak_slab":41,"xycraft_world:kivi":5,"exdeorum:infested_leaves":400,"allthecompressed:gravel_1x":278,"minecraft:rose_bush":1,"minecraft:cactus":4,"minecraft:gravel":6,"minecraft:oak_button":1},"minecraft:dropped":{"sophisticatedbackpacks:iron_backpack":1,"minecraft:lapis_lazuli":143,"exdeorum:zinc_ore_chunk":292,"pickletweaks:flint_shears":1,"exdeorum:copper_ore_chunk":705,"allthecompressed:gravel_1x":34,"minecraft:flint":1551,"alltheores:osmium_ingot":16,"exdeorum:gold_ore_chunk":25,"exdeorum:dust":201,"exdeorum:compressed_stone_hammer":1,"exdeorum:crook":2,"minecraft:wooden_sword":1,"minecraft:amethyst_shard":5,"minecraft:sand":128,"exdeorum:lead_ore_chunk":389,"minecraft:gravel":398,"exdeorum:string_mesh":1,"pickletweaks:flint_pickaxe":1,"minecraft:pointed_dripstone":528,"minecraft:blaze_powder":1,"exdeorum:silver_ore_chunk":406,"minecraft:white_bed":1,"minecraft:glass":8,"mekanism:fluorite_gem":3,"dankstorage:dank_2":2,"minecraft:iron_ingot":17,"minecraft:oak_slab":1,"dankstorage:dank_1":2,"exdeorum:oak_sieve":1,"exdeorum:iron_ore_chunk":112,"exdeorum:osmium_ore_chunk":115,"minecraft:coal":622,"minecraft:stick":9,"minecraft:lava_bucket":2,"exdeorum:silk_worm":1,"minecraft:wooden_axe":1,"minecraft:rose_bush":1,"minecraft:string":3,"exdeorum:stone_pebble":64,"minecraft:bucket":2,"minecraft:redstone":29,"exdeorum:nickel_ore_chunk":373,"exdeorum:tin_ore_chunk":540,"exdeorum:aluminum_ore_chunk":407,"exdeorum:porcelain_bucket":1,"minecraft:oak_sapling":18,"ae2:certus_quartz_dust":65,"pipez:wrench":1,"ae2:certus_quartz_crystal":2},"minecraft:crafted":{"minecraft:oak_planks":191,"minecraft:smooth_stone":0,"minecraft:barrel":4,"exdeorum:iron_hammer":9,"alltheores:constantan_ingot":5,"sophisticatedstorage:gold_chest":2,"pipez:item_pipe":16,"minecraft:stone":16,"projecte:high_covalence_dust":40,"exdeorum:unfired_porcelain_crucible":1,"minecraft:lever":1,"projecte:repair_talisman":1,"minecraft:green_dye":0,"minecraft:glass":32,"crafting_on_a_stick:stonecutter":1,"minecraft:repeater":1,"xycraft_world:kivi_tiles":3,"allthecompressed:sand_1x":208,"minecraft:chest":18,"minecraft:copper_block":2,"mekanism:basic_fluid_tank":1,"exdeorum:stone_hammer":18,"exdeorum:porcelain_crucible":1,"cobblefordays:tier_2":1,"xycraft_world:smooth_kivi":2,"integrateddynamics:squeezer":1,"minecraft:dropper":2,"minecraft:oak_slab":77,"sophisticatedbackpacks:backpack":1,"exdeorum:oak_barrel":3,"minecraft:crafting_table":1,"minecraft:gold_ore":1,"minecraft:copper_ingot":150,"minecraft:campfire":1,"minecraft:diorite":3,"cobblefordays:tier_1":1,"exdeorum:oak_crucible":1,"thermal:redstone_servo":1,"minecraft:charcoal":13,"minecraft:paper":2,"minecraft:diamond_pickaxe":1,"exdeorum:porcelain_bucket":1,"exdeorum:flint_mesh":18,"minecraft:stick":47,"minecraft:iron_ingot":87,"minecraft:iron_pickaxe":1,"projecte:medium_covalence_dust":40,"minecraft:iron_block":9,"minecraft:iron_ore":15,"minecraft:gold_ingot":0,"minecraft:sandstone":11,"exdeorum:oak_sieve":18,"minecraft:redstone_torch":10,"minecraft:fire_charge":6,"alltheores:constantan_gear":1,"minecraft:coarse_dirt":1,"minecraft:redstone":3,"functionalstorage:simple_compacting_drawer":1,"minecraft:smooth_stone_slab":6,"sophisticatedstorage:advanced_compacting_upgrade":1,"sophisticatedstorage:iron_chest":5,"minecraft:furnace":2,"minecraft:piston":6,"allthecompressed:cobblestone_1x":43,"allthecompressed:gravel_1x":305,"sophisticatedstorage:copper_chest":1,"sophisticatedstorage:upgrade_base":1,"utilitarian:snad":17,"minecraft:iron_axe":1,"exdeorum:string_mesh":22,"minecraft:redstone_block":19,"exdeorum:iron_mesh":18,"functionalstorage:oak_1":6,"dankstorage:dank_1":4,"sophisticatedbackpacks:iron_backpack":1,"dankstorage:dank_2":2,"alltheores:osmium_ingot":13,"alltheores:nickel_ingot":0,"pickletweaks:flint_shears":2,"alltheores:invar_ingot":4,"minecraft:iron_sword":1,"pickletweaks:flint_pickaxe":1,"ironfurnaces:upgrade_iron":2,"sophisticatedbackpacks:gold_backpack":1,"exdeorum:compressed_stone_hammer":19,"sophisticatedstorage:compacting_upgrade":1,"minecraft:bucket":3,"crafting_on_a_stick:crafting_table":1,"projecte:low_covalence_dust":40,"minecraft:air":2695,"exdeorum:crook":14,"minecraft:blue_dye":2,"exdeorum:porcelain_clay_ball":20,"sophisticatedstorage:chest":3,"exdeorum:compressed_iron_hammer":3,"functionalstorage:copper_upgrade":1,"minecraft:white_wool":12,"minecraft:cobblestone":521,"torchmaster:feral_flare_lantern":1,"minecraft:armor_stand":2,"minecraft:stonecutter":1,"minecraft:white_bed":4,"thermal:device_rock_gen":1,"exdeorum:unfired_porcelain_bucket":1},"minecraft:picked_up":{"exdeorum:dust":2362,"minecraft:prismarine_shard":25,"minecraft:lead":4,"exdeorum:iron_ore_chunk":417,"minecraft:string":281,"minecraft:armor_stand":7,"thermal:sulfur":72,"minecraft:sea_pickle":20,"minecraft:bucket":2,"minecraft:redstone_torch":2,"minecraft:rose_bush":1,"xycraft_world:xychorium_gem_green":78,"minecraft:stick":82,"minecraft:torch":13,"xycraft_world:kivi_bricks":3,"minecraft:pointed_dripstone":759,"thermal:apatite":82,"pipez:wrench":1,"minecraft:cactus":67,"exdeorum:tin_ore_chunk":659,"xycraft_world:kivi":5,"mekanism:basic_fluid_tank":1,"minecraft:blaze_powder":95,"minecraft:cobblestone":5,"exdeorum:osmium_ore_chunk":201,"exdeorum:basalt_pebble":392,"minecraft:repeater":1,"enderio:grains_of_infinity":195,"minecraft:flint":2240,"minecraft:dirt":16,"ae2:charged_certus_quartz_crystal":6,"minecraft:lapis_lazuli":281,"exdeorum:nickel_ore_chunk":535,"minecraft:stonecutter":1,"minecraft:raw_gold":33,"minecraft:glowstone_dust":186,"minecraft:oak_planks":9,"xycraft_world:xychorium_gem_red":89,"ae2:certus_quartz_crystal":27,"exdeorum:flint_mesh":18,"minecraft:sand":2594,"integrateddynamics:squeezer":1,"sophisticatedbackpacks:iron_backpack":1,"minecraft:dead_bush":26,"xycraft_world:xychorium_gem_dark":83,"xycraft_world:xychorium_gem_light":89,"minecraft:clay":5,"minecraft:diamond":6,"minecraft:lever":3,"minecraft:bone_meal":258,"exdeorum:copper_ore_chunk":817,"minecraft:emerald":5,"minecraft:oak_sapling":127,"minecraft:oak_leaves":54,"functionalstorage:oak_1":2,"exdeorum:gold_ore_chunk":118,"minecraft:clay_ball":20,"thermal:cinnabar":65,"exdeorum:oak_barrel":1,"exdeorum:blackstone_pebble":493,"exdeorum:granite_pebble":528,"exdeorum:string_mesh":11,"xycraft_world:kivi_rajan":2,"exdeorum:zinc_ore_chunk":401,"minecraft:iron_nugget":143,"allthecompressed:cobblestone_1x":36,"minecraft:sugar_cane":11,"minecraft:raw_iron":2,"dankstorage:dank_2":2,"xycraft_world:smooth_kivi":2,"minecraft:carrot":36,"minecraft:redstone":238,"minecraft:prismarine_crystals":21,"exdeorum:silk_worm":11,"xycraft_world:xychorium_gem_blue":90,"ae2:certus_quartz_dust":170,"exdeorum:diorite_pebble":536,"everlastingabilities:ability_bottle":1,"exdeorum:andesite_pebble":613,"alltheores:raw_osmium":1,"minecraft:leather":3,"forcecraft:force_gem":64,"minecraft:oak_log":318,"minecraft:gunpowder":260,"mekanism:salt":159,"ae2:sky_dust":134,"minecraft:apple":11,"minecraft:kelp":32,"exdeorum:stone_pebble":3225,"exdeorum:oak_sieve":2,"minecraft:iron_ingot":49,"minecraft:iron_ore":24,"dankstorage:dank_1":1,"minecraft:oak_slab":10,"exdeorum:deepslate_pebble":501,"exdeorum:lead_ore_chunk":483,"allthecompressed:gravel_1x":2,"xycraft_world:kivi_tiles":7,"minecraft:gravel":4984,"minecraft:amethyst_shard":45,"minecraft:white_bed":6,"exdeorum:silver_ore_chunk":518,"forbidden_arcanus:arcane_crystal":53,"minecraft:pumpkin_seeds":1,"exdeorum:aluminum_ore_chunk":422,"mekanism:fluorite_gem":72,"minecraft:oak_button":1,"minecraft:melon_seeds":4,"minecraft:coal":989},"minecraft:broken":{"exdeorum:crook":9}},"DataVersion":3465}