{"stats":{"minecraft:used":{"mekanism:basic_fluid_tank":4,"rftoolspower:coalgenerator":1,"minecraft:chest":9,"minecraft:iron_sword":44,"allthecompressed:cobblestone_1x":1093,"ae2:smooth_sky_stone_stairs":3,"minecraft:carrot":144,"minecraft:obsidian":1,"integrateddynamics:squeezer":3,"minecraft:lava_bucket":5,"xycraft_world:kivi":6,"mekanismgenerators:wind_generator":3,"ironfurnaces:iron_furnace":5,"minecraft:repeater":7,"pipez:item_pipe":4,"minecraft:furnace":2,"minecraft:oak_sapling":29,"ae2:smooth_sky_stone_block":6,"minecraft:oak_planks":29,"minecraft:cactus":6,"ae2:smooth_sky_stone_slab":5,"minecraft:sugar_cane":13,"minecraft:clay":5,"minecraft:sand":474,"xycraft_world:kivi_bricks":3,"pickletweaks:emerald_sword":23,"minecraft:shears":219,"minecraft:redstone_torch":20,"minecraft:lever":3,"exdeorum:oak_barrel":7,"mekanism:crusher":1,"mekanism:metallurgic_infuser":2,"minecraft:gravel":5878,"minecraft:wooden_sword":25,"exdeorum:oak_crucible":2,"functionalstorage:oak_1":12,"pickletweaks:flint_pickaxe":9,"exdeorum:compressed_stone_hammer":791,"exmachinis:flux_sieve":1,"minecraft:coarse_dirt":128,"productivetrees:sawmill":2,"mekanism:enrichment_chamber":6,"mekanism:cardboard_box":9,"exdeorum:compressed_diamond_hammer":237,"minecraft:armor_stand":9,"minecraft:redstone":38,"exdeorum:crook":1346,"thermal:device_rock_gen":2,"sophisticatedstorage:gold_chest":1,"minecraft:torch":61,"minecraft:dirt":29,"cobblefordays:tier_2":1,"exdeorum:silk_worm":7,"functionalstorage:simple_compacting_drawer":1,"cobblefordays:tier_4":1,"minecraft:iron_hoe":1,"minecraft:wooden_axe":4,"minecraft:iron_axe":386,"utilitarian:snad":25,"ae2:sky_stone_block":4,"exdeorum:porcelain_crucible":2,"torchmaster:feral_flare_lantern":7,"exdeorum:stone_hammer":249,"constructionwand:diamond_wand":159,"exdeorum:oak_sieve":40,"exdeorum:compressed_iron_hammer":1328,"minecraft:water_bucket":8,"minecraft:stonecutter":1,"minecraft:cobblestone_slab":6,"minecraft:oak_slab":306,"minecraft:crafting_table":2,"xycraft_world:kivi_rajan":2,"minecraft:campfire":2,"minecraft:white_bed":16,"xycraft_world:smooth_kivi":1919,"exdeorum:stone_barrel":2,"exdeorum:dust":4756,"minecraft:wooden_hoe":7,"minecraft:diamond_pickaxe":271,"minecraft:apple":11,"xycraft_world:kivi_tiles":748,"allthecompressed:sand_1x":505,"allthecompressed:gravel_1x":574,"minecraft:cobblestone":320,"sophisticatedstorage:iron_chest":4,"minecraft:bucket":17,"pipez:energy_pipe":9},"minecraft:killed":{"minecraft:spider":2,"minecraft:skeleton":1,"minecraft:creeper":1,"minecraft:trader_llama":9,"minecraft:zombie":4,"minecraft:wandering_trader":3},"minecraft:picked_up":{"torchmaster:feral_flare_lantern":3,"exdeorum:dust":5603,"minecraft:prismarine_shard":25,"minecraft:lead":11,"cobblefordays:tier_4":1,"exdeorum:iron_ore_chunk":933,"minecraft:string":282,"pipez:energy_pipe":9,"minecraft:armor_stand":7,"alltheores:silver_ore":34,"thermal:sulfur":72,"minecraft:sea_pickle":20,"mysticalagriculture:inferium_essence":5,"minecraft:bucket":2,"minecraft:rose_bush":1,"minecraft:redstone_torch":18,"minecraft:cobblestone_slab":6,"xycraft_world:xychorium_gem_green":136,"minecraft:stick":82,"exdeorum:oak_crucible":1,"minecraft:torch":21,"xycraft_world:kivi_bricks":3,"minecraft:pointed_dripstone":759,"ae2:sky_stone_block":11,"thermal:apatite":82,"pipez:wrench":1,"minecraft:cactus":81,"exdeorum:tin_ore_chunk":1046,"xycraft_world:kivi":6,"supplementaries:ash":2,"mekanism:basic_fluid_tank":3,"minecraft:obsidian":1,"minecraft:blaze_powder":153,"minecraft:cobblestone":73,"exdeorum:osmium_ore_chunk":379,"exdeorum:basalt_pebble":392,"minecraft:repeater":6,"enderio:grains_of_infinity":304,"minecraft:flint":2830,"ae2:charged_certus_quartz_crystal":6,"minecraft:lapis_lazuli":568,"exdeorum:nickel_ore_chunk":805,"minecraft:dirt":112,"minecraft:glass":11,"minecraft:bone":1,"minecraft:stonecutter":1,"minecraft:raw_gold":33,"alltheores:tin_ore":62,"minecraft:glowstone_dust":288,"alltheores:nickel_ore":41,"minecraft:oak_planks":14,"ironfurnaces:iron_furnace":5,"silentgear:fine_silk":1,"mekanism:metallurgic_infuser":2,"xycraft_world:xychorium_gem_red":150,"ae2:certus_quartz_crystal":27,"exdeorum:flint_mesh":18,"minecraft:sand":5258,"integrateddynamics:squeezer":2,"sophisticatedbackpacks:iron_backpack":1,"minecraft:dead_bush":26,"alltheores:osmium_ore":29,"xycraft_world:xychorium_gem_dark":150,"xycraft_world:xychorium_gem_light":157,"thermal:device_rock_gen":1,"minecraft:clay":7,"minecraft:diamond":47,"minecraft:lever":3,"minecraft:bone_meal":394,"exdeorum:copper_ore_chunk":1264,"minecraft:emerald":41,"minecraft:oak_sapling":127,"minecraft:oak_leaves":273,"minecraft:diamond_pickaxe":1,"exdeorum:gold_ore_chunk":360,"functionalstorage:oak_1":6,"minecraft:charcoal":2,"minecraft:crafting_table":2,"minecraft:clay_ball":20,"thermal:cinnabar":65,"exdeorum:oak_barrel":4,"exdeorum:blackstone_pebble":493,"exdeorum:string_mesh":11,"exdeorum:granite_pebble":528,"xycraft_world:kivi_rajan":2,"exdeorum:iron_mesh":21,"exdeorum:zinc_ore_chunk":644,"minecraft:iron_nugget":216,"alltheores:aluminum_ore":41,"allthecompressed:cobblestone_1x":36,"minecraft:sugar_cane":62,"sophisticatedstorage:iron_chest":2,"minecraft:copper_ore":74,"minecraft:raw_iron":2,"exdeorum:porcelain_crucible":1,"minecraft:copper_ingot":20,"dankstorage:dank_2":2,"pipez:item_pipe":2,"xycraft_world:smooth_kivi":95,"productivetrees:sawmill":1,"minecraft:carrot":127,"minecraft:redstone":373,"exmachinis:flux_sieve":1,"minecraft:prismarine_crystals":21,"mekanism:crusher":1,"exdeorum:silk_worm":11,"minecraft:arrow":2,"xycraft_world:xychorium_gem_blue":145,"ae2:certus_quartz_dust":251,"exdeorum:diorite_pebble":536,"alltheores:lead_ore":33,"everlastingabilities:ability_bottle":1,"exdeorum:andesite_pebble":613,"minecraft:gold_ingot":52,"alltheores:raw_osmium":1,"mekanism:cardboard_box":9,"rftoolspower:coalgenerator":1,"minecraft:leather":12,"ae2:smooth_sky_stone_block":53,"forcecraft:force_gem":140,"minecraft:oak_log":349,"minecraft:gunpowder":416,"mekanism:enrichment_chamber":6,"mekanism:salt":363,"ae2:sky_dust":231,"exdeorum:oak_sieve":23,"minecraft:apple":11,"minecraft:kelp":32,"ae2:smooth_sky_stone_stairs":3,"exdeorum:stone_pebble":3225,"minecraft:iron_ingot":49,"minecraft:iron_ore":24,"dankstorage:dank_1":1,"minecraft:oak_slab":14,"exdeorum:deepslate_pebble":501,"exdeorum:lead_ore_chunk":702,"allthecompressed:gravel_1x":2,"xycraft_world:kivi_tiles":8,"minecraft:gravel":11495,"minecraft:amethyst_shard":219,"alltheores:zinc_ore":36,"minecraft:white_bed":13,"exdeorum:silver_ore_chunk":719,"mekanismgenerators:wind_generator":2,"forbidden_arcanus:arcane_crystal":124,"minecraft:pumpkin_seeds":1,"exdeorum:aluminum_ore_chunk":662,"utilitarian:snad":9,"mekanism:fluorite_gem":72,"minecraft:oak_button":1,"minecraft:melon_seeds":4,"minecraft:coal":1612},"minecraft:crafted":{"ae2:sky_stone_block":0,"minecraft:oak_planks":199,"minecraft:smooth_stone":0,"minecraft:cobblestone_slab":1,"minecraft:barrel":4,"exdeorum:iron_hammer":9,"alltheores:constantan_ingot":5,"sophisticatedstorage:gold_chest":2,"pipez:item_pipe":16,"minecraft:sand":1,"ae2:smooth_sky_stone_stairs":4,"minecraft:stone":16,"projecte:high_covalence_dust":40,"exdeorum:unfired_porcelain_crucible":1,"minecraft:lever":1,"projecte:repair_talisman":1,"minecraft:iron_bars":16,"minecraft:green_dye":0,"productivetrees:sawmill":1,"crafting_on_a_stick:stonecutter":1,"minecraft:glass":32,"minecraft:hopper":4,"minecraft:repeater":1,"xycraft_world:kivi_tiles":5,"allthecompressed:sand_1x":504,"minecraft:chest":28,"minecraft:copper_block":2,"mekanism:basic_fluid_tank":1,"exdeorum:stone_hammer":18,"ae2:smooth_sky_stone_slab":6,"mekanism:energy_tablet":2,"exdeorum:porcelain_crucible":1,"cobblefordays:tier_2":2,"xycraft_world:smooth_kivi":2,"integrateddynamics:squeezer":1,"minecraft:dropper":2,"minecraft:oak_slab":77,"sophisticatedbackpacks:backpack":1,"exdeorum:oak_barrel":3,"minecraft:crafting_table":1,"minecraft:gold_ore":1,"minecraft:gravel":64,"minecraft:copper_ingot":150,"minecraft:gold_block":8,"minecraft:campfire":2,"minecraft:diorite":3,"cobblefordays:tier_1":2,"exdeorum:oak_crucible":1,"thermal:redstone_servo":1,"minecraft:charcoal":13,"minecraft:paper":2,"minecraft:diamond_pickaxe":1,"exdeorum:porcelain_bucket":1,"exdeorum:flint_mesh":20,"minecraft:stick":51,"minecraft:stone_slab":6,"minecraft:iron_ingot":87,"minecraft:iron_pickaxe":1,"projecte:medium_covalence_dust":40,"minecraft:iron_block":17,"exdeorum:compressed_diamond_hammer":1,"minecraft:sandstone":11,"minecraft:iron_ore":15,"minecraft:gold_ingot":0,"exdeorum:oak_sieve":20,"minecraft:redstone_torch":10,"minecraft:fire_charge":6,"alltheores:constantan_gear":1,"minecraft:shears":1,"exmachinis:flux_sieve":2,"minecraft:coarse_dirt":32,"pickletweaks:emerald_sword":1,"minecraft:redstone":3,"functionalstorage:simple_compacting_drawer":1,"mekanismgenerators:wind_generator":1,"minecraft:smooth_stone_slab":6,"sophisticatedstorage:advanced_compacting_upgrade":1,"mekanism:cardboard_box":2,"sophisticatedstorage:iron_chest":5,"minecraft:furnace":2,"minecraft:piston":6,"allthecompressed:cobblestone_1x":50,"minecraft:glass_pane":16,"allthecompressed:gravel_1x":665,"sophisticatedstorage:copper_chest":1,"sophisticatedstorage:upgrade_base":1,"utilitarian:snad":17,"minecraft:iron_axe":1,"exdeorum:string_mesh":22,"minecraft:iron_hoe":1,"minecraft:redstone_block":21,"exdeorum:iron_mesh":20,"functionalstorage:oak_1":8,"dankstorage:dank_1":4,"sophisticatedbackpacks:iron_backpack":1,"dankstorage:dank_2":2,"pickletweaks:emerald_pickaxe":1,"constructionwand:diamond_wand":1,"exdeorum:stone_barrel":2,"alltheores:osmium_ingot":14,"exdeorum:diamond_hammer":11,"alltheores:nickel_ingot":0,"pickletweaks:flint_shears":2,"pipez:energy_pipe":16,"alltheores:invar_ingot":4,"minecraft:iron_sword":1,"pickletweaks:flint_pickaxe":1,"ironfurnaces:upgrade_iron":2,"ae2:smooth_sky_stone_block":0,"sophisticatedbackpacks:gold_backpack":1,"exdeorum:compressed_stone_hammer":19,"sophisticatedstorage:compacting_upgrade":1,"minecraft:bucket":3,"crafting_on_a_stick:crafting_table":1,"projecte:low_covalence_dust":40,"minecraft:air":4166,"cobblefordays:tier_3":1,"exdeorum:crook":14,"minecraft:blue_dye":3,"exdeorum:porcelain_clay_ball":20,"sophisticatedstorage:chest":3,"functionalstorage:copper_upgrade":1,"exdeorum:compressed_iron_hammer":3,"minecraft:white_wool":12,"minecraft:cobblestone":521,"torchmaster:feral_flare_lantern":4,"minecraft:armor_stand":2,"minecraft:stonecutter":2,"minecraft:white_bed":4,"exmachinis:flux_hammer":2,"thermal:device_rock_gen":1,"minecraft:torch":12,"dankstorage:dank_3":1,"exdeorum:unfired_porcelain_bucket":1,"cobblefordays:tier_4":1},"minecraft:mined":{"mekanismgenerators:wind_generator":1,"minecraft:white_bed":13,"minecraft:farmland":59,"minecraft:obsidian":1,"integrateddynamics:squeezer":2,"thermal:device_rock_gen":1,"torchmaster:feral_flare_lantern":3,"allthecompressed:sand_1x":504,"xycraft_world:kivi_tiles":13,"minecraft:iron_ore":2,"minecraft:fire":3,"xycraft_world:kivi_rajan":2,"cobblefordays:tier_4":1,"xycraft_world:smooth_kivi":107,"exdeorum:oak_sieve":22,"ae2:smooth_sky_stone_stairs":3,"pipez:energy_pipe":9,"mekanism:enrichment_chamber":3,"ironfurnaces:iron_furnace":5,"minecraft:clay":5,"minecraft:torch":10,"minecraft:chest":1,"minecraft:cobblestone":320,"minecraft:sugar_cane":10,"minecraft:oak_planks":27,"minecraft:wall_torch":8,"minecraft:repeater":6,"mekanism:cardboard_box":4,"exdeorum:dust":6,"minecraft:oak_log":129,"exdeorum:oak_barrel":4,"minecraft:sand":9,"minecraft:dirt":18,"allthecompressed:cobblestone_1x":1283,"minecraft:stonecutter":1,"minecraft:oak_leaves":1332,"exdeorum:oak_crucible":1,"sophisticatedstorage:iron_chest":2,"functionalstorage:oak_1":6,"minecraft:lever":3,"minecraft:redstone_wire":26,"productivetrees:sawmill":1,"minecraft:carrots":1,"rftoolspower:coalgenerator":1,"mekanism:basic_fluid_tank":3,"minecraft:cobblestone_slab":6,"xycraft_world:kivi_bricks":3,"ae2:sky_stone_block":4,"exdeorum:porcelain_crucible":1,"minecraft:redstone_wall_torch":17,"minecraft:oak_slab":306,"mekanism:crusher":1,"utilitarian:snad":9,"xycraft_world:kivi":6,"exdeorum:infested_leaves":400,"pipez:item_pipe":2,"exmachinis:flux_sieve":1,"minecraft:crafting_table":2,"allthecompressed:gravel_1x":574,"minecraft:rose_bush":1,"minecraft:campfire":1,"mekanism:metallurgic_infuser":2,"minecraft:cactus":6,"minecraft:gravel":7,"minecraft:oak_button":1,"ae2:smooth_sky_stone_block":6},"minecraft:dropped":{"sophisticatedbackpacks:iron_backpack":1,"minecraft:clay":2,"minecraft:iron_sword":1,"minecraft:lapis_lazuli":143,"pickletweaks:flint_shears":1,"exdeorum:zinc_ore_chunk":292,"exdeorum:copper_ore_chunk":705,"allthecompressed:gravel_1x":34,"minecraft:flint":1552,"alltheores:osmium_ingot":16,"exdeorum:gold_ore_chunk":25,"exmachinis:flux_sieve":2,"exdeorum:dust":206,"exdeorum:compressed_stone_hammer":1,"exdeorum:crook":2,"minecraft:wooden_sword":1,"minecraft:amethyst_shard":5,"minecraft:sand":128,"exdeorum:lead_ore_chunk":389,"minecraft:gold_ingot":54,"minecraft:gravel":398,"exdeorum:string_mesh":1,"pickletweaks:flint_pickaxe":1,"minecraft:pointed_dripstone":528,"minecraft:oak_planks":1,"minecraft:blaze_powder":1,"exdeorum:silver_ore_chunk":406,"mekanism:cardboard_box":1,"minecraft:white_bed":1,"projecte:medium_covalence_dust":38,"supplementaries:ash":1,"minecraft:chest":3,"minecraft:glass":8,"mekanism:fluorite_gem":3,"dankstorage:dank_2":2,"minecraft:iron_ingot":17,"minecraft:oak_slab":1,"dankstorage:dank_1":2,"minecraft:lead":1,"exdeorum:oak_sieve":1,"exdeorum:iron_ore_chunk":112,"exdeorum:osmium_ore_chunk":115,"minecraft:coal":622,"minecraft:stick":9,"exmachinis:flux_hammer":2,"minecraft:lava_bucket":2,"minecraft:green_dye":1,"exdeorum:silk_worm":1,"minecraft:wooden_axe":1,"minecraft:rose_bush":1,"minecraft:iron_axe":1,"minecraft:string":3,"cobblefordays:tier_4":1,"exdeorum:stone_pebble":64,"minecraft:bucket":2,"minecraft:redstone":29,"pipez:item_pipe":7,"exdeorum:nickel_ore_chunk":373,"pipez:energy_pipe":8,"projecte:high_covalence_dust":38,"exdeorum:tin_ore_chunk":540,"minecraft:diamond_pickaxe":2,"exdeorum:aluminum_ore_chunk":407,"exdeorum:porcelain_bucket":1,"minecraft:oak_sapling":18,"ae2:certus_quartz_dust":65,"projecte:low_covalence_dust":38,"pipez:wrench":1,"ae2:certus_quartz_crystal":2},"minecraft:broken":{"exdeorum:crook":9},"minecraft:custom":{"minecraft:interact_with_crafting_table":10,"minecraft:leave_game":3,"minecraft:time_since_death":540087,"minecraft:sprint_one_cm":283055,"minecraft:drop":257,"minecraft:talked_to_villager":1,"minecraft:play_time":540087,"minecraft:jump":3227,"minecraft:walk_on_water_one_cm":975,"minecraft:interact_with_furnace":201,"minecraft:sleep_in_bed":11,"minecraft:damage_dealt":5292,"tombstone:undead_killed":5,"minecraft:crouch_one_cm":97820,"tombstone:villager_killed":3,"minecraft:mob_kills":21,"minecraft:damage_dealt_resisted":0,"minecraft:walk_one_cm":1806247,"minecraft:sneak_time":29384,"minecraft:total_world_time":540087,"minecraft:interact_with_stonecutter":2,"minecraft:time_since_rest":124970,"minecraft:damage_taken":1685,"minecraft:use_wand":2061,"minecraft:fly_one_cm":642654,"minecraft:open_chest":708,"minecraft:fall_one_cm":161545}},"DataVersion":3465}