{"stats":{"minecraft:killed":{"minecraft:wandering_trader":1,"minecraft:trader_llama":2},"minecraft:custom":{"minecraft:mob_kills":3,"minecraft:interact_with_crafting_table":1,"minecraft:damage_dealt_resisted":0,"minecraft:leave_game":1,"minecraft:time_since_death":205336,"minecraft:sprint_one_cm":21137,"minecraft:walk_one_cm":629694,"minecraft:drop":219,"minecraft:play_time":205336,"minecraft:sneak_time":12533,"minecraft:jump":665,"minecraft:walk_on_water_one_cm":291,"minecraft:total_world_time":205336,"minecraft:interact_with_furnace":73,"minecraft:sleep_in_bed":2,"minecraft:time_since_rest":34451,"minecraft:damage_taken":525,"minecraft:damage_dealt":1048,"minecraft:fly_one_cm":24949,"minecraft:open_chest":242,"minecraft:crouch_one_cm":29001,"tombstone:villager_killed":1,"minecraft:fall_one_cm":10006},"minecraft:used":{"minecraft:armor_stand":7,"minecraft:redstone":13,"mekanism:basic_fluid_tank":2,"minecraft:chest":8,"exdeorum:crook":1293,"allthecompressed:cobblestone_1x":382,"minecraft:torch":12,"minecraft:dirt":9,"cobblefordays:tier_2":1,"minecraft:carrot":50,"exdeorum:silk_worm":7,"functionalstorage:simple_compacting_drawer":1,"integrateddynamics:squeezer":2,"minecraft:wooden_axe":4,"exdeorum:porcelain_crucible":1,"minecraft:repeater":1,"exdeorum:stone_hammer":249,"pipez:item_pipe":1,"minecraft:furnace":2,"minecraft:oak_sapling":25,"exdeorum:oak_sieve":19,"exdeorum:compressed_iron_hammer":54,"minecraft:water_bucket":2,"minecraft:oak_planks":27,"minecraft:clay":5,"minecraft:sand":8,"minecraft:oak_slab":306,"minecraft:campfire":1,"minecraft:white_bed":9,"minecraft:redstone_torch":2,"exdeorum:dust":1139,"minecraft:wooden_hoe":6,"minecraft:lever":3,"exdeorum:oak_barrel":4,"minecraft:apple":11,"allthecompressed:sand_1x":96,"allthecompressed:gravel_1x":109,"minecraft:gravel":1352,"minecraft:wooden_sword":25,"exdeorum:oak_crucible":1,"minecraft:cobblestone":293,"pickletweaks:flint_pickaxe":9,"minecraft:bucket":5,"exdeorum:compressed_stone_hammer":791,"minecraft:coarse_dirt":4},"minecraft:mined":{"minecraft:white_bed":6,"minecraft:farmland":1,"minecraft:lever":3,"integrateddynamics:squeezer":1,"minecraft:redstone_wire":1,"allthecompressed:sand_1x":96,"minecraft:iron_ore":2,"mekanism:basic_fluid_tank":1,"exdeorum:oak_sieve":1,"minecraft:oak_slab":14,"exdeorum:infested_leaves":347,"minecraft:clay":5,"minecraft:torch":2,"allthecompressed:gravel_1x":109,"minecraft:rose_bush":1,"minecraft:cobblestone":243,"minecraft:oak_planks":6,"minecraft:wall_torch":8,"exdeorum:dust":1,"minecraft:oak_log":126,"exdeorum:oak_barrel":1,"minecraft:gravel":6,"minecraft:sand":8,"minecraft:dirt":3,"allthecompressed:cobblestone_1x":645,"minecraft:oak_button":1,"minecraft:oak_leaves":1113},"minecraft:dropped":{"dankstorage:dank_2":2,"minecraft:iron_ingot":17,"dankstorage:dank_1":2,"minecraft:oak_slab":1,"minecraft:lapis_lazuli":143,"pickletweaks:flint_shears":1,"exdeorum:zinc_ore_chunk":292,"exdeorum:copper_ore_chunk":705,"exdeorum:oak_sieve":1,"allthecompressed:gravel_1x":34,"exdeorum:iron_ore_chunk":108,"exdeorum:osmium_ore_chunk":115,"minecraft:coal":622,"minecraft:stick":9,"minecraft:flint":1551,"alltheores:osmium_ingot":16,"exdeorum:gold_ore_chunk":24,"minecraft:lava_bucket":2,"exdeorum:dust":201,"exdeorum:silk_worm":1,"minecraft:wooden_axe":1,"minecraft:rose_bush":1,"exdeorum:compressed_stone_hammer":1,"minecraft:wooden_sword":1,"exdeorum:crook":2,"minecraft:amethyst_shard":5,"minecraft:sand":128,"minecraft:string":3,"exdeorum:stone_pebble":64,"minecraft:bucket":2,"exdeorum:lead_ore_chunk":389,"minecraft:redstone":29,"minecraft:gravel":398,"exdeorum:string_mesh":1,"pickletweaks:flint_pickaxe":1,"minecraft:pointed_dripstone":528,"minecraft:blaze_powder":1,"exdeorum:silver_ore_chunk":406,"minecraft:white_bed":1,"exdeorum:nickel_ore_chunk":373,"exdeorum:tin_ore_chunk":540,"exdeorum:aluminum_ore_chunk":407,"ae2:certus_quartz_dust":65,"minecraft:oak_sapling":18,"exdeorum:porcelain_bucket":1,"minecraft:glass":8,"pipez:wrench":1},"minecraft:crafted":{"minecraft:coarse_dirt":1,"minecraft:smooth_stone":0,"minecraft:oak_planks":172,"minecraft:redstone":3,"functionalstorage:simple_compacting_drawer":1,"minecraft:barrel":4,"exdeorum:iron_hammer":9,"minecraft:smooth_stone_slab":6,"pipez:item_pipe":16,"minecraft:furnace":2,"minecraft:piston":1,"minecraft:stone":16,"exdeorum:unfired_porcelain_crucible":1,"minecraft:lever":1,"allthecompressed:cobblestone_1x":43,"allthecompressed:gravel_1x":305,"minecraft:glass":25,"minecraft:repeater":1,"minecraft:iron_axe":1,"exdeorum:string_mesh":22,"allthecompressed:sand_1x":95,"minecraft:chest":9,"mekanism:basic_fluid_tank":1,"minecraft:redstone_block":19,"exdeorum:iron_mesh":9,"exdeorum:stone_hammer":18,"exdeorum:porcelain_crucible":1,"functionalstorage:oak_1":1,"dankstorage:dank_1":4,"cobblefordays:tier_2":1,"dankstorage:dank_2":2,"integrateddynamics:squeezer":1,"minecraft:dropper":2,"minecraft:oak_slab":77,"alltheores:osmium_ingot":13,"exdeorum:oak_barrel":3,"minecraft:crafting_table":1,"minecraft:gold_ore":1,"pickletweaks:flint_shears":2,"minecraft:iron_sword":1,"pickletweaks:flint_pickaxe":1,"ironfurnaces:upgrade_iron":1,"exdeorum:compressed_stone_hammer":19,"minecraft:bucket":3,"minecraft:campfire":1,"crafting_on_a_stick:crafting_table":1,"projecte:low_covalence_dust":40,"minecraft:air":2348,"minecraft:diorite":3,"cobblefordays:tier_1":1,"exdeorum:crook":14,"exdeorum:oak_crucible":1,"exdeorum:porcelain_clay_ball":20,"sophisticatedstorage:chest":2,"exdeorum:compressed_iron_hammer":1,"minecraft:white_wool":12,"exdeorum:porcelain_bucket":1,"minecraft:charcoal":13,"minecraft:cobblestone":521,"exdeorum:flint_mesh":18,"minecraft:stick":47,"minecraft:iron_ingot":48,"minecraft:iron_pickaxe":1,"projecte:medium_covalence_dust":40,"minecraft:iron_block":1,"minecraft:armor_stand":2,"minecraft:iron_ore":15,"minecraft:gold_ingot":0,"minecraft:sandstone":11,"exdeorum:oak_sieve":18,"minecraft:white_bed":4,"minecraft:redstone_torch":10,"exdeorum:unfired_porcelain_bucket":1},"minecraft:picked_up":{"exdeorum:gold_ore_chunk":76,"exdeorum:dust":1345,"minecraft:clay_ball":20,"minecraft:lead":4,"exdeorum:iron_ore_chunk":302,"exdeorum:oak_barrel":1,"exdeorum:blackstone_pebble":493,"minecraft:string":249,"exdeorum:string_mesh":11,"exdeorum:granite_pebble":528,"minecraft:armor_stand":5,"minecraft:bucket":2,"minecraft:rose_bush":1,"exdeorum:zinc_ore_chunk":359,"allthecompressed:cobblestone_1x":36,"minecraft:sugar_cane":1,"xycraft_world:xychorium_gem_green":26,"minecraft:stick":82,"minecraft:raw_iron":2,"dankstorage:dank_2":2,"minecraft:torch":10,"minecraft:pointed_dripstone":759,"minecraft:carrot":36,"minecraft:redstone":110,"pipez:wrench":1,"exdeorum:silk_worm":10,"xycraft_world:xychorium_gem_blue":43,"ae2:certus_quartz_dust":92,"exdeorum:diorite_pebble":536,"exdeorum:tin_ore_chunk":589,"everlastingabilities:ability_bottle":1,"exdeorum:andesite_pebble":613,"alltheores:raw_osmium":1,"mekanism:basic_fluid_tank":1,"minecraft:blaze_powder":47,"minecraft:cobblestone":4,"exdeorum:osmium_ore_chunk":168,"exdeorum:basalt_pebble":392,"minecraft:leather":3,"enderio:grains_of_infinity":103,"minecraft:flint":2005,"minecraft:oak_log":313,"minecraft:gunpowder":145,"minecraft:lapis_lazuli":223,"exdeorum:nickel_ore_chunk":470,"minecraft:dirt":16,"ae2:sky_dust":67,"minecraft:apple":11,"minecraft:raw_gold":33,"exdeorum:oak_sieve":2,"exdeorum:stone_pebble":3225,"minecraft:iron_ingot":49,"minecraft:iron_ore":24,"minecraft:glowstone_dust":90,"minecraft:oak_planks":6,"dankstorage:dank_1":1,"minecraft:oak_slab":4,"exdeorum:deepslate_pebble":501,"exdeorum:lead_ore_chunk":440,"allthecompressed:gravel_1x":2,"xycraft_world:xychorium_gem_red":48,"exdeorum:flint_mesh":9,"minecraft:gravel":4984,"minecraft:sand":1072,"integrateddynamics:squeezer":1,"minecraft:amethyst_shard":27,"minecraft:white_bed":6,"exdeorum:silver_ore_chunk":472,"xycraft_world:xychorium_gem_dark":38,"xycraft_world:xychorium_gem_light":46,"minecraft:pumpkin_seeds":1,"minecraft:clay":5,"exdeorum:aluminum_ore_chunk":375,"minecraft:lever":3,"minecraft:bone_meal":135,"exdeorum:copper_ore_chunk":737,"minecraft:oak_button":1,"minecraft:oak_sapling":127,"minecraft:melon_seeds":4,"minecraft:coal":823,"minecraft:oak_leaves":54},"minecraft:broken":{"exdeorum:crook":9}},"DataVersion":3465}