{"stats":{"minecraft:custom":{"minecraft:interact_with_furnace":22,"minecraft:time_since_death":102472,"minecraft:time_since_rest":102472,"minecraft:sprint_one_cm":8587,"minecraft:walk_one_cm":291457,"minecraft:damage_taken":110,"minecraft:drop":39,"minecraft:fly_one_cm":10264,"minecraft:open_chest":107,"minecraft:crouch_one_cm":21893,"minecraft:play_time":102472,"minecraft:sneak_time":10101,"minecraft:jump":174,"minecraft:total_world_time":102472,"minecraft:fall_one_cm":3541},"minecraft:picked_up":{"exdeorum:gold_ore_chunk":21,"exdeorum:osmium_ore_chunk":16,"exdeorum:basalt_pebble":392,"exdeorum:dust":284,"minecraft:clay_ball":20,"enderio:grains_of_infinity":13,"exdeorum:iron_ore_chunk":74,"minecraft:flint":168,"minecraft:oak_log":152,"minecraft:gunpowder":28,"minecraft:string":112,"exdeorum:blackstone_pebble":493,"exdeorum:nickel_ore_chunk":31,"minecraft:lapis_lazuli":30,"minecraft:dirt":16,"exdeorum:granite_pebble":528,"exdeorum:string_mesh":11,"ae2:sky_dust":23,"minecraft:apple":8,"exdeorum:stone_pebble":3225,"exdeorum:oak_sieve":2,"minecraft:rose_bush":1,"exdeorum:zinc_ore_chunk":19,"allthecompressed:cobblestone_1x":36,"minecraft:glowstone_dust":26,"minecraft:sugar_cane":1,"xycraft_world:xychorium_gem_green":9,"minecraft:oak_planks":1,"minecraft:oak_slab":3,"minecraft:stick":56,"exdeorum:deepslate_pebble":501,"exdeorum:lead_ore_chunk":44,"xycraft_world:xychorium_gem_red":7,"minecraft:torch":8,"minecraft:gravel":2389,"minecraft:sand":359,"minecraft:amethyst_shard":12,"minecraft:pointed_dripstone":82,"minecraft:carrot":36,"minecraft:redstone":17,"exdeorum:silver_ore_chunk":32,"xycraft_world:xychorium_gem_dark":5,"exdeorum:silk_worm":2,"xycraft_world:xychorium_gem_light":5,"minecraft:pumpkin_seeds":1,"minecraft:clay":5,"exdeorum:aluminum_ore_chunk":30,"ae2:certus_quartz_dust":14,"xycraft_world:xychorium_gem_blue":9,"exdeorum:diorite_pebble":536,"exdeorum:tin_ore_chunk":33,"minecraft:bone_meal":30,"everlastingabilities:ability_bottle":1,"exdeorum:andesite_pebble":613,"exdeorum:copper_ore_chunk":45,"minecraft:oak_sapling":101,"minecraft:melon_seeds":4,"minecraft:coal":74,"minecraft:oak_leaves":54,"minecraft:blaze_powder":5},"minecraft:broken":{"exdeorum:crook":6},"minecraft:crafted":{"minecraft:oak_slab":56,"minecraft:oak_planks":115,"functionalstorage:simple_compacting_drawer":1,"minecraft:barrel":4,"exdeorum:oak_barrel":3,"minecraft:crafting_table":1,"pickletweaks:flint_shears":2,"minecraft:furnace":2,"pickletweaks:flint_pickaxe":1,"minecraft:piston":1,"minecraft:stone":16,"exdeorum:unfired_porcelain_crucible":1,"exdeorum:compressed_stone_hammer":7,"minecraft:bucket":2,"allthecompressed:cobblestone_1x":33,"crafting_on_a_stick:crafting_table":1,"minecraft:campfire":1,"cobblefordays:tier_1":1,"minecraft:diorite":3,"minecraft:air":1486,"exdeorum:crook":9,"allthecompressed:gravel_1x":68,"exdeorum:oak_crucible":1,"exdeorum:porcelain_clay_ball":20,"minecraft:glass":25,"exdeorum:porcelain_bucket":1,"minecraft:charcoal":11,"minecraft:cobblestone":521,"exdeorum:string_mesh":10,"exdeorum:flint_mesh":10,"minecraft:stick":12,"minecraft:iron_ingot":8,"allthecompressed:sand_1x":31,"minecraft:sandstone":11,"minecraft:chest":7,"minecraft:iron_ore":15,"exdeorum:oak_sieve":18,"exdeorum:stone_hammer":9,"functionalstorage:oak_1":1,"exdeorum:porcelain_crucible":1,"dankstorage:dank_1":4,"cobblefordays:tier_2":1,"exdeorum:unfired_porcelain_bucket":1,"minecraft:coarse_dirt":1},"minecraft:dropped":{"minecraft:gravel":142,"minecraft:oak_slab":1,"dankstorage:dank_1":2,"exdeorum:string_mesh":1,"pickletweaks:flint_shears":1,"exdeorum:oak_sieve":1,"exdeorum:iron_ore_chunk":11,"allthecompressed:gravel_1x":34,"exdeorum:gold_ore_chunk":6,"minecraft:flint":3,"exdeorum:silk_worm":1,"minecraft:wooden_axe":1,"minecraft:rose_bush":1,"exdeorum:porcelain_bucket":1,"minecraft:oak_sapling":18,"exdeorum:crook":2,"exdeorum:stone_pebble":64},"minecraft:used":{"exdeorum:oak_sieve":19,"minecraft:water_bucket":2,"minecraft:oak_planks":22,"minecraft:chest":6,"allthecompressed:cobblestone_1x":116,"exdeorum:crook":840,"minecraft:clay":5,"minecraft:torch":11,"minecraft:sand":8,"minecraft:dirt":9,"cobblefordays:tier_2":1,"minecraft:oak_slab":262,"minecraft:carrot":30,"minecraft:campfire":1,"exdeorum:silk_worm":1,"functionalstorage:simple_compacting_drawer":1,"minecraft:wooden_hoe":6,"exdeorum:dust":279,"minecraft:wooden_axe":4,"exdeorum:oak_barrel":3,"minecraft:apple":7,"allthecompressed:sand_1x":31,"allthecompressed:gravel_1x":39,"minecraft:gravel":615,"exdeorum:porcelain_crucible":1,"exdeorum:oak_crucible":1,"minecraft:cobblestone":239,"exdeorum:stone_hammer":249,"minecraft:oak_sapling":16,"minecraft:furnace":2,"minecraft:bucket":5,"exdeorum:compressed_stone_hammer":315,"minecraft:coarse_dirt":4},"minecraft:mined":{"minecraft:oak_slab":12,"minecraft:farmland":1,"exdeorum:infested_leaves":50,"minecraft:clay":5,"allthecompressed:gravel_1x":39,"minecraft:rose_bush":1,"minecraft:cobblestone":239,"minecraft:oak_planks":1,"minecraft:wall_torch":8,"allthecompressed:sand_1x":31,"minecraft:oak_log":59,"minecraft:sand":8,"minecraft:gravel":5,"minecraft:dirt":3,"exdeorum:oak_sieve":1,"allthecompressed:cobblestone_1x":245,"minecraft:oak_leaves":957}},"DataVersion":3465}