{"stats":{"minecraft:killed":{"minecraft:spider":1,"productivebees:ashy_mining_bee":1,"naturalist:tortoise":1,"minecraft:creeper":2,"minecraft:zombie":2,"eidolon:zombie_brute":1},"minecraft:picked_up":{"minecraft:copper_block":2,"minecraft:oak_log":15,"minecraft:gunpowder":2,"minecraft:string":2,"minecraft:dirt":4,"croptopia:olive":2,"minecraft:smooth_sandstone":28,"minecraft:bone":1,"minecraft:wheat_seeds":1,"mysticalagriculture:inferium_essence":3,"minecraft:comparator":1,"minecraft:glowstone_dust":3,"twigs:twig":1,"minecraft:sugar_cane":25,"thermal:oil_red_sand":17,"minecraft:book":12,"apotheosis:gem":2,"minecraft:green_bed":1,"minecraft:torch":3,"croptopia:ginger":1,"croptopia:olive_seed":1,"minecraft:chiseled_sandstone":8,"crafting_on_a_stick:crafting_table":1,"minecraft:cactus":10,"minecraft:rotten_flesh":4,"immersiveengineering:seed":3,"minecraft:spruce_sign":1,"minecraft:oak_sapling":1,"minecraft:bone_block":6,"minecraft:cobblestone":53},"minecraft:crafted":{"minecraft:oak_planks":15,"minecraft:crafting_table":2,"minecraft:wooden_pickaxe":1,"crafting_on_a_stick:crafting_table":1,"minecraft:air":60,"minecraft:stick":10,"minecraft:stone_pickaxe":1,"minecraft:stone_sword":1},"minecraft:dropped":{"minecraft:spruce_sign":1,"croptopia:ginger":1,"minecraft:crafting_table":1,"croptopia:olive":1,"crafting_on_a_stick:crafting_table":1,"apotheosis:gem":1,"minecraft:oak_sapling":1},"minecraft:custom":{"lootr:looted_stat":2,"minecraft:mob_kills":8,"minecraft:damage_dealt_resisted":0,"minecraft:leave_game":1,"minecraft:time_since_death":16506,"minecraft:time_since_rest":16290,"minecraft:sprint_one_cm":71176,"minecraft:damage_taken":1140,"minecraft:walk_one_cm":103565,"minecraft:drop":7,"minecraft:damage_dealt":2167,"minecraft:swim_one_cm":21445,"minecraft:fly_one_cm":135572,"minecraft:open_chest":4,"minecraft:crouch_one_cm":115,"minecraft:play_time":38917,"tombstone:undead_killed":3,"minecraft:deaths":2,"minecraft:sneak_time":33,"minecraft:walk_under_water_one_cm":2941,"minecraft:jump":581,"minecraft:walk_on_water_one_cm":6939,"minecraft:total_world_time":38917,"minecraft:fall_one_cm":9650},"minecraft:broken":{"minecraft:wooden_pickaxe":1},"minecraft:used":{"minecraft:stone_sword":52,"minecraft:stone_pickaxe":22,"minecraft:wooden_pickaxe":59,"minecraft:torch":3,"minecraft:dirt":3,"minecraft:cobblestone":4,"minecraft:cooked_beef":6},"minecraft:mined":{"minecraft:large_amethyst_bud":2,"minecraft:comparator":1,"minecraft:torch":1,"biomesoplenty:bush":6,"minecraft:grass_block":3,"minecraft:sugar_cane":11,"thermal:oil_red_sand":17,"minecraft:cactus":6,"minecraft:glowstone":1,"minecraft:copper_block":2,"minecraft:grass":8,"minecraft:bookshelf":4,"minecraft:oak_log":15,"minecraft:dirt":1,"minecraft:stone":53,"minecraft:bone_block":6,"minecraft:green_bed":1},"minecraft:killed_by":{"minecraft:player":1,"minecraft:creeper":1}},"DataVersion":3465}