{"stats":{"minecraft:killed":{"eidolon:zombie_brute":1,"minecraft:spider":1,"naturalist:tortoise":1,"minecraft:creeper":2},"minecraft:crafted":{"minecraft:oak_planks":15,"minecraft:crafting_table":1,"minecraft:stick":6,"minecraft:wooden_pickaxe":1,"minecraft:stone_pickaxe":1,"minecraft:stone_sword":1,"crafting_on_a_stick:crafting_table":1,"minecraft:air":60},"minecraft:dropped":{"crafting_on_a_stick:crafting_table":1,"croptopia:ginger":1},"minecraft:picked_up":{"apotheosis:gem":1,"minecraft:torch":2,"croptopia:ginger":1,"minecraft:oak_log":15,"minecraft:gunpowder":2,"minecraft:string":2,"minecraft:dirt":4,"crafting_on_a_stick:crafting_table":1,"minecraft:bone":1,"minecraft:cactus":10,"minecraft:rotten_flesh":4,"mysticalagriculture:inferium_essence":1,"minecraft:glowstone_dust":3,"minecraft:oak_sapling":1,"twigs:twig":1,"minecraft:sugar_cane":25,"minecraft:bone_block":6,"minecraft:cobblestone":53},"minecraft:custom":{"minecraft:time_since_rest":17695,"minecraft:sprint_one_cm":26500,"minecraft:damage_taken":70,"minecraft:walk_one_cm":51150,"minecraft:mob_kills":5,"minecraft:drop":2,"minecraft:damage_dealt":867,"minecraft:swim_one_cm":3457,"minecraft:fly_one_cm":58358,"minecraft:play_time":17695,"tombstone:undead_killed":1,"minecraft:sneak_time":6,"minecraft:walk_under_water_one_cm":516,"minecraft:jump":238,"minecraft:time_since_death":17695,"minecraft:walk_on_water_one_cm":813,"minecraft:total_world_time":17695,"minecraft:fall_one_cm":4983},"minecraft:broken":{"minecraft:wooden_pickaxe":1},"minecraft:used":{"minecraft:stone_sword":23,"minecraft:wooden_pickaxe":59,"minecraft:dirt":3,"minecraft:cooked_beef":2},"minecraft:mined":{"minecraft:cactus":6,"minecraft:glowstone":1,"minecraft:grass":1,"biomesoplenty:bush":3,"minecraft:grass_block":3,"minecraft:oak_log":15,"minecraft:dirt":1,"minecraft:stone":53,"minecraft:bone_block":6,"minecraft:sugar_cane":11}},"DataVersion":3465}