{"stats":{"minecraft:custom":{"minecraft:interact_with_furnace":8,"minecraft:time_since_death":66472,"minecraft:time_since_rest":66472,"minecraft:sprint_one_cm":5483,"minecraft:walk_one_cm":191875,"minecraft:damage_taken":70,"minecraft:drop":25,"minecraft:fly_one_cm":6464,"minecraft:open_chest":42,"minecraft:crouch_one_cm":21249,"minecraft:play_time":66472,"minecraft:sneak_time":9477,"minecraft:jump":112,"minecraft:total_world_time":66472,"minecraft:fall_one_cm":2304},"minecraft:picked_up":{"exdeorum:gold_ore_chunk":1,"exdeorum:osmium_ore_chunk":3,"exdeorum:basalt_pebble":392,"exdeorum:dust":284,"minecraft:clay_ball":20,"enderio:grains_of_infinity":13,"exdeorum:iron_ore_chunk":24,"minecraft:flint":44,"minecraft:oak_log":111,"minecraft:gunpowder":28,"minecraft:string":94,"exdeorum:blackstone_pebble":493,"exdeorum:nickel_ore_chunk":6,"minecraft:lapis_lazuli":9,"minecraft:dirt":9,"exdeorum:granite_pebble":528,"exdeorum:string_mesh":11,"ae2:sky_dust":23,"minecraft:apple":5,"exdeorum:stone_pebble":3225,"exdeorum:oak_sieve":2,"minecraft:rose_bush":1,"exdeorum:zinc_ore_chunk":4,"allthecompressed:cobblestone_1x":36,"minecraft:glowstone_dust":26,"minecraft:sugar_cane":1,"xycraft_world:xychorium_gem_green":9,"minecraft:oak_planks":1,"minecraft:oak_slab":2,"minecraft:stick":28,"exdeorum:deepslate_pebble":501,"exdeorum:lead_ore_chunk":9,"xycraft_world:xychorium_gem_red":7,"minecraft:torch":8,"minecraft:gravel":500,"minecraft:sand":314,"minecraft:amethyst_shard":2,"minecraft:pointed_dripstone":22,"minecraft:carrot":25,"minecraft:redstone":17,"exdeorum:silver_ore_chunk":8,"xycraft_world:xychorium_gem_dark":5,"exdeorum:silk_worm":1,"xycraft_world:xychorium_gem_light":5,"minecraft:pumpkin_seeds":1,"minecraft:clay":5,"exdeorum:aluminum_ore_chunk":11,"ae2:certus_quartz_dust":14,"xycraft_world:xychorium_gem_blue":9,"exdeorum:diorite_pebble":536,"exdeorum:tin_ore_chunk":7,"minecraft:bone_meal":30,"everlastingabilities:ability_bottle":1,"exdeorum:andesite_pebble":613,"exdeorum:copper_ore_chunk":13,"minecraft:oak_sapling":47,"minecraft:melon_seeds":4,"minecraft:coal":21,"minecraft:oak_leaves":54,"minecraft:blaze_powder":5},"minecraft:broken":{"exdeorum:crook":2},"minecraft:crafted":{"minecraft:oak_slab":48,"minecraft:oak_planks":105,"minecraft:barrel":1,"exdeorum:oak_barrel":3,"minecraft:crafting_table":1,"pickletweaks:flint_shears":2,"minecraft:furnace":1,"exdeorum:unfired_porcelain_crucible":1,"exdeorum:compressed_stone_hammer":1,"minecraft:bucket":2,"allthecompressed:cobblestone_1x":26,"crafting_on_a_stick:crafting_table":1,"minecraft:diorite":3,"minecraft:air":1341,"exdeorum:crook":4,"allthecompressed:gravel_1x":29,"exdeorum:oak_crucible":1,"exdeorum:porcelain_clay_ball":20,"minecraft:glass":25,"minecraft:charcoal":11,"minecraft:cobblestone":516,"exdeorum:string_mesh":10,"exdeorum:flint_mesh":9,"minecraft:stick":12,"minecraft:iron_ingot":6,"allthecompressed:sand_1x":31,"minecraft:chest":4,"minecraft:iron_ore":6,"exdeorum:oak_sieve":9,"exdeorum:stone_hammer":9,"dankstorage:dank_1":1},"minecraft:dropped":{"minecraft:gravel":14,"exdeorum:string_mesh":1,"pickletweaks:flint_shears":1,"exdeorum:oak_sieve":1,"minecraft:flint":1,"exdeorum:silk_worm":1,"minecraft:wooden_axe":1,"minecraft:rose_bush":1,"minecraft:oak_sapling":18,"exdeorum:crook":2,"exdeorum:stone_pebble":64},"minecraft:used":{"exdeorum:oak_sieve":10,"minecraft:water_bucket":2,"minecraft:oak_planks":18,"minecraft:chest":4,"allthecompressed:cobblestone_1x":29,"exdeorum:crook":287,"minecraft:clay":5,"minecraft:torch":11,"minecraft:sand":8,"minecraft:dirt":9,"minecraft:oak_slab":261,"minecraft:carrot":12,"minecraft:wooden_hoe":1,"exdeorum:dust":279,"minecraft:wooden_axe":4,"exdeorum:oak_barrel":3,"minecraft:apple":5,"allthecompressed:sand_1x":31,"allthecompressed:gravel_1x":34,"minecraft:gravel":177,"exdeorum:oak_crucible":1,"minecraft:cobblestone":239,"exdeorum:stone_hammer":249,"minecraft:oak_sapling":7,"minecraft:furnace":1,"minecraft:bucket":5,"exdeorum:compressed_stone_hammer":94},"minecraft:mined":{"minecraft:oak_slab":11,"minecraft:clay":5,"allthecompressed:gravel_1x":34,"minecraft:rose_bush":1,"minecraft:cobblestone":239,"minecraft:oak_planks":1,"minecraft:wall_torch":8,"allthecompressed:sand_1x":31,"minecraft:oak_log":18,"minecraft:sand":8,"minecraft:gravel":5,"exdeorum:oak_sieve":1,"allthecompressed:cobblestone_1x":29,"minecraft:oak_leaves":454}},"DataVersion":3465}