{"stat.pickup.minecraft.bone":22,"stat.leaveGame":3,"stat.pickup.minecraft.stone_pickaxe":1,"stat.pickup.primal_tech.stone_grill":2,"stat.drop.death_compass.death_compass":6,"stat.swimOneCm":172345,"stat.pickup.minecraft.cooked_porkchop":1,"stat.drop.minecraft.feather":6,"stat.pickup.minecraft.porkchop":21,"stat.useItem.minecraft.dirt":10,"stat.useItem.primal.flint_hatchet":61,"stat.pickup.minecraft.rotten_flesh":3,"stat.pickup.minecraft.sand":1,"stat.useItem.betterwithmods.mystery_meat":2,"stat.pickup.animalium.rat_meat":1,"stat.pickup.minecraft.cobblestone":29,"stat.drop.ferdinandsflowers.block_cff_flowers":11,"stat.drop.betterwithmods.hemp":2,"stat.mineBlock.chisel.limestone2":3,"stat.flyOneCm":209990,"stat.pickup.minecraft.fish":3,"stat.useItem.minecraft.cooked_beef":3,"stat.pickup.death_compass.death_compass":2,"stat.useItem.primal_tech.fire_sticks":3,"stat.timeSinceDeath":11836,"stat.drop.minecraft.log":6,"stat.pickup.primal.hide_raw":1,"stat.pickup.minecraft.double_plant":1,"stat.mineBlock.chisel.marble2":6,"stat.drop.minecraft.dirt":2,"stat.useItem.minecraft.cooked_porkchop":2,"stat.drop.minecraft.red_flower":21,"stat.pickup.primal.pelt_pig":10,"stat.mineBlock.minecraft.grass":4,"stat.pickup.minecraft.beef":31,"stat.craftItem.primal_tech.work_stump":1,"stat.killEntity.rat":1,"stat.pickup.primal_tech.charcoal_block":1,"stat.sprintOneCm":248270,"stat.pickup.primal.pelt_cow":17,"stat.pickup.primal_tech.rock":1,"stat.useItem.minecraft.carrot":1,"stat.entityKilledBy.Creeper":1,"stat.useItem.minecraft.beef":6,"stat.mineBlock.traverse.orange_autumnal_leaves":16,"stat.pickup.primal.plant_cordage":1,"stat.deaths":4,"stat.drop":39,"stat.craftItem.primal.flint_hatchet":1,"stat.playOneMinute":93330,"stat.pickup.betterwithmods.mystery_meat":1,"stat.pickup.ferdinandsflowers.block_cff_flowers":11,"stat.killEntity.Zombie":5,"stat.pickup.chisel.marble2":12,"stat.mineBlock.minecraft.tallgrass":96,"stat.diveOneCm":90475,"stat.craftItem.primal.plant_cordage":17,"stat.mineBlock.traverse.red_autumnal_leaves":1,"stat.useItem.minecraft.fish":3,"stat.pickup.minecraft.gravel":16,"stat.killEntity.salmon":3,"stat.useItem.minecraft.chicken":1,"stat.pickup.minecraft.stone_axe":1,"stat.craftItem.minecraft.flint":8,"stat.craftItem.pickletweaks.grass_mesh":1,"stat.useItem.minecraft.porkchop":3,"stat.useItem.immcraft.rock":1,"stat.jump":1038,"stat.pickup.betterwithmods.hemp":3,"stat.pickup.immcraft.rock":12,"stat.pickup.primal.flint_pickaxe":2,"stat.fallOneCm":22823,"stat.drop.ferdinandsflowers.block_cff_flowerse":2,"stat.useItem.primal.flint_axe":33,"stat.pickup.minecraft.carrot":2,"stat.useItem.minecraft.stone_axe":1,"stat.crouchOneCm":1298,"stat.pickup.minecraft.dirt":23,"stat.mineBlock.immcraft.rock":6,"stat.pickup.primal.plant_fiber":80,"stat.damageTaken":1550,"stat.pickup.minecraft.feather":9,"stat.mineBlock.geolosys.ore_sample":2,"stat.drop.minecraft.bone":2,"stat.mineBlock.minecraft.red_flower":1,"stat.pickup.primal.flint_knapp":6,"stat.entityKilledBy.piranha":3,"stat.pickup.minecraft.reeds":7,"stat.pickup.chisel.limestone2":3,"stat.mineBlock.primal.ferro_stone":3,"stat.mineBlock.minecraft.gravel":16,"stat.mineBlock.primal_tech.stone_grill":1,"stat.mineBlock.primal_tech.work_stump":6,"stat.useItem.minecraft.stone_sword":62,"stat.mineBlock.primal_tech.charcoal_block":1,"stat.damageDealt":4024,"stat.killEntity.Cow":14,"stat.mineBlock.minecraft.dirt":12,"stat.craftItem.horsepower.chopping_block":1,"stat.drop.primal.plant_fiber":3,"stat.killEntity.Pig":10,"stat.useItem.minecraft.air":15,"stat.walkOneCm":239521,"stat.pickup.minecraft.stick":21,"stat.drop.primal.pelt_cow":2,"stat.useItem.minecraft.log":1,"stat.useItem.minecraft.cobblestone":2,"stat.killEntity.piranha":1,"stat.pickup.primal.flint_axe":1,"stat.pickup.minecraft.log":26,"stat.craftItem.primal_tech.fire_sticks":2,"stat.drop.chisel.marble2":4,"stat.pickup.minecraft.stone":3,"stat.pickup.minecraft.chicken":1,"stat.pickup.minecraft.beetroot":1,"stat.pickup.primal.ferro_stone":3,"stat.useItem.primal.flint_pickaxe":44,"stat.killEntity.Chicken":2,"stat.pickup.minecraft.stone_sword":1,"stat.mobKills":34,"stat.mineBlock.minecraft.log":23,"stat.pickup.primal_tech.work_stump":6,"stat.mineBlock.minecraft.leaves":1,"stat.pickup.minecraft.beetroot_seeds":3,"stat.drop.primal.flint_pickaxe":1,"stat.pickup.minecraft.torch":2,"stat.pickup.minecraft.red_flower":28,"stat.sneakTime":859,"stat.pickup.ferdinandsflowers.block_cff_flowerse":2,"stat.mineBlock.minecraft.stone":35,"stat.mineBlock.immcraft.sticks":1,"stat.useItem.minecraft.beetroot":1}