{"stats":{"minecraft:killed":{"minecraft:zombie":2,"eidolon:zombie_brute":1,"minecraft:spider":1,"naturalist:tortoise":1,"minecraft:creeper":2},"minecraft:crafted":{"minecraft:oak_planks":15,"minecraft:crafting_table":2,"minecraft:stick":10,"minecraft:wooden_pickaxe":1,"minecraft:stone_pickaxe":1,"minecraft:stone_sword":1,"crafting_on_a_stick:crafting_table":1,"minecraft:air":60},"minecraft:dropped":{"crafting_on_a_stick:crafting_table":1,"croptopia:ginger":1,"minecraft:crafting_table":1},"minecraft:picked_up":{"apotheosis:gem":1,"minecraft:torch":3,"croptopia:ginger":1,"croptopia:olive_seed":1,"minecraft:oak_log":15,"minecraft:gunpowder":2,"minecraft:chiseled_sandstone":8,"minecraft:dirt":4,"minecraft:string":2,"crafting_on_a_stick:crafting_table":1,"croptopia:olive":1,"minecraft:smooth_sandstone":28,"minecraft:bone":1,"minecraft:cactus":10,"minecraft:rotten_flesh":4,"immersiveengineering:seed":3,"mysticalagriculture:inferium_essence":2,"minecraft:glowstone_dust":3,"minecraft:oak_sapling":1,"twigs:twig":1,"minecraft:sugar_cane":25,"thermal:oil_red_sand":17,"minecraft:bone_block":6,"minecraft:cobblestone":53},"minecraft:custom":{"minecraft:time_since_rest":4290,"lootr:looted_stat":1,"minecraft:sprint_one_cm":45941,"minecraft:damage_taken":764,"minecraft:walk_one_cm":79744,"minecraft:mob_kills":7,"minecraft:drop":3,"minecraft:damage_dealt":1926,"minecraft:swim_one_cm":9125,"minecraft:fly_one_cm":92399,"minecraft:play_time":26917,"tombstone:undead_killed":3,"minecraft:deaths":2,"minecraft:sneak_time":10,"minecraft:walk_under_water_one_cm":1871,"minecraft:damage_dealt_resisted":0,"minecraft:jump":395,"minecraft:leave_game":1,"minecraft:time_since_death":4506,"minecraft:walk_on_water_one_cm":1620,"minecraft:total_world_time":26917,"minecraft:fall_one_cm":6546},"minecraft:broken":{"minecraft:wooden_pickaxe":1},"minecraft:used":{"minecraft:stone_sword":43,"minecraft:stone_pickaxe":17,"minecraft:wooden_pickaxe":59,"minecraft:torch":1,"minecraft:dirt":3,"minecraft:cooked_beef":3},"minecraft:mined":{"minecraft:cactus":6,"minecraft:glowstone":1,"minecraft:torch":1,"minecraft:grass":6,"biomesoplenty:bush":5,"minecraft:grass_block":3,"minecraft:oak_log":15,"minecraft:dirt":1,"minecraft:stone":53,"minecraft:sugar_cane":11,"minecraft:bone_block":6,"thermal:oil_red_sand":17},"minecraft:killed_by":{"minecraft:player":1,"minecraft:creeper":1}},"DataVersion":3465}