{"stats":{"minecraft:picked_up":{"minecraft:oak_slab":2,"minecraft:stick":26,"minecraft:torch":8,"minecraft:oak_log":52,"minecraft:string":33,"exdeorum:silk_worm":1,"minecraft:apple":5,"minecraft:rose_bush":1,"everlastingabilities:ability_bottle":1,"minecraft:oak_sapling":33},"minecraft:custom":{"minecraft:time_since_rest":18472,"minecraft:sprint_one_cm":2559,"minecraft:damage_taken":30,"minecraft:walk_one_cm":45435,"minecraft:drop":5,"minecraft:fly_one_cm":2940,"minecraft:crouch_one_cm":18945,"minecraft:play_time":18472,"minecraft:sneak_time":4794,"minecraft:jump":12,"minecraft:time_since_death":18472,"minecraft:total_world_time":18472,"minecraft:fall_one_cm":569},"minecraft:broken":{"exdeorum:crook":2},"minecraft:crafted":{"exdeorum:oak_crucible":1,"minecraft:oak_slab":48,"minecraft:oak_planks":43,"exdeorum:oak_barrel":1,"minecraft:crafting_table":1,"exdeorum:string_mesh":3,"minecraft:stick":4,"exdeorum:oak_sieve":3,"crafting_on_a_stick:crafting_table":1,"minecraft:air":467,"exdeorum:crook":4},"minecraft:dropped":{"exdeorum:silk_worm":1,"minecraft:wooden_axe":1,"minecraft:rose_bush":1,"minecraft:oak_sapling":18,"exdeorum:crook":1},"minecraft:used":{"exdeorum:oak_sieve":3,"minecraft:wooden_axe":4,"exdeorum:oak_barrel":1,"minecraft:apple":2,"exdeorum:crook":287,"minecraft:torch":11,"minecraft:oak_slab":260,"minecraft:oak_sapling":6},"minecraft:mined":{"minecraft:oak_slab":5,"minecraft:oak_log":12,"minecraft:rose_bush":1,"minecraft:oak_leaves":400,"minecraft:wall_torch":8}},"DataVersion":3465}