{"stat.pickup.minecraft.bone":10,"stat.mineBlock.traverse.red_autumnal_leaves":1,"stat.useItem.minecraft.fish":1,"stat.leaveGame":2,"stat.pickup.minecraft.gravel":16,"stat.killEntity.salmon":1,"stat.pickup.minecraft.stone_pickaxe":1,"stat.pickup.minecraft.stone_axe":1,"stat.pickup.primal_tech.stone_grill":2,"stat.craftItem.minecraft.flint":8,"stat.craftItem.pickletweaks.grass_mesh":1,"stat.useItem.minecraft.porkchop":3,"stat.useItem.immcraft.rock":1,"stat.drop.death_compass.death_compass":2,"stat.swimOneCm":51872,"stat.jump":473,"stat.pickup.betterwithmods.hemp":1,"stat.pickup.immcraft.rock":8,"stat.pickup.primal.flint_pickaxe":1,"stat.fallOneCm":6476,"stat.useItem.primal.flint_axe":33,"stat.pickup.minecraft.carrot":2,"stat.pickup.minecraft.cooked_porkchop":1,"stat.useItem.minecraft.stone_axe":1,"stat.pickup.minecraft.porkchop":21,"stat.crouchOneCm":1298,"stat.pickup.minecraft.dirt":16,"stat.useItem.minecraft.dirt":6,"stat.useItem.primal.flint_hatchet":61,"stat.pickup.minecraft.rotten_flesh":3,"stat.mineBlock.immcraft.rock":6,"stat.pickup.primal.plant_fiber":77,"stat.damageTaken":905,"stat.pickup.minecraft.feather":3,"stat.mineBlock.geolosys.ore_sample":2,"stat.pickup.animalium.rat_meat":1,"stat.mineBlock.minecraft.red_flower":1,"stat.pickup.primal.flint_knapp":6,"stat.pickup.minecraft.cobblestone":29,"stat.entityKilledBy.piranha":1,"stat.mineBlock.chisel.limestone2":3,"stat.pickup.minecraft.reeds":7,"stat.pickup.chisel.limestone2":3,"stat.flyOneCm":75582,"stat.mineBlock.primal.ferro_stone":3,"stat.pickup.minecraft.fish":1,"stat.mineBlock.minecraft.gravel":16,"stat.mineBlock.primal_tech.stone_grill":1,"stat.useItem.minecraft.cooked_beef":1,"stat.mineBlock.primal_tech.work_stump":6,"stat.useItem.minecraft.stone_sword":62,"stat.mineBlock.primal_tech.charcoal_block":1,"stat.damageDealt":3628,"stat.pickup.death_compass.death_compass":1,"stat.useItem.primal_tech.fire_sticks":3,"stat.timeSinceDeath":0,"stat.killEntity.Cow":13,"stat.mineBlock.minecraft.dirt":12,"stat.craftItem.horsepower.chopping_block":1,"stat.pickup.primal.hide_raw":1,"stat.killEntity.Pig":10,"stat.useItem.minecraft.air":13,"stat.pickup.minecraft.double_plant":1,"stat.walkOneCm":217900,"stat.pickup.minecraft.stick":21,"stat.mineBlock.chisel.marble2":6,"stat.useItem.minecraft.log":1,"stat.useItem.minecraft.cobblestone":2,"stat.useItem.minecraft.cooked_porkchop":2,"stat.pickup.primal.flint_axe":1,"stat.drop.minecraft.red_flower":6,"stat.pickup.minecraft.log":20,"stat.pickup.primal.pelt_pig":10,"stat.mineBlock.minecraft.grass":3,"stat.pickup.minecraft.beef":27,"stat.craftItem.primal_tech.fire_sticks":2,"stat.drop.chisel.marble2":4,"stat.craftItem.primal_tech.work_stump":1,"stat.pickup.minecraft.stone":3,"stat.killEntity.rat":1,"stat.pickup.primal_tech.charcoal_block":1,"stat.sprintOneCm":116877,"stat.pickup.primal.pelt_cow":15,"stat.pickup.minecraft.beetroot":1,"stat.pickup.primal.ferro_stone":3,"stat.pickup.primal_tech.rock":1,"stat.useItem.primal.flint_pickaxe":44,"stat.killEntity.Chicken":1,"stat.pickup.minecraft.stone_sword":1,"stat.useItem.minecraft.carrot":1,"stat.mobKills":29,"stat.mineBlock.minecraft.log":23,"stat.entityKilledBy.Creeper":1,"stat.useItem.minecraft.beef":2,"stat.pickup.primal_tech.work_stump":6,"stat.mineBlock.traverse.orange_autumnal_leaves":16,"stat.pickup.primal.plant_cordage":1,"stat.deaths":2,"stat.drop":8,"stat.mineBlock.minecraft.leaves":1,"stat.pickup.minecraft.beetroot_seeds":3,"stat.craftItem.primal.flint_hatchet":1,"stat.playOneMinute":63125,"stat.pickup.minecraft.torch":2,"stat.pickup.minecraft.red_flower":13,"stat.pickup.betterwithmods.mystery_meat":1,"stat.sneakTime":826,"stat.killEntity.Zombie":5,"stat.mineBlock.minecraft.stone":35,"stat.pickup.chisel.marble2":12,"stat.mineBlock.immcraft.sticks":1,"stat.mineBlock.minecraft.tallgrass":94,"stat.diveOneCm":30028,"stat.useItem.minecraft.beetroot":1,"stat.craftItem.primal.plant_cordage":17}