{"stats":{"minecraft:custom":{"minecraft:time_since_death":116152,"minecraft:sprint_one_cm":11430,"minecraft:walk_one_cm":343330,"minecraft:drop":42,"minecraft:play_time":116152,"minecraft:sneak_time":10197,"minecraft:jump":228,"minecraft:total_world_time":116152,"minecraft:interact_with_furnace":31,"minecraft:time_since_rest":116152,"minecraft:damage_taken":110,"minecraft:fly_one_cm":13632,"minecraft:open_chest":115,"minecraft:crouch_one_cm":21899,"minecraft:fall_one_cm":3750},"minecraft:mined":{"minecraft:farmland":1,"allthecompressed:sand_1x":31,"minecraft:iron_ore":1,"exdeorum:oak_sieve":1,"minecraft:oak_slab":12,"exdeorum:infested_leaves":237,"minecraft:clay":5,"allthecompressed:gravel_1x":39,"minecraft:rose_bush":1,"minecraft:cobblestone":239,"minecraft:oak_planks":1,"minecraft:wall_torch":8,"minecraft:oak_log":116,"minecraft:gravel":5,"minecraft:sand":8,"minecraft:dirt":3,"allthecompressed:cobblestone_1x":314,"minecraft:oak_leaves":1113},"minecraft:crafted":{"minecraft:coarse_dirt":1,"minecraft:oak_planks":115,"functionalstorage:simple_compacting_drawer":1,"minecraft:barrel":4,"minecraft:furnace":2,"minecraft:piston":1,"minecraft:stone":16,"exdeorum:unfired_porcelain_crucible":1,"minecraft:lever":1,"allthecompressed:cobblestone_1x":33,"allthecompressed:gravel_1x":68,"minecraft:glass":25,"exdeorum:string_mesh":18,"allthecompressed:sand_1x":31,"minecraft:chest":7,"exdeorum:stone_hammer":18,"exdeorum:porcelain_crucible":1,"functionalstorage:oak_1":1,"dankstorage:dank_1":4,"cobblefordays:tier_2":1,"integrateddynamics:squeezer":1,"minecraft:oak_slab":56,"exdeorum:oak_barrel":3,"minecraft:crafting_table":1,"pickletweaks:flint_shears":2,"pickletweaks:flint_pickaxe":1,"exdeorum:compressed_stone_hammer":8,"minecraft:bucket":2,"crafting_on_a_stick:crafting_table":1,"minecraft:campfire":1,"cobblefordays:tier_1":1,"minecraft:diorite":3,"minecraft:air":1581,"exdeorum:crook":14,"exdeorum:oak_crucible":1,"exdeorum:porcelain_clay_ball":20,"minecraft:charcoal":11,"minecraft:cobblestone":521,"exdeorum:porcelain_bucket":1,"exdeorum:flint_mesh":18,"minecraft:stick":29,"minecraft:iron_ingot":8,"minecraft:iron_block":1,"minecraft:iron_ore":15,"minecraft:sandstone":11,"exdeorum:oak_sieve":18,"exdeorum:unfired_porcelain_bucket":1},"minecraft:picked_up":{"exdeorum:gold_ore_chunk":21,"exdeorum:dust":284,"minecraft:clay_ball":20,"minecraft:lead":1,"exdeorum:iron_ore_chunk":74,"exdeorum:blackstone_pebble":493,"minecraft:string":198,"exdeorum:string_mesh":11,"exdeorum:granite_pebble":528,"minecraft:rose_bush":1,"exdeorum:zinc_ore_chunk":19,"allthecompressed:cobblestone_1x":36,"minecraft:sugar_cane":1,"xycraft_world:xychorium_gem_green":9,"minecraft:stick":82,"minecraft:raw_iron":1,"minecraft:torch":8,"minecraft:pointed_dripstone":82,"minecraft:carrot":36,"minecraft:redstone":17,"exdeorum:silk_worm":9,"xycraft_world:xychorium_gem_blue":9,"ae2:certus_quartz_dust":14,"exdeorum:diorite_pebble":536,"exdeorum:tin_ore_chunk":33,"everlastingabilities:ability_bottle":1,"exdeorum:andesite_pebble":613,"alltheores:raw_osmium":1,"minecraft:blaze_powder":5,"exdeorum:osmium_ore_chunk":16,"exdeorum:basalt_pebble":392,"minecraft:leather":1,"enderio:grains_of_infinity":13,"minecraft:flint":168,"minecraft:oak_log":209,"minecraft:gunpowder":28,"exdeorum:nickel_ore_chunk":31,"minecraft:lapis_lazuli":30,"minecraft:dirt":16,"ae2:sky_dust":23,"minecraft:apple":11,"exdeorum:stone_pebble":3225,"exdeorum:oak_sieve":2,"minecraft:iron_ingot":19,"minecraft:glowstone_dust":26,"minecraft:oak_planks":1,"minecraft:oak_slab":3,"exdeorum:deepslate_pebble":501,"exdeorum:lead_ore_chunk":44,"xycraft_world:xychorium_gem_red":7,"minecraft:gravel":2453,"minecraft:sand":359,"minecraft:amethyst_shard":12,"exdeorum:silver_ore_chunk":32,"xycraft_world:xychorium_gem_dark":5,"xycraft_world:xychorium_gem_light":5,"minecraft:pumpkin_seeds":1,"minecraft:clay":5,"exdeorum:aluminum_ore_chunk":30,"minecraft:bone_meal":30,"exdeorum:copper_ore_chunk":45,"minecraft:oak_sapling":127,"minecraft:melon_seeds":4,"minecraft:coal":74,"minecraft:oak_leaves":54},"minecraft:dropped":{"minecraft:oak_slab":1,"dankstorage:dank_1":2,"pickletweaks:flint_shears":1,"exdeorum:oak_sieve":1,"allthecompressed:gravel_1x":34,"exdeorum:iron_ore_chunk":11,"minecraft:stick":9,"minecraft:flint":3,"exdeorum:gold_ore_chunk":6,"exdeorum:silk_worm":1,"minecraft:wooden_axe":1,"minecraft:rose_bush":1,"exdeorum:compressed_stone_hammer":1,"exdeorum:crook":2,"exdeorum:stone_pebble":64,"minecraft:gravel":206,"exdeorum:string_mesh":1,"exdeorum:porcelain_bucket":1,"minecraft:oak_sapling":18},"minecraft:used":{"minecraft:chest":6,"exdeorum:crook":1183,"allthecompressed:cobblestone_1x":116,"minecraft:torch":11,"minecraft:dirt":9,"cobblefordays:tier_2":1,"minecraft:carrot":30,"exdeorum:silk_worm":5,"functionalstorage:simple_compacting_drawer":1,"integrateddynamics:squeezer":1,"minecraft:wooden_axe":4,"exdeorum:porcelain_crucible":1,"exdeorum:stone_hammer":249,"minecraft:oak_sapling":23,"minecraft:furnace":2,"exdeorum:oak_sieve":19,"minecraft:water_bucket":2,"minecraft:oak_planks":22,"minecraft:clay":5,"minecraft:sand":8,"minecraft:oak_slab":262,"minecraft:campfire":1,"exdeorum:dust":279,"minecraft:lever":1,"minecraft:wooden_hoe":6,"exdeorum:oak_barrel":3,"minecraft:apple":9,"allthecompressed:sand_1x":31,"allthecompressed:gravel_1x":39,"minecraft:gravel":615,"exdeorum:oak_crucible":1,"minecraft:cobblestone":239,"pickletweaks:flint_pickaxe":1,"minecraft:bucket":5,"exdeorum:compressed_stone_hammer":384,"minecraft:coarse_dirt":4},"minecraft:broken":{"exdeorum:crook":9}},"DataVersion":3465}