{"stats":{"minecraft:killed":{"minecraft:spider":1,"minecraft:creeper":1,"minecraft:trader_llama":2,"minecraft:wandering_trader":1},"minecraft:broken":{"exdeorum:crook":9},"minecraft:dropped":{"sophisticatedbackpacks:iron_backpack":1,"minecraft:lapis_lazuli":143,"pickletweaks:flint_shears":1,"exdeorum:zinc_ore_chunk":292,"exdeorum:copper_ore_chunk":705,"allthecompressed:gravel_1x":34,"minecraft:flint":1552,"alltheores:osmium_ingot":16,"exdeorum:gold_ore_chunk":25,"exdeorum:dust":201,"exdeorum:compressed_stone_hammer":1,"exdeorum:crook":2,"minecraft:wooden_sword":1,"minecraft:amethyst_shard":5,"minecraft:sand":128,"exdeorum:lead_ore_chunk":389,"minecraft:gravel":398,"exdeorum:string_mesh":1,"pickletweaks:flint_pickaxe":1,"minecraft:pointed_dripstone":528,"minecraft:oak_planks":1,"minecraft:blaze_powder":1,"exdeorum:silver_ore_chunk":406,"mekanism:cardboard_box":1,"minecraft:white_bed":1,"supplementaries:ash":1,"minecraft:glass":8,"mekanism:fluorite_gem":3,"dankstorage:dank_2":2,"minecraft:iron_ingot":17,"minecraft:oak_slab":1,"dankstorage:dank_1":2,"exdeorum:oak_sieve":1,"exdeorum:iron_ore_chunk":112,"exdeorum:osmium_ore_chunk":115,"minecraft:coal":622,"minecraft:stick":9,"minecraft:lava_bucket":2,"exdeorum:silk_worm":1,"minecraft:wooden_axe":1,"minecraft:rose_bush":1,"minecraft:string":3,"exdeorum:stone_pebble":64,"minecraft:bucket":2,"minecraft:redstone":29,"exdeorum:nickel_ore_chunk":373,"exdeorum:tin_ore_chunk":540,"exdeorum:aluminum_ore_chunk":407,"exdeorum:porcelain_bucket":1,"minecraft:oak_sapling":18,"ae2:certus_quartz_dust":65,"pipez:wrench":1,"ae2:certus_quartz_crystal":2},"minecraft:picked_up":{"torchmaster:feral_flare_lantern":3,"exdeorum:dust":2362,"minecraft:prismarine_shard":25,"minecraft:lead":4,"exdeorum:iron_ore_chunk":417,"minecraft:string":282,"pipez:energy_pipe":5,"minecraft:armor_stand":7,"thermal:sulfur":72,"minecraft:sea_pickle":20,"mysticalagriculture:inferium_essence":1,"minecraft:bucket":2,"minecraft:rose_bush":1,"minecraft:redstone_torch":18,"minecraft:cobblestone_slab":6,"xycraft_world:xychorium_gem_green":78,"minecraft:stick":82,"exdeorum:oak_crucible":1,"minecraft:torch":21,"xycraft_world:kivi_bricks":3,"minecraft:pointed_dripstone":759,"ae2:sky_stone_block":11,"thermal:apatite":82,"pipez:wrench":1,"minecraft:cactus":81,"exdeorum:tin_ore_chunk":659,"xycraft_world:kivi":6,"supplementaries:ash":2,"mekanism:basic_fluid_tank":3,"minecraft:obsidian":1,"minecraft:blaze_powder":95,"minecraft:cobblestone":72,"exdeorum:osmium_ore_chunk":201,"exdeorum:basalt_pebble":392,"minecraft:repeater":6,"enderio:grains_of_infinity":195,"minecraft:flint":2241,"ae2:charged_certus_quartz_crystal":6,"minecraft:lapis_lazuli":281,"exdeorum:nickel_ore_chunk":535,"minecraft:dirt":112,"minecraft:bone":1,"minecraft:stonecutter":1,"minecraft:raw_gold":33,"minecraft:glowstone_dust":186,"minecraft:oak_planks":13,"ironfurnaces:iron_furnace":5,"mekanism:metallurgic_infuser":1,"xycraft_world:xychorium_gem_red":89,"ae2:certus_quartz_crystal":27,"exdeorum:flint_mesh":18,"minecraft:sand":2594,"integrateddynamics:squeezer":2,"sophisticatedbackpacks:iron_backpack":1,"minecraft:dead_bush":26,"xycraft_world:xychorium_gem_dark":83,"xycraft_world:xychorium_gem_light":89,"thermal:device_rock_gen":1,"minecraft:clay":5,"minecraft:diamond":6,"minecraft:lever":3,"minecraft:bone_meal":258,"exdeorum:copper_ore_chunk":817,"minecraft:emerald":5,"minecraft:oak_sapling":127,"minecraft:oak_leaves":273,"exdeorum:gold_ore_chunk":118,"functionalstorage:oak_1":6,"minecraft:charcoal":2,"minecraft:crafting_table":2,"minecraft:clay_ball":20,"thermal:cinnabar":65,"exdeorum:oak_barrel":4,"exdeorum:blackstone_pebble":493,"exdeorum:string_mesh":11,"exdeorum:granite_pebble":528,"xycraft_world:kivi_rajan":2,"exdeorum:iron_mesh":19,"exdeorum:zinc_ore_chunk":401,"minecraft:iron_nugget":143,"allthecompressed:cobblestone_1x":36,"minecraft:sugar_cane":62,"minecraft:raw_iron":2,"exdeorum:porcelain_crucible":1,"minecraft:copper_ingot":20,"dankstorage:dank_2":2,"pipez:item_pipe":2,"xycraft_world:smooth_kivi":83,"productivetrees:sawmill":1,"minecraft:carrot":64,"minecraft:redstone":251,"minecraft:prismarine_crystals":21,"mekanism:crusher":1,"exdeorum:silk_worm":11,"minecraft:arrow":1,"xycraft_world:xychorium_gem_blue":90,"ae2:certus_quartz_dust":170,"exdeorum:diorite_pebble":536,"everlastingabilities:ability_bottle":1,"exdeorum:andesite_pebble":613,"alltheores:raw_osmium":1,"mekanism:cardboard_box":9,"rftoolspower:coalgenerator":1,"minecraft:leather":3,"ae2:smooth_sky_stone_block":53,"forcecraft:force_gem":64,"minecraft:oak_log":338,"minecraft:gunpowder":262,"mekanism:enrichment_chamber":5,"mekanism:salt":159,"ae2:sky_dust":134,"exdeorum:oak_sieve":23,"minecraft:apple":11,"minecraft:kelp":32,"ae2:smooth_sky_stone_stairs":3,"exdeorum:stone_pebble":3225,"minecraft:iron_ingot":49,"minecraft:iron_ore":24,"dankstorage:dank_1":1,"minecraft:oak_slab":14,"exdeorum:deepslate_pebble":501,"exdeorum:lead_ore_chunk":483,"allthecompressed:gravel_1x":2,"xycraft_world:kivi_tiles":8,"minecraft:gravel":5047,"minecraft:amethyst_shard":45,"minecraft:white_bed":13,"exdeorum:silver_ore_chunk":518,"mekanismgenerators:wind_generator":1,"forbidden_arcanus:arcane_crystal":53,"minecraft:pumpkin_seeds":1,"exdeorum:aluminum_ore_chunk":422,"utilitarian:snad":9,"mekanism:fluorite_gem":72,"minecraft:oak_button":1,"minecraft:melon_seeds":4,"minecraft:coal":1069},"minecraft:crafted":{"ae2:sky_stone_block":0,"minecraft:oak_planks":191,"minecraft:smooth_stone":0,"minecraft:cobblestone_slab":1,"minecraft:barrel":4,"exdeorum:iron_hammer":9,"alltheores:constantan_ingot":5,"sophisticatedstorage:gold_chest":2,"pipez:item_pipe":16,"ae2:smooth_sky_stone_stairs":4,"minecraft:stone":16,"projecte:high_covalence_dust":40,"exdeorum:unfired_porcelain_crucible":1,"minecraft:lever":1,"projecte:repair_talisman":1,"minecraft:green_dye":0,"productivetrees:sawmill":1,"minecraft:glass":32,"crafting_on_a_stick:stonecutter":1,"minecraft:repeater":1,"xycraft_world:kivi_tiles":5,"allthecompressed:sand_1x":208,"minecraft:chest":20,"minecraft:copper_block":2,"mekanism:basic_fluid_tank":1,"exdeorum:stone_hammer":18,"ae2:smooth_sky_stone_slab":6,"exdeorum:porcelain_crucible":1,"cobblefordays:tier_2":1,"xycraft_world:smooth_kivi":2,"integrateddynamics:squeezer":1,"minecraft:dropper":2,"minecraft:oak_slab":77,"sophisticatedbackpacks:backpack":1,"exdeorum:oak_barrel":3,"minecraft:crafting_table":1,"minecraft:gold_ore":1,"minecraft:copper_ingot":150,"minecraft:campfire":1,"minecraft:diorite":3,"cobblefordays:tier_1":1,"exdeorum:oak_crucible":1,"thermal:redstone_servo":1,"minecraft:charcoal":13,"minecraft:paper":2,"minecraft:diamond_pickaxe":1,"exdeorum:porcelain_bucket":1,"exdeorum:flint_mesh":18,"minecraft:stick":47,"minecraft:stone_slab":6,"minecraft:iron_ingot":87,"minecraft:iron_pickaxe":1,"projecte:medium_covalence_dust":40,"minecraft:iron_block":9,"minecraft:iron_ore":15,"minecraft:gold_ingot":0,"minecraft:sandstone":11,"exdeorum:oak_sieve":18,"minecraft:redstone_torch":10,"minecraft:fire_charge":6,"alltheores:constantan_gear":1,"minecraft:shears":1,"minecraft:coarse_dirt":32,"minecraft:redstone":3,"functionalstorage:simple_compacting_drawer":1,"minecraft:smooth_stone_slab":6,"sophisticatedstorage:advanced_compacting_upgrade":1,"mekanism:cardboard_box":2,"sophisticatedstorage:iron_chest":5,"minecraft:furnace":2,"minecraft:piston":6,"allthecompressed:cobblestone_1x":50,"allthecompressed:gravel_1x":305,"sophisticatedstorage:copper_chest":1,"sophisticatedstorage:upgrade_base":1,"utilitarian:snad":17,"minecraft:iron_axe":1,"exdeorum:string_mesh":22,"minecraft:iron_hoe":1,"minecraft:redstone_block":19,"exdeorum:iron_mesh":18,"functionalstorage:oak_1":7,"dankstorage:dank_1":4,"sophisticatedbackpacks:iron_backpack":1,"dankstorage:dank_2":2,"constructionwand:diamond_wand":1,"exdeorum:stone_barrel":2,"alltheores:osmium_ingot":14,"alltheores:nickel_ingot":0,"pickletweaks:flint_shears":2,"alltheores:invar_ingot":4,"minecraft:iron_sword":1,"pickletweaks:flint_pickaxe":1,"ironfurnaces:upgrade_iron":2,"ae2:smooth_sky_stone_block":0,"sophisticatedbackpacks:gold_backpack":1,"exdeorum:compressed_stone_hammer":19,"sophisticatedstorage:compacting_upgrade":1,"minecraft:bucket":3,"crafting_on_a_stick:crafting_table":1,"projecte:low_covalence_dust":40,"minecraft:air":2881,"exdeorum:crook":14,"minecraft:blue_dye":2,"exdeorum:porcelain_clay_ball":20,"sophisticatedstorage:chest":3,"exdeorum:compressed_iron_hammer":3,"functionalstorage:copper_upgrade":1,"minecraft:white_wool":12,"minecraft:cobblestone":521,"torchmaster:feral_flare_lantern":1,"minecraft:armor_stand":2,"minecraft:stonecutter":2,"minecraft:white_bed":4,"thermal:device_rock_gen":1,"minecraft:torch":12,"exdeorum:unfired_porcelain_bucket":1},"minecraft:mined":{"mekanismgenerators:wind_generator":1,"minecraft:white_bed":13,"minecraft:farmland":59,"minecraft:obsidian":1,"integrateddynamics:squeezer":2,"thermal:device_rock_gen":1,"torchmaster:feral_flare_lantern":3,"allthecompressed:sand_1x":209,"xycraft_world:kivi_tiles":12,"minecraft:iron_ore":2,"minecraft:fire":3,"xycraft_world:kivi_rajan":2,"xycraft_world:smooth_kivi":95,"exdeorum:oak_sieve":22,"ae2:smooth_sky_stone_stairs":3,"pipez:energy_pipe":5,"mekanism:enrichment_chamber":2,"ironfurnaces:iron_furnace":5,"minecraft:clay":5,"minecraft:torch":10,"minecraft:chest":1,"minecraft:cobblestone":319,"minecraft:sugar_cane":10,"minecraft:oak_planks":26,"minecraft:wall_torch":8,"minecraft:repeater":6,"mekanism:cardboard_box":4,"exdeorum:dust":1,"minecraft:oak_log":129,"exdeorum:oak_barrel":4,"minecraft:sand":9,"minecraft:dirt":18,"allthecompressed:cobblestone_1x":652,"minecraft:stonecutter":1,"minecraft:oak_leaves":1332,"exdeorum:oak_crucible":1,"functionalstorage:oak_1":6,"minecraft:lever":3,"minecraft:redstone_wire":26,"productivetrees:sawmill":1,"minecraft:carrots":1,"rftoolspower:coalgenerator":1,"mekanism:basic_fluid_tank":3,"minecraft:cobblestone_slab":6,"xycraft_world:kivi_bricks":3,"ae2:sky_stone_block":4,"exdeorum:porcelain_crucible":1,"minecraft:redstone_wall_torch":17,"minecraft:oak_slab":306,"mekanism:crusher":1,"utilitarian:snad":9,"xycraft_world:kivi":6,"exdeorum:infested_leaves":400,"pipez:item_pipe":2,"minecraft:crafting_table":2,"allthecompressed:gravel_1x":278,"minecraft:rose_bush":1,"minecraft:campfire":1,"mekanism:metallurgic_infuser":1,"minecraft:cactus":6,"minecraft:gravel":6,"minecraft:oak_button":1,"ae2:smooth_sky_stone_block":6},"minecraft:used":{"mekanism:basic_fluid_tank":4,"rftoolspower:coalgenerator":1,"minecraft:chest":9,"minecraft:iron_sword":9,"allthecompressed:cobblestone_1x":389,"ae2:smooth_sky_stone_stairs":3,"minecraft:carrot":105,"minecraft:obsidian":1,"integrateddynamics:squeezer":3,"minecraft:lava_bucket":5,"xycraft_world:kivi":6,"mekanismgenerators:wind_generator":1,"ironfurnaces:iron_furnace":5,"minecraft:repeater":7,"pipez:item_pipe":4,"minecraft:furnace":2,"minecraft:oak_sapling":29,"ae2:smooth_sky_stone_block":6,"minecraft:oak_planks":28,"minecraft:cactus":6,"ae2:smooth_sky_stone_slab":5,"minecraft:sugar_cane":13,"minecraft:clay":5,"minecraft:sand":474,"xycraft_world:kivi_bricks":3,"minecraft:shears":219,"minecraft:redstone_torch":20,"minecraft:lever":3,"exdeorum:oak_barrel":7,"mekanism:crusher":1,"mekanism:metallurgic_infuser":1,"minecraft:gravel":2094,"minecraft:wooden_sword":25,"exdeorum:oak_crucible":2,"functionalstorage:oak_1":11,"pickletweaks:flint_pickaxe":9,"exdeorum:compressed_stone_hammer":791,"minecraft:coarse_dirt":128,"productivetrees:sawmill":2,"mekanism:enrichment_chamber":5,"mekanism:cardboard_box":9,"minecraft:armor_stand":9,"minecraft:redstone":38,"exdeorum:crook":1346,"thermal:device_rock_gen":2,"sophisticatedstorage:gold_chest":1,"minecraft:torch":49,"minecraft:dirt":29,"cobblefordays:tier_2":1,"exdeorum:silk_worm":7,"functionalstorage:simple_compacting_drawer":1,"minecraft:iron_hoe":1,"minecraft:wooden_axe":4,"minecraft:iron_axe":386,"utilitarian:snad":25,"ae2:sky_stone_block":4,"exdeorum:porcelain_crucible":1,"torchmaster:feral_flare_lantern":4,"exdeorum:stone_hammer":249,"constructionwand:diamond_wand":159,"exdeorum:oak_sieve":40,"exdeorum:compressed_iron_hammer":343,"minecraft:water_bucket":8,"minecraft:stonecutter":1,"minecraft:cobblestone_slab":6,"minecraft:oak_slab":306,"minecraft:crafting_table":2,"xycraft_world:kivi_rajan":2,"minecraft:campfire":1,"minecraft:white_bed":16,"xycraft_world:smooth_kivi":1907,"exdeorum:stone_barrel":2,"exdeorum:dust":2156,"minecraft:wooden_hoe":6,"minecraft:diamond_pickaxe":249,"minecraft:apple":11,"xycraft_world:kivi_tiles":748,"allthecompressed:sand_1x":209,"allthecompressed:gravel_1x":278,"minecraft:cobblestone":319,"sophisticatedstorage:iron_chest":2,"minecraft:bucket":12,"pipez:energy_pipe":5},"minecraft:custom":{"minecraft:interact_with_crafting_table":10,"minecraft:leave_game":2,"minecraft:time_since_death":398738,"minecraft:sprint_one_cm":168800,"minecraft:drop":230,"minecraft:play_time":398738,"minecraft:jump":2157,"minecraft:walk_on_water_one_cm":434,"minecraft:interact_with_furnace":153,"minecraft:sleep_in_bed":9,"minecraft:damage_dealt":1528,"minecraft:crouch_one_cm":97453,"tombstone:villager_killed":1,"minecraft:mob_kills":5,"minecraft:damage_dealt_resisted":0,"minecraft:walk_one_cm":1338505,"minecraft:sneak_time":28215,"minecraft:total_world_time":398738,"minecraft:interact_with_stonecutter":2,"minecraft:time_since_rest":14023,"minecraft:damage_taken":1475,"minecraft:use_wand":2061,"minecraft:fly_one_cm":359596,"minecraft:open_chest":514,"minecraft:fall_one_cm":149866}},"DataVersion":3465}