{"stats":{"minecraft:custom":{"minecraft:interact_with_furnace":4,"minecraft:interact_with_crafting_table":22,"minecraft:leave_game":1,"minecraft:time_since_death":66415,"minecraft:sleep_in_bed":2,"minecraft:time_since_rest":33068,"minecraft:sprint_one_cm":71846,"minecraft:damage_taken":1690,"minecraft:walk_one_cm":87458,"minecraft:drop":22,"minecraft:use_wand":1341,"minecraft:damage_dealt":86,"minecraft:talked_to_villager":1,"minecraft:fly_one_cm":34448,"minecraft:open_chest":83,"minecraft:crouch_one_cm":3423,"minecraft:play_time":66415,"minecraft:sneak_time":1180,"minecraft:jump":447,"minecraft:walk_on_water_one_cm":123,"minecraft:total_world_time":66415,"minecraft:fall_one_cm":20625},"minecraft:mined":{"allthecompressed:gravel_1x":453,"minecraft:rose_bush":1,"minecraft:cobblestone":35,"allthecompressed:sand_1x":408,"allthecompressed:sand_2x":1,"minecraft:oak_log":1,"allthecompressed:cobblestone_1x":704},"minecraft:crafted":{"dankstorage:dank_2":1,"minecraft:oak_planks":4,"minecraft:crafting_table":1,"minecraft:gravel":1,"exdeorum:compressed_stone_hammer":17,"minecraft:air":1547,"allthecompressed:gravel_1x":408,"constructionwand:stone_wand":14,"minecraft:stick":16,"minecraft:iron_ingot":20,"allthecompressed:sand_1x":439,"minecraft:stone_pickaxe":1,"minecraft:chest":1,"minecraft:iron_ore":1,"minecraft:redstone_block":8,"exdeorum:stone_hammer":130,"allthecompressed:sand_2x":31},"minecraft:picked_up":{"exdeorum:gold_ore_chunk":85,"exdeorum:osmium_ore_chunk":112,"exdeorum:basalt_pebble":7,"exdeorum:dust":2594,"enderio:grains_of_infinity":159,"exdeorum:iron_ore_chunk":321,"minecraft:flint":633,"minecraft:oak_log":1,"minecraft:gunpowder":231,"exdeorum:blackstone_pebble":5,"minecraft:lapis_lazuli":138,"minecraft:string":3,"exdeorum:nickel_ore_chunk":151,"exdeorum:granite_pebble":6,"ae2:sky_dust":139,"mysticalagriculture:inferium_essence":1,"exdeorum:stone_pebble":25,"allthecompressed:sand_2x":1,"minecraft:rose_bush":1,"exdeorum:zinc_ore_chunk":120,"exdeorum:compressed_stone_hammer":2,"minecraft:glowstone_dust":134,"xycraft_world:xychorium_gem_green":117,"dankstorage:dank_1":1,"exdeorum:deepslate_pebble":7,"exdeorum:lead_ore_chunk":162,"allthecompressed:gravel_1x":45,"xycraft_world:xychorium_gem_red":74,"dankstorage:dank_2":1,"minecraft:gravel":7460,"exdeorum:flint_mesh":10,"minecraft:sand":3617,"minecraft:amethyst_shard":39,"minecraft:pointed_dripstone":406,"minecraft:carrot":2,"minecraft:redstone":208,"exdeorum:silver_ore_chunk":168,"xycraft_world:xychorium_gem_dark":65,"xycraft_world:xychorium_gem_light":86,"exdeorum:aluminum_ore_chunk":221,"xycraft_world:xychorium_gem_blue":86,"ae2:certus_quartz_dust":158,"exdeorum:diorite_pebble":5,"exdeorum:tin_ore_chunk":223,"minecraft:bone_meal":225,"exdeorum:andesite_pebble":6,"exdeorum:copper_ore_chunk":418,"supplementaries:ash":1,"minecraft:coal":315,"minecraft:blaze_powder":80,"minecraft:cobblestone":35},"minecraft:dropped":{"exdeorum:basalt_pebble":7,"exdeorum:deepslate_pebble":7,"constructionwand:stone_wand":1,"exdeorum:compressed_stone_hammer":9,"exdeorum:diorite_pebble":5,"exdeorum:granite_pebble":6,"exdeorum:blackstone_pebble":5,"exdeorum:andesite_pebble":6,"exdeorum:stone_pebble":1,"exdeorum:stone_hammer":5},"minecraft:used":{"minecraft:rose_bush":1,"minecraft:iron_ore":1,"minecraft:stone_pickaxe":35,"minecraft:chest":4,"allthecompressed:cobblestone_1x":769,"minecraft:crafting_table":1,"constructionwand:stone_wand":176,"allthecompressed:sand_2x":1,"exdeorum:dust":2986,"allthecompressed:gravel_1x":453,"allthecompressed:sand_1x":408,"minecraft:gravel":3029,"minecraft:cobblestone":36,"exdeorum:stone_hammer":45,"exdeorum:compressed_stone_hammer":1523,"minecraft:cooked_beef":15},"minecraft:broken":{"constructionwand:stone_wand":9}},"DataVersion":3465}