{"stats":{"minecraft:killed":{"minecraft:husk":1,"minecraft:skeleton":2,"minecraft:zombie":3,"thermal:blitz":1,"minecraft:cow":3},"minecraft:crafted":{"minecraft:crafting_table":1,"minecraft:wooden_pickaxe":1,"crafting_on_a_stick:crafting_table":1,"integrateddynamics:menril_planks":9,"minecraft:stone_axe":1,"minecraft:air":7,"minecraft:stick":8,"minecraft:stone_pickaxe":1,"minecraft:stone_sword":1},"minecraft:picked_up":{"minecraft:air":0,"integrateddynamics:crystalized_menril_chunk":4,"minecraft:leather":5,"minecraft:stone_slab":2,"minecraft:dirt":3,"integrateddynamics:menril_log":12,"minecraft:smooth_sandstone":12,"minecraft:bone":4,"minecraft:cracked_stone_bricks":2,"mysticalagriculture:inferium_essence":2,"minecraft:beef":6,"minecraft:mossy_stone_bricks":1,"croptopia:kiwi":1,"minecraft:book":6,"minecraft:raw_iron":6,"thermal:blitz_rod":1,"apotheosis:gem":1,"minecraft:chiseled_stone_bricks":1,"minecraft:torch":4,"croptopia:ginger":1,"farmersdelight:tomato_seeds":6,"minecraft:chiseled_sandstone":8,"minecraft:arrow":2,"minecraft:rotten_flesh":2,"immersiveengineering:seed":1,"tombstone:essence_of_undeath":1,"minecraft:coal":21,"minecraft:bone_block":29,"minecraft:cobblestone":59},"minecraft:dropped":{"farmersdelight:tomato_seeds":6,"minecraft:cobblestone":27,"minecraft:torch":3,"tombstone:essence_of_undeath":1,"minecraft:smooth_sandstone":12,"immersiveengineering:seed":1,"minecraft:chiseled_sandstone":8},"minecraft:custom":{"lootr:looted_stat":1,"minecraft:mob_kills":10,"minecraft:time_since_death":2999,"minecraft:climb_one_cm":1555,"minecraft:time_since_rest":600,"minecraft:sprint_one_cm":107013,"minecraft:damage_taken":1058,"minecraft:walk_one_cm":50818,"minecraft:drop":7,"minecraft:damage_dealt":2198,"minecraft:swim_one_cm":19525,"minecraft:fly_one_cm":244298,"minecraft:player_kills":1,"minecraft:crouch_one_cm":3349,"minecraft:deaths":1,"minecraft:play_time":34083,"tombstone:undead_killed":6,"minecraft:sneak_time":990,"minecraft:walk_under_water_one_cm":1564,"minecraft:jump":996,"minecraft:walk_on_water_one_cm":3862,"minecraft:total_world_time":34083,"minecraft:fall_one_cm":26076},"minecraft:broken":{"minecraft:wooden_pickaxe":1},"minecraft:mined":{"minecraft:jungle_leaves":1,"minecraft:smooth_sandstone":28,"minecraft:torch":6,"biomesoplenty:bush":10,"minecraft:grass_block":3,"minecraft:dead_bush":11,"minecraft:stone_slab":1,"farmersdelight:wild_tomatoes":20,"integrateddynamics:menril_log":9,"croptopia:olive_crop":1,"minecraft:iron_ore":6,"minecraft:chiseled_sandstone":8,"minecraft:tnt":2,"integrateddynamics:menril_log_filled":3,"minecraft:infested_mossy_stone_bricks":1,"minecraft:grass":9,"minecraft:bookshelf":6,"minecraft:coal_ore":21,"minecraft:vine":1,"minecraft:cracked_stone_bricks":2,"minecraft:stone":59,"minecraft:bone_block":23,"minecraft:mossy_stone_bricks":1,"minecraft:oak_leaves":3},"minecraft:used":{"minecraft:stone_sword":35,"minecraft:stone_pickaxe":91,"minecraft:wooden_pickaxe":59,"minecraft:torch":7,"minecraft:dirt":3,"minecraft:stone_axe":10,"minecraft:beef":2,"croptopia:kiwi":1,"minecraft:cooked_beef":8},"minecraft:killed_by":{"minecraft:silverfish":1}},"DataVersion":3465}