{"stats":{"minecraft:custom":{"minecraft:interact_with_furnace":2,"minecraft:interact_with_crafting_table":8,"minecraft:leave_game":1,"minecraft:time_since_death":30726,"minecraft:time_since_rest":30726,"minecraft:sprint_one_cm":35373,"minecraft:damage_taken":460,"minecraft:walk_one_cm":36936,"minecraft:drop":8,"minecraft:use_wand":131,"minecraft:damage_dealt":6,"minecraft:fly_one_cm":16804,"minecraft:open_chest":52,"minecraft:crouch_one_cm":1094,"minecraft:play_time":30726,"minecraft:sneak_time":649,"minecraft:jump":142,"minecraft:walk_on_water_one_cm":123,"minecraft:total_world_time":30726,"minecraft:fall_one_cm":3285},"minecraft:mined":{"allthecompressed:gravel_1x":45,"minecraft:rose_bush":1,"minecraft:cobblestone":35,"minecraft:oak_log":1,"allthecompressed:cobblestone_1x":128},"minecraft:crafted":{"minecraft:oak_planks":4,"minecraft:crafting_table":1,"minecraft:gravel":1,"exdeorum:compressed_stone_hammer":2,"minecraft:air":166,"allthecompressed:gravel_1x":124,"constructionwand:stone_wand":1,"minecraft:iron_ingot":20,"minecraft:stone_pickaxe":1,"minecraft:chest":1,"minecraft:iron_ore":1,"exdeorum:stone_hammer":24},"minecraft:picked_up":{"exdeorum:gold_ore_chunk":39,"exdeorum:osmium_ore_chunk":46,"exdeorum:basalt_pebble":7,"enderio:grains_of_infinity":1,"exdeorum:iron_ore_chunk":120,"minecraft:flint":244,"minecraft:oak_log":1,"minecraft:gunpowder":7,"exdeorum:blackstone_pebble":5,"minecraft:lapis_lazuli":55,"exdeorum:nickel_ore_chunk":58,"exdeorum:granite_pebble":6,"ae2:sky_dust":1,"mysticalagriculture:inferium_essence":1,"exdeorum:stone_pebble":25,"minecraft:rose_bush":1,"exdeorum:zinc_ore_chunk":52,"minecraft:glowstone_dust":5,"xycraft_world:xychorium_gem_green":3,"exdeorum:deepslate_pebble":7,"exdeorum:lead_ore_chunk":45,"allthecompressed:gravel_1x":45,"xycraft_world:xychorium_gem_red":2,"minecraft:gravel":2285,"exdeorum:flint_mesh":10,"minecraft:amethyst_shard":12,"minecraft:pointed_dripstone":159,"minecraft:carrot":2,"exdeorum:silver_ore_chunk":54,"minecraft:redstone":4,"xycraft_world:xychorium_gem_dark":1,"xycraft_world:xychorium_gem_light":2,"exdeorum:aluminum_ore_chunk":50,"xycraft_world:xychorium_gem_blue":2,"ae2:certus_quartz_dust":2,"exdeorum:diorite_pebble":5,"exdeorum:tin_ore_chunk":71,"minecraft:bone_meal":6,"exdeorum:andesite_pebble":6,"exdeorum:copper_ore_chunk":121,"minecraft:coal":100,"minecraft:blaze_powder":1,"minecraft:cobblestone":35},"minecraft:dropped":{"exdeorum:basalt_pebble":7,"exdeorum:deepslate_pebble":7,"exdeorum:compressed_stone_hammer":1,"exdeorum:diorite_pebble":5,"exdeorum:granite_pebble":6,"exdeorum:blackstone_pebble":5,"exdeorum:andesite_pebble":6,"exdeorum:stone_pebble":1},"minecraft:used":{"minecraft:rose_bush":1,"minecraft:iron_ore":1,"minecraft:stone_pickaxe":35,"minecraft:chest":4,"allthecompressed:cobblestone_1x":193,"minecraft:crafting_table":1,"constructionwand:stone_wand":15,"exdeorum:dust":37,"minecraft:gravel":932,"minecraft:cobblestone":36,"exdeorum:stone_hammer":45,"exdeorum:compressed_stone_hammer":129,"minecraft:cooked_beef":4},"minecraft:broken":{"constructionwand:stone_wand":1}},"DataVersion":3465}