{"stats":{"minecraft:custom":{"minecraft:interact_with_furnace":2,"minecraft:interact_with_crafting_table":13,"minecraft:leave_game":1,"minecraft:time_since_death":42415,"minecraft:sleep_in_bed":2,"minecraft:time_since_rest":9068,"minecraft:sprint_one_cm":49798,"minecraft:damage_taken":800,"minecraft:walk_one_cm":62600,"minecraft:drop":11,"minecraft:use_wand":243,"minecraft:damage_dealt":46,"minecraft:talked_to_villager":1,"minecraft:fly_one_cm":28532,"minecraft:open_chest":60,"minecraft:crouch_one_cm":2774,"minecraft:play_time":42415,"minecraft:sneak_time":941,"minecraft:jump":235,"minecraft:walk_on_water_one_cm":123,"minecraft:total_world_time":42415,"minecraft:fall_one_cm":6550},"minecraft:mined":{"allthecompressed:gravel_1x":169,"minecraft:rose_bush":1,"minecraft:cobblestone":35,"allthecompressed:sand_1x":124,"minecraft:oak_log":1,"allthecompressed:cobblestone_1x":128},"minecraft:crafted":{"minecraft:oak_planks":4,"minecraft:crafting_table":1,"minecraft:gravel":1,"exdeorum:compressed_stone_hammer":5,"minecraft:air":449,"allthecompressed:gravel_1x":124,"constructionwand:stone_wand":12,"minecraft:stick":8,"minecraft:iron_ingot":20,"allthecompressed:sand_1x":124,"minecraft:stone_pickaxe":1,"minecraft:chest":1,"minecraft:iron_ore":1,"exdeorum:stone_hammer":45},"minecraft:picked_up":{"exdeorum:gold_ore_chunk":40,"exdeorum:osmium_ore_chunk":46,"exdeorum:basalt_pebble":7,"exdeorum:dust":813,"enderio:grains_of_infinity":62,"exdeorum:iron_ore_chunk":124,"minecraft:flint":246,"minecraft:oak_log":1,"minecraft:gunpowder":85,"exdeorum:blackstone_pebble":5,"minecraft:lapis_lazuli":55,"minecraft:string":3,"exdeorum:nickel_ore_chunk":60,"exdeorum:granite_pebble":6,"ae2:sky_dust":63,"mysticalagriculture:inferium_essence":1,"exdeorum:stone_pebble":25,"minecraft:rose_bush":1,"exdeorum:zinc_ore_chunk":53,"minecraft:glowstone_dust":54,"xycraft_world:xychorium_gem_green":50,"dankstorage:dank_1":1,"exdeorum:deepslate_pebble":7,"exdeorum:lead_ore_chunk":88,"allthecompressed:gravel_1x":45,"xycraft_world:xychorium_gem_red":32,"minecraft:gravel":2285,"exdeorum:flint_mesh":10,"minecraft:sand":1116,"minecraft:amethyst_shard":12,"minecraft:pointed_dripstone":163,"minecraft:carrot":2,"minecraft:redstone":89,"exdeorum:silver_ore_chunk":56,"xycraft_world:xychorium_gem_dark":21,"xycraft_world:xychorium_gem_light":27,"exdeorum:aluminum_ore_chunk":139,"xycraft_world:xychorium_gem_blue":34,"ae2:certus_quartz_dust":56,"exdeorum:diorite_pebble":5,"exdeorum:tin_ore_chunk":111,"minecraft:bone_meal":95,"exdeorum:andesite_pebble":6,"exdeorum:copper_ore_chunk":258,"supplementaries:ash":1,"minecraft:coal":105,"minecraft:blaze_powder":30,"minecraft:cobblestone":35},"minecraft:dropped":{"exdeorum:basalt_pebble":7,"exdeorum:deepslate_pebble":7,"constructionwand:stone_wand":1,"exdeorum:compressed_stone_hammer":3,"exdeorum:diorite_pebble":5,"exdeorum:granite_pebble":6,"exdeorum:blackstone_pebble":5,"exdeorum:andesite_pebble":6,"exdeorum:stone_pebble":1},"minecraft:used":{"minecraft:rose_bush":1,"minecraft:iron_ore":1,"minecraft:stone_pickaxe":35,"minecraft:chest":4,"allthecompressed:cobblestone_1x":193,"minecraft:crafting_table":1,"constructionwand:stone_wand":28,"exdeorum:dust":869,"allthecompressed:gravel_1x":169,"allthecompressed:sand_1x":124,"minecraft:gravel":1004,"minecraft:cobblestone":36,"exdeorum:stone_hammer":45,"exdeorum:compressed_stone_hammer":377,"minecraft:cooked_beef":7},"minecraft:broken":{"constructionwand:stone_wand":1}},"DataVersion":3465}