{"stats":{"minecraft:killed":{"minecraft:skeleton":1,"minecraft:husk":1,"minecraft:zombie":3,"minecraft:cow":3,"thermal:blitz":1},"minecraft:crafted":{"minecraft:crafting_table":1,"minecraft:stick":8,"minecraft:wooden_pickaxe":1,"minecraft:stone_pickaxe":1,"minecraft:stone_sword":1,"minecraft:stone_axe":1,"crafting_on_a_stick:crafting_table":1,"integrateddynamics:menril_planks":9,"minecraft:air":7},"minecraft:dropped":{"farmersdelight:tomato_seeds":6,"minecraft:torch":3,"minecraft:cobblestone":27,"tombstone:essence_of_undeath":1,"minecraft:smooth_sandstone":12,"immersiveengineering:seed":1,"minecraft:chiseled_sandstone":8},"minecraft:picked_up":{"minecraft:book":6,"thermal:blitz_rod":1,"apotheosis:gem":1,"minecraft:leather":5,"integrateddynamics:crystalized_menril_chunk":4,"minecraft:torch":4,"croptopia:ginger":1,"farmersdelight:tomato_seeds":6,"minecraft:chiseled_sandstone":8,"integrateddynamics:menril_log":12,"minecraft:smooth_sandstone":12,"minecraft:bone":2,"minecraft:rotten_flesh":2,"immersiveengineering:seed":1,"mysticalagriculture:inferium_essence":1,"minecraft:beef":6,"tombstone:essence_of_undeath":1,"minecraft:coal":12,"minecraft:bone_block":29,"minecraft:cobblestone":59},"minecraft:custom":{"minecraft:time_since_rest":22083,"lootr:looted_stat":1,"minecraft:sprint_one_cm":61505,"minecraft:damage_taken":658,"minecraft:walk_one_cm":37720,"minecraft:mob_kills":9,"minecraft:drop":7,"minecraft:damage_dealt":1914,"minecraft:swim_one_cm":10794,"minecraft:player_kills":1,"minecraft:fly_one_cm":115226,"minecraft:crouch_one_cm":1667,"tombstone:undead_killed":5,"minecraft:play_time":22083,"minecraft:sneak_time":410,"minecraft:walk_under_water_one_cm":906,"minecraft:jump":479,"minecraft:time_since_death":22083,"minecraft:walk_on_water_one_cm":2223,"minecraft:total_world_time":22083,"minecraft:fall_one_cm":11030},"minecraft:broken":{"minecraft:wooden_pickaxe":1},"minecraft:mined":{"minecraft:chiseled_sandstone":8,"minecraft:tnt":2,"integrateddynamics:menril_log_filled":3,"minecraft:smooth_sandstone":28,"minecraft:torch":6,"minecraft:bookshelf":6,"minecraft:grass":9,"biomesoplenty:bush":10,"minecraft:coal_ore":12,"minecraft:dead_bush":11,"farmersdelight:wild_tomatoes":20,"minecraft:stone":59,"minecraft:bone_block":23,"integrateddynamics:menril_log":9,"croptopia:olive_crop":1},"minecraft:used":{"minecraft:stone_sword":32,"minecraft:stone_pickaxe":71,"minecraft:wooden_pickaxe":59,"minecraft:stone_axe":8,"minecraft:torch":7,"minecraft:cooked_beef":7}},"DataVersion":3465}