{"stats":{"minecraft:dropped":{"minecraft:smooth_sandstone":12,"minecraft:chiseled_sandstone":8},"minecraft:crafted":{"minecraft:crafting_table":1,"minecraft:stick":8,"minecraft:wooden_pickaxe":1,"minecraft:stone_pickaxe":1,"minecraft:stone_sword":1,"crafting_on_a_stick:crafting_table":1,"integrateddynamics:menril_planks":9,"minecraft:air":6},"minecraft:picked_up":{"integrateddynamics:crystalized_menril_chunk":4,"minecraft:torch":3,"croptopia:ginger":1,"minecraft:chiseled_sandstone":8,"integrateddynamics:menril_log":12,"minecraft:smooth_sandstone":12,"minecraft:coal":12,"minecraft:bone_block":18,"minecraft:cobblestone":59},"minecraft:custom":{"minecraft:time_since_rest":10083,"minecraft:sprint_one_cm":13923,"minecraft:damage_taken":255,"minecraft:walk_one_cm":12741,"minecraft:drop":2,"minecraft:damage_dealt":431,"minecraft:swim_one_cm":2925,"minecraft:fly_one_cm":22530,"minecraft:crouch_one_cm":669,"minecraft:play_time":10083,"minecraft:sneak_time":128,"minecraft:walk_under_water_one_cm":544,"minecraft:jump":90,"minecraft:time_since_death":10083,"minecraft:walk_on_water_one_cm":1167,"minecraft:total_world_time":10083,"minecraft:fall_one_cm":1999},"minecraft:broken":{"minecraft:wooden_pickaxe":1},"minecraft:mined":{"minecraft:chiseled_sandstone":8,"integrateddynamics:menril_log_filled":3,"minecraft:smooth_sandstone":28,"minecraft:torch":5,"minecraft:grass":1,"minecraft:coal_ore":12,"minecraft:stone":59,"minecraft:bone_block":18,"integrateddynamics:menril_log":9},"minecraft:used":{"minecraft:stone_sword":9,"minecraft:stone_pickaxe":66,"minecraft:wooden_pickaxe":59,"minecraft:torch":5,"minecraft:cooked_beef":2}},"DataVersion":3465}