{"stats":{"minecraft:dropped":{"dankstorage:dank_2":2,"exdeorum:basalt_pebble":7,"exdeorum:deepslate_pebble":7,"constructionwand:stone_wand":1,"exdeorum:compressed_stone_hammer":9,"exdeorum:diorite_pebble":5,"exdeorum:granite_pebble":6,"exdeorum:blackstone_pebble":5,"exdeorum:andesite_pebble":6,"exdeorum:stone_pebble":1,"exdeorum:stone_hammer":5},"minecraft:used":{"minecraft:rose_bush":1,"minecraft:iron_ore":2,"minecraft:stone_pickaxe":85,"minecraft:chest":10,"minecraft:iron_sword":12,"allthecompressed:cobblestone_1x":769,"minecraft:hopper":12,"minecraft:crafting_table":1,"minecraft:carrot":17,"constructionwand:stone_wand":196,"xycraft_world:smooth_kivi":406,"exdeorum:dust":2986,"allthecompressed:sand_2x":1,"xycraft_world:kivi":268,"minecraft:iron_pickaxe":45,"xycraft_world:kivi_tiles":170,"allthecompressed:gravel_1x":453,"allthecompressed:sand_1x":408,"minecraft:oak_button":1,"minecraft:gravel":3715,"minecraft:cobblestone":90,"exdeorum:stone_hammer":45,"exdeorum:compressed_stone_hammer":1523,"minecraft:cooked_beef":15,"minecraft:bone_meal":64},"minecraft:custom":{"minecraft:interact_with_furnace":13,"minecraft:mob_kills":2,"minecraft:interact_with_crafting_table":27,"minecraft:leave_game":3,"minecraft:time_since_death":6142,"minecraft:sleep_in_bed":4,"minecraft:time_since_rest":5924,"minecraft:sprint_one_cm":114805,"minecraft:damage_taken":10930,"minecraft:walk_one_cm":148375,"minecraft:drop":24,"minecraft:use_wand":1485,"minecraft:damage_dealt":780,"minecraft:talked_to_villager":1,"minecraft:fly_one_cm":104469,"minecraft:open_chest":121,"tombstone:undead_killed":1,"minecraft:crouch_one_cm":50431,"minecraft:play_time":112005,"minecraft:deaths":3,"minecraft:sneak_time":9428,"minecraft:jump":970,"minecraft:walk_on_water_one_cm":123,"minecraft:total_world_time":112005,"minecraft:fall_one_cm":195156},"minecraft:picked_up":{"exdeorum:gold_ore_chunk":115,"exdeorum:osmium_ore_chunk":136,"exdeorum:basalt_pebble":7,"exdeorum:dust":2594,"enderio:grains_of_infinity":159,"exdeorum:iron_ore_chunk":405,"minecraft:flint":819,"minecraft:oak_log":1,"minecraft:gunpowder":231,"exdeorum:blackstone_pebble":5,"minecraft:lapis_lazuli":179,"exdeorum:nickel_ore_chunk":185,"minecraft:string":3,"exdeorum:granite_pebble":6,"ae2:sky_dust":139,"mysticalagriculture:inferium_essence":2,"exdeorum:stone_pebble":25,"allthecompressed:sand_2x":1,"minecraft:rose_bush":1,"exdeorum:zinc_ore_chunk":148,"exdeorum:compressed_stone_hammer":2,"minecraft:glowstone_dust":134,"minecraft:chest":4,"xycraft_world:xychorium_gem_green":117,"dankstorage:dank_1":1,"minecraft:raw_iron":20,"exdeorum:deepslate_pebble":7,"exdeorum:lead_ore_chunk":191,"allthecompressed:gravel_1x":45,"xycraft_world:xychorium_gem_red":74,"dankstorage:dank_2":1,"xycraft_world:kivi_tiles":6,"xycraft_world:smooth_kivi":13,"minecraft:gravel":7460,"exdeorum:flint_mesh":10,"minecraft:sand":3617,"minecraft:amethyst_shard":54,"minecraft:pointed_dripstone":538,"minecraft:carrot":86,"minecraft:redstone":208,"exdeorum:silver_ore_chunk":208,"xycraft_world:xychorium_gem_dark":65,"xycraft_world:xychorium_gem_light":86,"minecraft:rotten_flesh":2,"exdeorum:aluminum_ore_chunk":256,"xycraft_world:xychorium_gem_blue":86,"ae2:certus_quartz_dust":158,"exdeorum:diorite_pebble":5,"xycraft_world:kivi":39,"exdeorum:tin_ore_chunk":274,"minecraft:bone_meal":225,"exdeorum:andesite_pebble":6,"exdeorum:copper_ore_chunk":489,"supplementaries:ash":1,"minecraft:hopper":8,"minecraft:coal":419,"minecraft:blaze_powder":80,"minecraft:cobblestone":43},"minecraft:broken":{"constructionwand:stone_wand":10},"minecraft:mined":{"xycraft_world:kivi":44,"allthecompressed:gravel_1x":453,"minecraft:chest":4,"minecraft:rose_bush":1,"minecraft:cobblestone":45,"minecraft:hopper":8,"xycraft_world:kivi_tiles":19,"allthecompressed:sand_1x":408,"allthecompressed:sand_2x":1,"minecraft:fire":1,"minecraft:oak_log":1,"xycraft_world:smooth_kivi":14,"allthecompressed:cobblestone_1x":704},"minecraft:crafted":{"dankstorage:dank_2":1,"minecraft:oak_planks":6,"minecraft:crafting_table":1,"minecraft:gravel":1,"minecraft:stone":0,"exdeorum:compressed_stone_hammer":17,"minecraft:air":1560,"allthecompressed:gravel_1x":408,"minecraft:hopper":4,"crafting_on_a_stick:stonecutter":1,"constructionwand:stone_wand":14,"minecraft:stick":17,"minecraft:iron_pickaxe":1,"minecraft:iron_ingot":20,"allthecompressed:sand_1x":439,"minecraft:stone_pickaxe":1,"minecraft:chest":9,"minecraft:iron_ore":1,"minecraft:stonecutter":1,"minecraft:oak_button":1,"minecraft:redstone_block":8,"exdeorum:stone_hammer":130,"allthecompressed:sand_2x":31},"minecraft:killed":{"minecraft:zombie":1,"forcecraft:creeper_tot":1}},"DataVersion":3465}