{"stats":{"minecraft:custom":{"minecraft:interact_with_furnace":11,"minecraft:interact_with_crafting_table":22,"minecraft:leave_game":2,"minecraft:time_since_death":75575,"minecraft:sleep_in_bed":3,"minecraft:time_since_rest":1722,"minecraft:sprint_one_cm":77227,"minecraft:damage_taken":1690,"minecraft:walk_one_cm":100818,"minecraft:drop":22,"minecraft:use_wand":1341,"minecraft:damage_dealt":86,"minecraft:talked_to_villager":1,"minecraft:fly_one_cm":41017,"minecraft:open_chest":102,"minecraft:crouch_one_cm":3423,"minecraft:play_time":75575,"minecraft:sneak_time":1191,"minecraft:jump":559,"minecraft:walk_on_water_one_cm":123,"minecraft:total_world_time":75575,"minecraft:fall_one_cm":21879},"minecraft:mined":{"allthecompressed:gravel_1x":453,"minecraft:rose_bush":1,"minecraft:cobblestone":35,"allthecompressed:sand_1x":408,"allthecompressed:sand_2x":1,"minecraft:oak_log":1,"allthecompressed:cobblestone_1x":704},"minecraft:crafted":{"dankstorage:dank_2":1,"minecraft:oak_planks":4,"minecraft:crafting_table":1,"minecraft:gravel":1,"exdeorum:compressed_stone_hammer":17,"minecraft:air":1548,"allthecompressed:gravel_1x":408,"constructionwand:stone_wand":14,"minecraft:stick":16,"minecraft:iron_ingot":20,"allthecompressed:sand_1x":439,"minecraft:stone_pickaxe":1,"minecraft:chest":1,"minecraft:iron_ore":1,"minecraft:oak_button":1,"minecraft:redstone_block":8,"exdeorum:stone_hammer":130,"allthecompressed:sand_2x":31},"minecraft:picked_up":{"exdeorum:gold_ore_chunk":115,"exdeorum:osmium_ore_chunk":136,"exdeorum:basalt_pebble":7,"exdeorum:dust":2594,"enderio:grains_of_infinity":159,"exdeorum:iron_ore_chunk":405,"minecraft:flint":819,"minecraft:oak_log":1,"minecraft:gunpowder":231,"exdeorum:blackstone_pebble":5,"minecraft:lapis_lazuli":179,"minecraft:string":3,"exdeorum:nickel_ore_chunk":185,"exdeorum:granite_pebble":6,"ae2:sky_dust":139,"mysticalagriculture:inferium_essence":1,"exdeorum:stone_pebble":25,"allthecompressed:sand_2x":1,"minecraft:rose_bush":1,"exdeorum:zinc_ore_chunk":148,"exdeorum:compressed_stone_hammer":2,"minecraft:glowstone_dust":134,"xycraft_world:xychorium_gem_green":117,"dankstorage:dank_1":1,"minecraft:raw_iron":20,"exdeorum:deepslate_pebble":7,"exdeorum:lead_ore_chunk":191,"allthecompressed:gravel_1x":45,"xycraft_world:xychorium_gem_red":74,"dankstorage:dank_2":1,"minecraft:gravel":7460,"exdeorum:flint_mesh":10,"minecraft:sand":3617,"minecraft:amethyst_shard":54,"minecraft:pointed_dripstone":538,"minecraft:carrot":86,"minecraft:redstone":208,"exdeorum:silver_ore_chunk":208,"xycraft_world:xychorium_gem_dark":65,"xycraft_world:xychorium_gem_light":86,"exdeorum:aluminum_ore_chunk":256,"xycraft_world:xychorium_gem_blue":86,"ae2:certus_quartz_dust":158,"exdeorum:diorite_pebble":5,"exdeorum:tin_ore_chunk":274,"minecraft:bone_meal":225,"exdeorum:andesite_pebble":6,"exdeorum:copper_ore_chunk":489,"supplementaries:ash":1,"minecraft:coal":419,"minecraft:blaze_powder":80,"minecraft:cobblestone":35},"minecraft:dropped":{"exdeorum:basalt_pebble":7,"exdeorum:deepslate_pebble":7,"constructionwand:stone_wand":1,"exdeorum:compressed_stone_hammer":9,"exdeorum:diorite_pebble":5,"exdeorum:granite_pebble":6,"exdeorum:blackstone_pebble":5,"exdeorum:andesite_pebble":6,"exdeorum:stone_pebble":1,"exdeorum:stone_hammer":5},"minecraft:used":{"minecraft:rose_bush":1,"minecraft:iron_ore":2,"minecraft:stone_pickaxe":35,"minecraft:chest":4,"allthecompressed:cobblestone_1x":769,"minecraft:crafting_table":1,"minecraft:carrot":3,"constructionwand:stone_wand":176,"allthecompressed:sand_2x":1,"exdeorum:dust":2986,"minecraft:oak_button":1,"allthecompressed:gravel_1x":453,"allthecompressed:sand_1x":408,"minecraft:gravel":3715,"minecraft:cobblestone":36,"exdeorum:stone_hammer":45,"exdeorum:compressed_stone_hammer":1523,"minecraft:cooked_beef":15,"minecraft:bone_meal":64},"minecraft:broken":{"constructionwand:stone_wand":9}},"DataVersion":3465}