{"stats":{"minecraft:custom":{"minecraft:time_since_rest":18726,"minecraft:sprint_one_cm":10847,"minecraft:walk_one_cm":9467,"minecraft:drop":7,"minecraft:fly_one_cm":5880,"minecraft:open_chest":13,"minecraft:crouch_one_cm":310,"minecraft:play_time":18726,"minecraft:sneak_time":409,"minecraft:jump":50,"minecraft:walk_on_water_one_cm":123,"minecraft:time_since_death":18726,"minecraft:leave_game":1,"minecraft:total_world_time":18726,"minecraft:fall_one_cm":418},"minecraft:mined":{"minecraft:rose_bush":1},"minecraft:crafted":{"minecraft:gravel":1,"minecraft:iron_ore":1,"minecraft:air":10},"minecraft:picked_up":{"exdeorum:osmium_ore_chunk":19,"exdeorum:gold_ore_chunk":13,"exdeorum:deepslate_pebble":7,"exdeorum:basalt_pebble":7,"exdeorum:lead_ore_chunk":21,"minecraft:gravel":557,"exdeorum:flint_mesh":1,"minecraft:flint":103,"exdeorum:iron_ore_chunk":57,"minecraft:amethyst_shard":6,"minecraft:pointed_dripstone":57,"minecraft:carrot":2,"exdeorum:silver_ore_chunk":23,"exdeorum:blackstone_pebble":5,"minecraft:lapis_lazuli":18,"exdeorum:nickel_ore_chunk":24,"exdeorum:granite_pebble":6,"exdeorum:aluminum_ore_chunk":18,"mysticalagriculture:inferium_essence":1,"exdeorum:diorite_pebble":5,"exdeorum:stone_pebble":25,"exdeorum:tin_ore_chunk":33,"exdeorum:zinc_ore_chunk":18,"minecraft:rose_bush":1,"exdeorum:copper_ore_chunk":52,"exdeorum:andesite_pebble":6,"minecraft:coal":44},"minecraft:dropped":{"exdeorum:basalt_pebble":7,"exdeorum:deepslate_pebble":7,"exdeorum:diorite_pebble":5,"exdeorum:granite_pebble":6,"exdeorum:blackstone_pebble":5,"exdeorum:andesite_pebble":6,"exdeorum:stone_pebble":1},"minecraft:used":{"minecraft:rose_bush":1,"minecraft:iron_ore":1,"minecraft:gravel":435}},"DataVersion":3465}