{"stats":{"minecraft:custom":{"minecraft:interact_with_furnace":2,"minecraft:interact_with_crafting_table":20,"minecraft:leave_game":1,"minecraft:time_since_death":54415,"minecraft:sleep_in_bed":2,"minecraft:time_since_rest":21068,"minecraft:sprint_one_cm":58260,"minecraft:damage_taken":1510,"minecraft:walk_one_cm":76604,"minecraft:drop":22,"minecraft:use_wand":1034,"minecraft:damage_dealt":86,"minecraft:talked_to_villager":1,"minecraft:fly_one_cm":29839,"minecraft:open_chest":74,"minecraft:crouch_one_cm":3419,"minecraft:play_time":54415,"minecraft:sneak_time":1145,"minecraft:jump":376,"minecraft:walk_on_water_one_cm":123,"minecraft:total_world_time":54415,"minecraft:fall_one_cm":16870},"minecraft:mined":{"allthecompressed:gravel_1x":453,"minecraft:rose_bush":1,"minecraft:cobblestone":35,"allthecompressed:sand_1x":408,"allthecompressed:sand_2x":1,"minecraft:oak_log":1,"allthecompressed:cobblestone_1x":384},"minecraft:crafted":{"minecraft:oak_planks":4,"minecraft:crafting_table":1,"minecraft:gravel":1,"exdeorum:compressed_stone_hammer":14,"minecraft:air":1448,"allthecompressed:gravel_1x":408,"constructionwand:stone_wand":14,"minecraft:stick":12,"minecraft:iron_ingot":20,"allthecompressed:sand_1x":439,"minecraft:stone_pickaxe":1,"minecraft:chest":1,"minecraft:iron_ore":1,"exdeorum:stone_hammer":97,"allthecompressed:sand_2x":31},"minecraft:picked_up":{"exdeorum:gold_ore_chunk":44,"exdeorum:osmium_ore_chunk":63,"exdeorum:basalt_pebble":7,"exdeorum:dust":2585,"enderio:grains_of_infinity":63,"exdeorum:iron_ore_chunk":173,"minecraft:flint":337,"minecraft:oak_log":1,"minecraft:gunpowder":90,"exdeorum:blackstone_pebble":5,"minecraft:lapis_lazuli":69,"minecraft:string":3,"exdeorum:nickel_ore_chunk":83,"exdeorum:granite_pebble":6,"ae2:sky_dust":64,"mysticalagriculture:inferium_essence":1,"exdeorum:stone_pebble":25,"allthecompressed:sand_2x":1,"minecraft:rose_bush":1,"exdeorum:zinc_ore_chunk":66,"exdeorum:compressed_stone_hammer":2,"minecraft:glowstone_dust":54,"xycraft_world:xychorium_gem_green":50,"dankstorage:dank_1":1,"exdeorum:deepslate_pebble":7,"exdeorum:lead_ore_chunk":107,"allthecompressed:gravel_1x":45,"xycraft_world:xychorium_gem_red":36,"minecraft:gravel":4579,"exdeorum:flint_mesh":10,"minecraft:sand":3617,"minecraft:amethyst_shard":19,"minecraft:pointed_dripstone":213,"minecraft:carrot":2,"minecraft:redstone":93,"exdeorum:silver_ore_chunk":106,"xycraft_world:xychorium_gem_dark":21,"xycraft_world:xychorium_gem_light":27,"exdeorum:aluminum_ore_chunk":156,"xycraft_world:xychorium_gem_blue":36,"ae2:certus_quartz_dust":57,"exdeorum:diorite_pebble":5,"exdeorum:tin_ore_chunk":147,"minecraft:bone_meal":97,"exdeorum:andesite_pebble":6,"exdeorum:copper_ore_chunk":293,"supplementaries:ash":1,"minecraft:coal":162,"minecraft:blaze_powder":32,"minecraft:cobblestone":35},"minecraft:dropped":{"exdeorum:basalt_pebble":7,"exdeorum:deepslate_pebble":7,"constructionwand:stone_wand":1,"exdeorum:compressed_stone_hammer":9,"exdeorum:diorite_pebble":5,"exdeorum:granite_pebble":6,"exdeorum:blackstone_pebble":5,"exdeorum:andesite_pebble":6,"exdeorum:stone_pebble":1,"exdeorum:stone_hammer":5},"minecraft:used":{"minecraft:rose_bush":1,"minecraft:iron_ore":1,"minecraft:stone_pickaxe":35,"minecraft:chest":4,"allthecompressed:cobblestone_1x":449,"minecraft:crafting_table":1,"constructionwand:stone_wand":141,"allthecompressed:sand_2x":1,"exdeorum:dust":1715,"allthecompressed:gravel_1x":453,"allthecompressed:sand_1x":408,"minecraft:gravel":1795,"minecraft:cobblestone":36,"exdeorum:stone_hammer":45,"exdeorum:compressed_stone_hammer":1203,"minecraft:cooked_beef":13},"minecraft:broken":{"constructionwand:stone_wand":7}},"DataVersion":3465}