{"stat.pickup.minecraft.bone":4,"stat.pickup.minecraft.gravel":46,"stat.mineBlock.minecraft.cobblestone":1,"stat.pickup.minecraft.stone_pickaxe":1,"stat.pickup.minecraft.stone_axe":1,"stat.pickup.primal_tech.stone_grill":1,"stat.useItem.minecraft.apple":1,"stat.killEntity.trumpetskeleton.TrumpetSkeleton":1,"stat.craftItem.minecraft.flint":26,"stat.craftItem.pickletweaks.grass_mesh":1,"stat.useItem.minecraft.porkchop":1,"stat.mineBlock.rustic.leaves":25,"stat.pickup.primal.bone_knapp":1,"stat.mineBlock.horsepower.chopping_block":1,"stat.drop.minecraft.cooked_porkchop":1,"stat.drop.rustic.olives":6,"stat.pickup.minecraft.brick":1,"stat.jump":400,"stat.swimOneCm":40136,"stat.pickup.immcraft.rock":3,"stat.pickup.primal.flint_pickaxe":2,"stat.fallOneCm":9509,"stat.useItem.minecraft.stone_axe":39,"stat.pickup.minecraft.porkchop":20,"stat.crouchOneCm":546,"stat.pickup.minecraft.spider_eye":1,"stat.pickup.minecraft.dirt":12,"stat.useItem.minecraft.dirt":2,"stat.useItem.primal.flint_hatchet":37,"stat.pickup.minecraft.rotten_flesh":10,"stat.drop.minecraft.poisonous_potato":2,"stat.pickup.minecraft.stone_shovel":1,"stat.mineBlock.immcraft.rock":3,"stat.pickup.primal.plant_fiber":53,"stat.damageTaken":485,"stat.pickup.primal.flint_knapp":18,"stat.pickup.minecraft.cobblestone":19,"stat.pickup.primal.rush_stems":4,"stat.entityKilledBy.piranha":1,"stat.pickup.minecraft.planks":8,"stat.mineBlock.minecraft.clay":4,"stat.pickup.minecraft.reeds":2,"stat.flyOneCm":77364,"stat.mineBlock.minecraft.sand":1,"stat.pickup.minecraft.potato":3,"stat.pickup.primal.flint_workblade":1,"stat.mineBlock.minecraft.gravel":46,"stat.mineBlock.primal_tech.stone_grill":1,"stat.useItem.minecraft.stone_pickaxe":5,"stat.useItem.minecraft.cooked_beef":1,"stat.mineBlock.primal_tech.work_stump":3,"stat.useItem.minecraft.stone_sword":34,"stat.mineBlock.primal_tech.charcoal_block":2,"stat.damageDealt":2590,"stat.useItem.primal_tech.fire_sticks":10,"stat.timeSinceDeath":176,"stat.killEntity.Cow":1,"stat.mineBlock.minecraft.dirt":7,"stat.craftItem.horsepower.chopping_block":2,"stat.killEntity.Pig":8,"stat.craftItem.primal_tech.rock":1,"stat.pickup.minecraft.poisonous_potato":2,"stat.mineBlock.primal.rush":1,"stat.useItem.minecraft.air":8,"stat.drop.primal.hide_raw":1,"stat.pickup.minecraft.double_plant":4,"stat.walkOneCm":191273,"stat.pickup.minecraft.stick":75,"stat.useItem.minecraft.potato":3,"stat.pickup.minecraft.clay_ball":16,"stat.useItem.minecraft.cobblestone":1,"stat.useItem.minecraft.cooked_porkchop":2,"stat.pickup.minecraft.log":40,"stat.craftItem.primal.hide_raw":10,"stat.mineBlock.minecraft.grass":5,"stat.pickup.primal.pelt_pig":6,"stat.pickup.minecraft.beef":3,"stat.craftItem.primal_tech.fire_sticks":3,"stat.craftItem.primal_tech.work_stump":1,"stat.pickup.minecraft.stone":1,"stat.pickup.naturescompass.naturescompass":1,"stat.pickup.primal_tech.charcoal_block":2,"stat.pickup.minecraft.sapling":5,"stat.sprintOneCm":66476,"stat.useItem.primal.flint_workblade":123,"stat.pickup.minecraft.apple":1,"stat.useItem.primal.flint_pickaxe":20,"stat.killEntity.Spider":1,"stat.pickup.minecraft.stone_sword":1,"stat.pickup.rustic.olives":13,"stat.mobKills":18,"stat.mineBlock.minecraft.log":40,"stat.mineBlock.primal_tech.clay_kiln":2,"stat.pickup.primal_tech.work_stump":3,"stat.deaths":1,"stat.drop":5,"stat.mineBlock.minecraft.leaves":123,"stat.pickup.horsepower.chopping_block":1,"stat.pickup.primal_tech.clay_kiln":2,"stat.craftItem.primal.flint_hatchet":1,"stat.playOneMinute":55557,"stat.sneakTime":400,"stat.killEntity.Zombie":5,"stat.pickup.minecraft.stone_slab":3,"stat.mineBlock.minecraft.stone":40,"stat.mineBlock.minecraft.tallgrass":57,"stat.diveOneCm":20907,"stat.craftItem.primal.plant_cordage":6}