{"stats":{"minecraft:custom":{"minecraft:mob_kills":3,"minecraft:leave_game":1,"minecraft:time_since_death":33005,"minecraft:sprint_one_cm":1009,"minecraft:walk_one_cm":199760,"minecraft:drop":37,"minecraft:talked_to_villager":8,"minecraft:play_time":134247,"minecraft:deaths":1,"minecraft:sneak_time":24322,"minecraft:jump":355,"minecraft:total_world_time":134247,"minecraft:interact_with_furnace":35,"minecraft:sleep_in_bed":1,"minecraft:time_since_rest":32801,"minecraft:damage_taken":450,"minecraft:damage_dealt":384,"minecraft:use_wand":567,"minecraft:fly_one_cm":2868,"minecraft:open_chest":70,"minecraft:crouch_one_cm":2923,"tombstone:villager_killed":1,"minecraft:fall_one_cm":7567},"minecraft:mined":{"mekanismgenerators:wind_generator":1,"allthecompressed:sand_1x":133,"exdeorum:oak_sieve":1,"minecraft:oak_slab":1,"exdeorum:infested_leaves":179,"allthecompressed:gravel_1x":133,"mekanism:metallurgic_infuser":1,"exdeorum:oak_barrel":1,"minecraft:dirt":1,"allthecompressed:cobblestone_1x":251,"minecraft:oak_leaves":538},"minecraft:killed_by":{"minecraft:phantom":1},"minecraft:crafted":{"pipez:wrench":1,"minecraft:oak_planks":12,"mekanismgenerators:wind_generator":1,"rftoolsbase:machine_frame":1,"minecraft:furnace":2,"allthecompressed:cobblestone_1x":36,"alltheores:osmium_ore":3,"minecraft:glass":7,"minecraft:stone_pickaxe":1,"allthecompressed:sand_1x":16,"alltheores:steel_ingot":4,"minecraft:redstone_block":2,"mekanism:energy_tablet":2,"minecraft:dropper":2,"rftoolspower:coalgenerator":1,"alltheores:osmium_ingot":5,"mekanism:metallurgic_infuser":1,"minecraft:crafting_table":2,"minecraft:gold_ore":1,"minecraft:gravel":34,"pickletweaks:flint_shears":4,"constructionwand:iron_wand":2,"pipez:energy_pipe":16,"exdeorum:compressed_stone_hammer":11,"crafting_on_a_stick:crafting_table":2,"minecraft:air":512,"exdeorum:crook":1,"minecraft:blue_dye":2,"minecraft:gold_nugget":1,"mekanism:steel_casing":1,"constructionwand:stone_wand":2,"minecraft:stick":21,"mekanism:crusher":1,"minecraft:iron_ingot":46,"minecraft:iron_ore":26,"minecraft:gold_ingot":13,"minecraft:redstone_torch":2},"minecraft:picked_up":{"exdeorum:porcelain_bucket":1,"alltheores:osmium_ingot":16,"exdeorum:dust":1574,"minecraft:lead":5,"exdeorum:iron_ore_chunk":178,"exdeorum:oak_barrel":1,"exdeorum:blackstone_pebble":292,"minecraft:string":94,"exdeorum:string_mesh":2,"exdeorum:granite_pebble":234,"minecraft:bucket":2,"exdeorum:zinc_ore_chunk":69,"exdeorum:compressed_stone_hammer":1,"xycraft_world:xychorium_gem_green":106,"minecraft:stick":38,"dankstorage:dank_2":1,"minecraft:pointed_dripstone":205,"minecraft:carrot":21,"minecraft:redstone":199,"exdeorum:silk_worm":6,"xycraft_world:xychorium_gem_blue":75,"ae2:certus_quartz_dust":140,"exdeorum:diorite_pebble":107,"exdeorum:tin_ore_chunk":93,"exdeorum:andesite_pebble":137,"supplementaries:ash":1,"minecraft:blaze_powder":80,"exdeorum:crook":2,"exdeorum:osmium_ore_chunk":60,"exdeorum:basalt_pebble":168,"minecraft:leather":4,"enderio:grains_of_infinity":142,"minecraft:flint":347,"minecraft:oak_log":138,"minecraft:gunpowder":233,"minecraft:dirt":13,"exdeorum:nickel_ore_chunk":76,"minecraft:lapis_lazuli":61,"pickletweaks:flint_shears":2,"minecraft:glass":8,"ae2:sky_dust":175,"minecraft:apple":8,"exdeorum:stone_pebble":1079,"exdeorum:oak_sieve":1,"minecraft:glowstone_dust":153,"mekanism:metallurgic_infuser":1,"dankstorage:dank_1":4,"minecraft:oak_slab":1,"allthecompressed:sand_1x":1,"exdeorum:deepslate_pebble":162,"exdeorum:lead_ore_chunk":72,"allthecompressed:gravel_1x":38,"xycraft_world:xychorium_gem_red":88,"minecraft:gravel":2209,"minecraft:lava_bucket":2,"minecraft:sand":1188,"minecraft:amethyst_shard":28,"exdeorum:silver_ore_chunk":89,"xycraft_world:xychorium_gem_dark":72,"mekanismgenerators:wind_generator":1,"xycraft_world:xychorium_gem_light":95,"exdeorum:aluminum_ore_chunk":64,"minecraft:bone_meal":217,"exdeorum:copper_ore_chunk":130,"minecraft:oak_sapling":70,"minecraft:coal":171,"minecraft:oak_leaves":456,"minecraft:wooden_axe":1,"exdeorum:gold_ore_chunk":52},"minecraft:dropped":{"minecraft:iron_ingot":46,"dankstorage:dank_1":4,"xycraft_world:xychorium_gem_dark":2,"minecraft:oak_log":156,"allthecompressed:cobblestone_1x":36,"pickletweaks:flint_shears":1,"exdeorum:iron_ore_chunk":2,"minecraft:dirt":2,"exdeorum:granite_pebble":2,"minecraft:bone_meal":16,"minecraft:string":94,"exdeorum:stone_pebble":1,"minecraft:bucket":2,"enderio:grains_of_infinity":4,"minecraft:redstone":9,"xycraft_world:xychorium_gem_light":7,"xycraft_world:xychorium_gem_blue":4,"minecraft:glowstone_dust":8,"minecraft:blaze_powder":2,"exdeorum:silver_ore_chunk":12,"ae2:sky_dust":35,"xycraft_world:xychorium_gem_red":3,"supplementaries:ash":1,"minecraft:gunpowder":10,"ae2:certus_quartz_dust":5},"minecraft:used":{"rftoolspower:coalgenerator":1,"exdeorum:crook":261,"allthecompressed:cobblestone_1x":449,"minecraft:dirt":1,"constructionwand:iron_wand":25,"minecraft:carrot":14,"exdeorum:silk_worm":3,"minecraft:wooden_axe":20,"mekanismgenerators:wind_generator":2,"minecraft:oak_sapling":19,"tombstone:gift":1,"exdeorum:oak_sieve":1,"minecraft:stone_pickaxe":2,"minecraft:oak_slab":1,"constructionwand:stone_wand":33,"exdeorum:dust":1078,"exdeorum:oak_barrel":1,"mekanism:crusher":1,"minecraft:apple":2,"allthecompressed:sand_1x":133,"mekanism:metallurgic_infuser":2,"allthecompressed:gravel_1x":133,"minecraft:gravel":1396,"exdeorum:compressed_stone_hammer":515,"pipez:energy_pipe":4},"minecraft:broken":{"constructionwand:stone_wand":2,"constructionwand:iron_wand":1,"exdeorum:crook":2},"minecraft:killed":{"minecraft:wandering_trader":1,"minecraft:trader_llama":2}},"DataVersion":3465}