{"stats":{"minecraft:killed":{"minecraft:zombie":1,"minecraft:silverfish":57},"minecraft:dropped":{"minecraft:cracked_stone_bricks":2,"quark:shale":5,"evilcraft:flesh_humanoid":1,"minecraft:chiseled_stone_bricks":2,"minecraft:dirt":14,"minecraft:mossy_stone_bricks":2,"enderio:dark_steel_sword":2},"minecraft:crafted":{"minecraft:oak_planks":6,"crafting_on_a_stick:crafting_table":1,"minecraft:air":31,"minecraft:stick":1,"minecraft:stone_pickaxe":1,"minecraft:stone_sword":1},"minecraft:picked_up":{"minecraft:crafting_table":1,"pneumaticcraft:compressed_iron_leggings":1,"minecraft:flower_pot":1,"minecraft:oak_log":6,"evilcraft:flesh_humanoid":2,"quark:limestone":10,"farmersdelight:tomato":4,"minecraft:dirt":32,"bhc:red_heart":1,"minecraft:stone_bricks":2,"minecraft:cracked_stone_bricks":2,"mysticalagriculture:inferium_essence":3,"enderio:dark_steel_sword":1,"minecraft:mossy_stone_bricks":3,"minecraft:book":15,"minecraft:stick":12,"apotheosis:gem":5,"minecraft:chiseled_stone_bricks":2,"quark:shale":7,"minecraft:torch":17,"farmersdelight:tomato_seeds":15,"minecraft:lily_of_the_valley":1,"minecraft:tnt":2,"alltheores:raw_nickel":4,"minecraft:rotten_flesh":2,"minecraft:coal":6,"minecraft:bone_block":10,"minecraft:cobblestone":37},"minecraft:custom":{"lootr:looted_stat":5,"minecraft:mob_kills":60,"minecraft:damage_dealt_resisted":0,"minecraft:leave_game":1,"minecraft:time_since_death":13710,"minecraft:climb_one_cm":4111,"minecraft:time_since_rest":11599,"minecraft:sprint_one_cm":77112,"minecraft:damage_absorbed":7,"minecraft:damage_taken":1119,"minecraft:walk_one_cm":116886,"minecraft:damage_blocked_by_shield":10,"minecraft:drop":12,"minecraft:damage_dealt":1133,"minecraft:swim_one_cm":42608,"minecraft:fly_one_cm":155892,"minecraft:crouch_one_cm":3506,"minecraft:play_time":45402,"tombstone:undead_killed":1,"minecraft:deaths":2,"minecraft:sneak_time":1687,"minecraft:walk_under_water_one_cm":1916,"minecraft:jump":805,"minecraft:walk_on_water_one_cm":6727,"minecraft:total_world_time":45402,"minecraft:fall_one_cm":19582},"minecraft:mined":{"quark:shale":7,"minecraft:potted_lily_of_the_valley":1,"minecraft:grass_block":1,"minecraft:stone_slab":1,"minecraft:deepslate_coal_ore":6,"farmersdelight:wild_tomatoes":1,"minecraft:infested_chiseled_stone_bricks":2,"minecraft:wall_torch":3,"minecraft:chiseled_stone_bricks":2,"minecraft:infested_mossy_stone_bricks":1,"minecraft:bookshelf":1,"minecraft:oak_log":6,"minecraft:vine":1,"quark:limestone":10,"minecraft:dirt":18,"minecraft:infested_cracked_stone_bricks":5,"minecraft:cracked_stone_bricks":3,"minecraft:stone_bricks":2,"minecraft:stone":10,"minecraft:bone_block":16,"alltheores:nickel_ore":4,"minecraft:mossy_stone_bricks":1,"minecraft:infested_stone":3},"minecraft:used":{"minecraft:stone_sword":24,"minecraft:stone_pickaxe":75,"minecraft:oak_planks":10,"quark:shale":2,"minecraft:torch":5,"minecraft:dirt":18,"artifacts:umbrella":1,"pneumaticcraft:compressed_iron_leggings":1,"minecraft:iron_boots":1,"minecraft:stone_bricks":2,"tombstone:gift":1,"minecraft:cooked_beef":5},"minecraft:killed_by":{"minecraft:silverfish":2}},"DataVersion":3465}