{"stats":{"minecraft:killed":{"minecraft:zombie":1},"minecraft:crafted":{"minecraft:oak_planks":6,"minecraft:stick":1,"minecraft:stone_pickaxe":1,"minecraft:stone_sword":1,"crafting_on_a_stick:crafting_table":1,"minecraft:air":31},"minecraft:picked_up":{"minecraft:book":15,"minecraft:stick":12,"minecraft:crafting_table":1,"apotheosis:gem":3,"minecraft:flower_pot":1,"minecraft:torch":4,"farmersdelight:tomato_seeds":15,"minecraft:oak_log":6,"minecraft:lily_of_the_valley":1,"farmersdelight:tomato":4,"minecraft:tnt":2,"minecraft:rotten_flesh":2,"minecraft:bone_block":10,"minecraft:cobblestone":27},"minecraft:custom":{"minecraft:time_since_rest":14279,"lootr:looted_stat":1,"minecraft:sprint_one_cm":17813,"minecraft:damage_taken":120,"minecraft:walk_one_cm":43365,"minecraft:mob_kills":1,"minecraft:damage_dealt":226,"minecraft:swim_one_cm":6378,"minecraft:fly_one_cm":44788,"minecraft:play_time":14279,"tombstone:undead_killed":1,"minecraft:sneak_time":13,"minecraft:walk_under_water_one_cm":565,"minecraft:jump":206,"minecraft:time_since_death":14279,"minecraft:walk_on_water_one_cm":1446,"minecraft:total_world_time":14279,"minecraft:fall_one_cm":2775},"minecraft:mined":{"minecraft:potted_lily_of_the_valley":1,"minecraft:bookshelf":1,"minecraft:oak_log":6,"farmersdelight:wild_tomatoes":1,"minecraft:bone_block":16,"minecraft:wall_torch":1},"minecraft:used":{"minecraft:stone_sword":4,"minecraft:stone_pickaxe":16,"minecraft:torch":1,"minecraft:cooked_beef":1}},"DataVersion":3465}