{"stats":{"minecraft:custom":{"minecraft:time_since_rest":57783,"minecraft:sprint_one_cm":488,"minecraft:walk_one_cm":69760,"minecraft:drop":13,"minecraft:talked_to_villager":4,"minecraft:fly_one_cm":83,"minecraft:open_chest":8,"minecraft:crouch_one_cm":1135,"minecraft:play_time":57783,"minecraft:sneak_time":23296,"minecraft:jump":63,"minecraft:time_since_death":57783,"minecraft:total_world_time":57783,"minecraft:fall_one_cm":627,"minecraft:interact_with_furnace":4},"minecraft:picked_up":{"minecraft:wooden_axe":1,"exdeorum:crook":2,"exdeorum:basalt_pebble":168,"minecraft:oak_slab":1,"minecraft:stick":25,"exdeorum:deepslate_pebble":162,"xycraft_world:xychorium_gem_red":4,"minecraft:leather":1,"minecraft:lead":2,"enderio:grains_of_infinity":2,"minecraft:gravel":14,"minecraft:flint":1,"minecraft:oak_log":101,"exdeorum:oak_barrel":1,"minecraft:carrot":5,"minecraft:gunpowder":6,"minecraft:redstone":5,"xycraft_world:xychorium_gem_dark":1,"exdeorum:blackstone_pebble":292,"minecraft:string":94,"minecraft:dirt":3,"exdeorum:string_mesh":2,"exdeorum:granite_pebble":234,"exdeorum:silk_worm":6,"pickletweaks:flint_shears":2,"ae2:sky_dust":8,"minecraft:apple":6,"xycraft_world:xychorium_gem_blue":2,"ae2:certus_quartz_dust":4,"exdeorum:diorite_pebble":107,"exdeorum:oak_sieve":1,"exdeorum:stone_pebble":1079,"minecraft:bone_meal":5,"exdeorum:andesite_pebble":137,"minecraft:glowstone_dust":5,"minecraft:oak_sapling":62,"xycraft_world:xychorium_gem_green":4,"minecraft:blaze_powder":4,"minecraft:oak_leaves":196},"minecraft:broken":{"exdeorum:crook":2},"minecraft:crafted":{"minecraft:oak_planks":4,"minecraft:crafting_table":1,"minecraft:stick":3,"pickletweaks:flint_shears":1,"allthecompressed:cobblestone_1x":36,"crafting_on_a_stick:crafting_table":1,"minecraft:air":86,"exdeorum:crook":1},"minecraft:dropped":{"minecraft:dirt":2,"minecraft:oak_log":62,"allthecompressed:cobblestone_1x":36,"pickletweaks:flint_shears":1,"exdeorum:granite_pebble":2,"minecraft:bone_meal":5,"minecraft:string":94,"exdeorum:stone_pebble":1},"minecraft:used":{"minecraft:wooden_axe":14,"exdeorum:oak_barrel":1,"minecraft:apple":2,"exdeorum:crook":261,"minecraft:dirt":1,"minecraft:oak_slab":1,"minecraft:oak_sapling":13,"exdeorum:silk_worm":3,"exdeorum:oak_sieve":1},"minecraft:mined":{"minecraft:oak_slab":1,"exdeorum:infested_leaves":179,"exdeorum:oak_barrel":1,"minecraft:dirt":1,"exdeorum:oak_sieve":1,"minecraft:oak_leaves":278}},"DataVersion":3465}