{"stat.pickup.minecraft.bone":4,"stat.leaveGame":2,"stat.mineBlock.minecraft.cobblestone":1,"stat.pickup.minecraft.stone_pickaxe":1,"stat.pickup.primal_tech.stone_grill":1,"stat.killEntity.trumpetskeleton.TrumpetSkeleton":1,"stat.mineBlock.rustic.leaves":25,"stat.mineBlock.horsepower.chopping_block":1,"stat.drop.rustic.olives":6,"stat.drop.death_compass.death_compass":1,"stat.swimOneCm":139449,"stat.drop.minecraft.feather":5,"stat.pickup.minecraft.porkchop":20,"stat.useItem.minecraft.dirt":2,"stat.useItem.primal.flint_hatchet":37,"stat.pickup.minecraft.rotten_flesh":10,"stat.drop.minecraft.poisonous_potato":2,"stat.pickup.minecraft.cobblestone":19,"stat.mineBlock.minecraft.clay":4,"stat.drop.betterwithmods.hemp":1,"stat.flyOneCm":176517,"stat.mineBlock.minecraft.sand":1,"stat.pickup.minecraft.fish":1,"stat.drop.minecraft.wheat_seeds":2,"stat.useItem.minecraft.cooked_beef":1,"stat.useItem.primal_tech.fire_sticks":10,"stat.timeSinceDeath":324,"stat.pickup.minecraft.double_plant":4,"stat.useItem.minecraft.potato":7,"stat.useItem.minecraft.cooked_porkchop":6,"stat.drop.minecraft.beetroot_seeds":5,"stat.talkedToVillager":1,"stat.craftItem.primal.hide_raw":12,"stat.mineBlock.minecraft.grass":5,"stat.pickup.primal.pelt_pig":6,"stat.pickup.minecraft.beef":3,"stat.craftItem.primal_tech.work_stump":1,"stat.pickup.primal_tech.charcoal_block":2,"stat.sprintOneCm":183646,"stat.useItem.primal.flint_workblade":123,"stat.useItem.rustic.wildberries":2,"stat.pickup.rustic.olives":13,"stat.useItem.minecraft.carrot":3,"stat.deaths":3,"stat.drop":13,"stat.pickup.horsepower.chopping_block":1,"stat.craftItem.primal.flint_hatchet":1,"stat.playOneMinute":86680,"stat.killEntity.Zombie":5,"stat.mineBlock.minecraft.tallgrass":57,"stat.diveOneCm":127025,"stat.craftItem.primal.plant_cordage":6,"stat.useItem.minecraft.fish":1,"stat.pickup.minecraft.gravel":46,"stat.pickup.minecraft.stone_axe":1,"stat.useItem.minecraft.apple":1,"stat.craftItem.minecraft.flint":26,"stat.craftItem.pickletweaks.grass_mesh":1,"stat.useItem.minecraft.porkchop":1,"stat.pickup.primal.bone_knapp":1,"stat.drop.minecraft.cooked_porkchop":1,"stat.pickup.minecraft.brick":1,"stat.jump":730,"stat.pickup.betterwithmods.hemp":2,"stat.pickup.immcraft.rock":3,"stat.pickup.primal.flint_pickaxe":2,"stat.fallOneCm":25831,"stat.pickup.minecraft.carrot":3,"stat.useItem.minecraft.stone_axe":39,"stat.crouchOneCm":546,"stat.pickup.minecraft.spider_eye":1,"stat.pickup.minecraft.dirt":12,"stat.pickup.minecraft.stone_shovel":1,"stat.mineBlock.immcraft.rock":3,"stat.pickup.primal.plant_fiber":53,"stat.damageTaken":1385,"stat.pickup.minecraft.feather":10,"stat.pickup.primal.flint_knapp":18,"stat.pickup.primal.rush_stems":4,"stat.entityKilledBy.piranha":3,"stat.pickup.minecraft.planks":8,"stat.pickup.minecraft.reeds":2,"stat.pickup.minecraft.wheat_seeds":2,"stat.pickup.minecraft.potato":7,"stat.pickup.primal.flint_workblade":1,"stat.mineBlock.minecraft.gravel":46,"stat.mineBlock.primal_tech.stone_grill":1,"stat.useItem.minecraft.stone_pickaxe":5,"stat.mineBlock.primal_tech.work_stump":3,"stat.useItem.minecraft.stone_sword":74,"stat.mineBlock.primal_tech.charcoal_block":2,"stat.damageDealt":3531,"stat.killEntity.Cow":1,"stat.mineBlock.minecraft.dirt":7,"stat.craftItem.horsepower.chopping_block":2,"stat.killEntity.Pig":8,"stat.craftItem.primal_tech.rock":1,"stat.pickup.minecraft.poisonous_potato":2,"stat.drop.minecraft.stick":3,"stat.mineBlock.primal.rush":1,"stat.useItem.minecraft.air":9,"stat.drop.primal.hide_raw":1,"stat.walkOneCm":261357,"stat.pickup.minecraft.stick":127,"stat.pickup.minecraft.clay_ball":16,"stat.useItem.minecraft.cobblestone":1,"stat.killEntity.piranha":7,"stat.pickup.minecraft.log":40,"stat.craftItem.primal_tech.fire_sticks":3,"stat.pickup.minecraft.stone":1,"stat.pickup.naturescompass.naturescompass":1,"stat.pickup.minecraft.sapling":6,"stat.pickup.minecraft.apple":1,"stat.pickup.minecraft.beetroot":1,"stat.useItem.primal.flint_pickaxe":20,"stat.killEntity.Spider":1,"stat.pickup.minecraft.stone_sword":1,"stat.mobKills":25,"stat.mineBlock.minecraft.log":40,"stat.mineBlock.primal_tech.clay_kiln":2,"stat.pickup.primal_tech.work_stump":4,"stat.mineBlock.minecraft.leaves":126,"stat.pickup.primal_tech.clay_kiln":2,"stat.pickup.minecraft.beetroot_seeds":9,"stat.pickup.minecraft.red_flower":3,"stat.sneakTime":414,"stat.pickup.minecraft.stone_slab":3,"stat.mineBlock.minecraft.stone":40,"stat.useItem.minecraft.beetroot":1}