{"stats":{"minecraft:custom":{"minecraft:interact_with_furnace":14,"minecraft:time_since_death":81783,"minecraft:time_since_rest":81783,"minecraft:sprint_one_cm":1009,"minecraft:damage_taken":40,"minecraft:walk_one_cm":116616,"minecraft:drop":15,"minecraft:use_wand":105,"minecraft:damage_dealt":78,"minecraft:talked_to_villager":5,"minecraft:fly_one_cm":812,"minecraft:open_chest":38,"minecraft:crouch_one_cm":1194,"minecraft:play_time":81783,"minecraft:sneak_time":23647,"minecraft:jump":121,"minecraft:total_world_time":81783,"minecraft:fall_one_cm":2180},"minecraft:picked_up":{"minecraft:wooden_axe":1,"exdeorum:gold_ore_chunk":14,"exdeorum:crook":2,"exdeorum:basalt_pebble":168,"minecraft:leather":1,"minecraft:lead":4,"enderio:grains_of_infinity":2,"exdeorum:iron_ore_chunk":45,"minecraft:flint":73,"minecraft:oak_log":138,"exdeorum:oak_barrel":1,"minecraft:gunpowder":6,"minecraft:lapis_lazuli":17,"exdeorum:nickel_ore_chunk":18,"exdeorum:blackstone_pebble":292,"minecraft:dirt":13,"minecraft:string":94,"exdeorum:granite_pebble":234,"exdeorum:string_mesh":2,"pickletweaks:flint_shears":2,"ae2:sky_dust":8,"minecraft:apple":7,"exdeorum:stone_pebble":1079,"exdeorum:oak_sieve":1,"exdeorum:zinc_ore_chunk":17,"minecraft:glowstone_dust":5,"xycraft_world:xychorium_gem_green":4,"minecraft:oak_slab":1,"minecraft:stick":29,"exdeorum:deepslate_pebble":162,"exdeorum:lead_ore_chunk":12,"allthecompressed:gravel_1x":34,"xycraft_world:xychorium_gem_red":4,"minecraft:gravel":14,"minecraft:amethyst_shard":11,"minecraft:pointed_dripstone":38,"minecraft:carrot":21,"minecraft:redstone":5,"exdeorum:silver_ore_chunk":24,"xycraft_world:xychorium_gem_dark":1,"exdeorum:silk_worm":6,"exdeorum:aluminum_ore_chunk":8,"xycraft_world:xychorium_gem_blue":2,"ae2:certus_quartz_dust":4,"exdeorum:diorite_pebble":107,"exdeorum:tin_ore_chunk":23,"minecraft:bone_meal":5,"exdeorum:copper_ore_chunk":23,"exdeorum:andesite_pebble":137,"minecraft:oak_sapling":70,"exdeorum:osmium_ore_chunk":12,"minecraft:coal":42,"minecraft:oak_leaves":456,"minecraft:blaze_powder":4,"exdeorum:porcelain_bucket":1},"minecraft:broken":{"exdeorum:crook":2},"minecraft:crafted":{"minecraft:dropper":2,"rftoolspower:coalgenerator":1,"minecraft:oak_planks":4,"alltheores:osmium_ingot":3,"rftoolsbase:machine_frame":1,"mekanism:metallurgic_infuser":1,"minecraft:crafting_table":1,"minecraft:gold_ore":1,"minecraft:gravel":34,"pickletweaks:flint_shears":4,"minecraft:furnace":2,"allthecompressed:cobblestone_1x":36,"crafting_on_a_stick:crafting_table":1,"minecraft:air":421,"alltheores:osmium_ore":3,"exdeorum:crook":1,"minecraft:blue_dye":2,"minecraft:gold_nugget":1,"constructionwand:stone_wand":1,"minecraft:stick":19,"minecraft:iron_ingot":10,"minecraft:iron_ore":10,"minecraft:gold_ingot":1,"minecraft:redstone_torch":2},"minecraft:dropped":{"minecraft:oak_log":62,"allthecompressed:cobblestone_1x":36,"pickletweaks:flint_shears":1,"exdeorum:silver_ore_chunk":12,"exdeorum:iron_ore_chunk":2,"minecraft:dirt":2,"exdeorum:granite_pebble":2,"minecraft:bone_meal":5,"minecraft:string":94,"exdeorum:stone_pebble":1},"minecraft:used":{"rftoolspower:coalgenerator":1,"exdeorum:crook":261,"allthecompressed:cobblestone_1x":129,"minecraft:dirt":1,"minecraft:oak_slab":1,"constructionwand:stone_wand":13,"minecraft:carrot":1,"exdeorum:silk_worm":3,"minecraft:wooden_axe":20,"exdeorum:oak_barrel":1,"minecraft:apple":2,"mekanism:metallurgic_infuser":1,"minecraft:gravel":320,"minecraft:oak_sapling":19,"exdeorum:oak_sieve":1},"minecraft:mined":{"minecraft:oak_slab":1,"exdeorum:infested_leaves":179,"exdeorum:oak_barrel":1,"minecraft:dirt":1,"exdeorum:oak_sieve":1,"minecraft:oak_leaves":538}},"DataVersion":3465}