{"stats":{"minecraft:killed":{"minecraft:zombie":1,"minecraft:silverfish":7},"minecraft:crafted":{"minecraft:oak_planks":6,"minecraft:stick":1,"minecraft:stone_pickaxe":1,"minecraft:stone_sword":1,"crafting_on_a_stick:crafting_table":1,"minecraft:air":31},"minecraft:dropped":{"minecraft:chiseled_stone_bricks":2,"minecraft:dirt":14,"minecraft:mossy_stone_bricks":2,"minecraft:cracked_stone_bricks":2,"quark:shale":5,"evilcraft:flesh_humanoid":1},"minecraft:picked_up":{"minecraft:book":15,"minecraft:stick":12,"minecraft:crafting_table":1,"apotheosis:gem":5,"pneumaticcraft:compressed_iron_leggings":1,"minecraft:flower_pot":1,"quark:shale":7,"minecraft:chiseled_stone_bricks":2,"minecraft:torch":17,"farmersdelight:tomato_seeds":15,"minecraft:oak_log":6,"evilcraft:flesh_humanoid":2,"minecraft:lily_of_the_valley":1,"quark:limestone":10,"farmersdelight:tomato":4,"minecraft:dirt":32,"alltheores:raw_nickel":4,"bhc:red_heart":1,"minecraft:tnt":2,"minecraft:rotten_flesh":2,"minecraft:stone_bricks":2,"minecraft:cracked_stone_bricks":2,"mysticalagriculture:inferium_essence":3,"minecraft:mossy_stone_bricks":3,"minecraft:coal":6,"minecraft:bone_block":10,"minecraft:cobblestone":37},"minecraft:custom":{"minecraft:time_since_rest":4476,"lootr:looted_stat":3,"minecraft:sprint_one_cm":77056,"minecraft:damage_taken":1042,"minecraft:walk_one_cm":104052,"minecraft:mob_kills":10,"minecraft:drop":10,"minecraft:damage_dealt":1133,"minecraft:swim_one_cm":42608,"minecraft:fly_one_cm":154216,"minecraft:crouch_one_cm":3149,"minecraft:play_time":38279,"tombstone:undead_killed":1,"minecraft:deaths":2,"minecraft:sneak_time":1473,"minecraft:walk_under_water_one_cm":1916,"minecraft:jump":768,"minecraft:time_since_death":6587,"minecraft:walk_on_water_one_cm":6293,"minecraft:climb_one_cm":2222,"minecraft:total_world_time":38279,"minecraft:fall_one_cm":19582},"minecraft:mined":{"quark:shale":7,"minecraft:potted_lily_of_the_valley":1,"minecraft:infested_mossy_stone_bricks":1,"minecraft:grass_block":1,"minecraft:bookshelf":1,"minecraft:oak_log":6,"minecraft:vine":1,"quark:limestone":10,"minecraft:dirt":18,"minecraft:infested_cracked_stone_bricks":5,"minecraft:stone_slab":1,"minecraft:infested_chiseled_stone_bricks":2,"minecraft:cracked_stone_bricks":3,"minecraft:deepslate_coal_ore":6,"alltheores:nickel_ore":4,"minecraft:stone":10,"farmersdelight:wild_tomatoes":1,"minecraft:stone_bricks":2,"minecraft:bone_block":16,"minecraft:mossy_stone_bricks":1,"minecraft:infested_stone":3,"minecraft:wall_torch":3,"minecraft:chiseled_stone_bricks":2},"minecraft:used":{"minecraft:stone_sword":24,"minecraft:stone_pickaxe":75,"quark:shale":2,"minecraft:stone_bricks":2,"minecraft:torch":4,"minecraft:dirt":17,"tombstone:gift":1,"pneumaticcraft:compressed_iron_leggings":1,"minecraft:cooked_beef":4},"minecraft:killed_by":{"minecraft:silverfish":2}},"DataVersion":3465}