{"stats":{"minecraft:killed_by":{"minecraft:phantom":1},"minecraft:used":{"mekanism:enrichment_chamber":3,"rftoolspower:coalgenerator":1,"minecraft:chest":5,"exdeorum:crook":261,"allthecompressed:cobblestone_1x":449,"minecraft:dirt":1,"constructionwand:iron_wand":25,"minecraft:carrot":21,"exdeorum:silk_worm":3,"cobblefordays:tier_4":1,"minecraft:wooden_axe":20,"minecraft:iron_axe":24,"mekanismgenerators:wind_generator":4,"pipez:item_pipe":2,"minecraft:oak_sapling":24,"tombstone:gift":1,"pipez:fluid_pipe":3,"exdeorum:oak_sieve":1,"minecraft:stone_pickaxe":3,"minecraft:cactus":1,"minecraft:oak_slab":1,"constructionwand:stone_wand":33,"exdeorum:dust":1078,"exdeorum:oak_barrel":1,"minecraft:diamond_pickaxe":6,"mekanism:crusher":1,"minecraft:apple":2,"allthecompressed:gravel_1x":133,"allthecompressed:sand_1x":133,"mekanism:metallurgic_infuser":2,"mekanism:energized_smelter":1,"minecraft:gravel":1396,"exmachinis:flux_hammer":2,"minecraft:bucket":4,"exdeorum:compressed_stone_hammer":590,"exmachinis:flux_sieve":5,"pipez:energy_pipe":14,"cookingforblockheads:sink":2},"minecraft:killed":{"minecraft:wandering_trader":1,"minecraft:trader_llama":2},"minecraft:crafted":{"pipez:wrench":1,"minecraft:oak_planks":33,"mekanismgenerators:wind_generator":2,"rftoolsbase:machine_frame":1,"minecraft:iron_nugget":9,"pipez:improved_upgrade":1,"exmachinis:gold_upgrade":2,"minecraft:furnace":2,"mekanism:energized_smelter":1,"projecte:repair_talisman":1,"allthecompressed:cobblestone_1x":36,"pipez:fluid_pipe":16,"alltheores:osmium_ore":3,"minecraft:terracotta":0,"minecraft:glass":7,"sophisticatedbackpacks:copper_backpack":1,"minecraft:iron_axe":1,"minecraft:cyan_terracotta":2,"allthecompressed:sand_1x":16,"minecraft:stone_pickaxe":1,"minecraft:chest":5,"alltheores:steel_ingot":8,"minecraft:redstone_block":2,"mekanism:energy_tablet":4,"sophisticatedbackpacks:iron_backpack":1,"exdeorum:golden_mesh":1,"minecraft:dropper":2,"rftoolspower:coalgenerator":1,"minecraft:cyan_dye":1,"sophisticatedbackpacks:backpack":1,"alltheores:osmium_ingot":5,"mekanism:metallurgic_infuser":1,"minecraft:crafting_table":2,"minecraft:gold_ore":1,"pickletweaks:flint_shears":4,"minecraft:gravel":34,"constructionwand:iron_wand":2,"pipez:energy_pipe":16,"sophisticatedbackpacks:gold_backpack":1,"exdeorum:compressed_stone_hammer":11,"crafting_on_a_stick:crafting_table":2,"minecraft:air":575,"exdeorum:crook":1,"minecraft:blue_dye":3,"mekanism:steel_casing":4,"minecraft:paper":2,"minecraft:gold_nugget":1,"mekanism:enrichment_chamber":2,"constructionwand:stone_wand":2,"minecraft:stick":21,"mekanism:crusher":1,"minecraft:iron_ingot":91,"minecraft:iron_ore":26,"minecraft:gold_ingot":13,"minecraft:redstone_torch":2,"cookingforblockheads:sink":1,"pipez:basic_upgrade":1},"minecraft:picked_up":{"exdeorum:porcelain_bucket":1,"alltheores:steel_ingot":2,"alltheores:osmium_ingot":16,"exdeorum:dust":1647,"minecraft:lead":5,"cobblefordays:tier_4":1,"create:wrench":1,"exdeorum:iron_ore_chunk":178,"xycraft_world:xychorium_storage_green":5,"exdeorum:oak_barrel":1,"exdeorum:blackstone_pebble":292,"minecraft:string":94,"minecraft:iron_axe":1,"exdeorum:string_mesh":2,"exdeorum:granite_pebble":234,"pipez:energy_pipe":8,"minecraft:bucket":2,"exdeorum:zinc_ore_chunk":69,"minecraft:iron_nugget":75,"exdeorum:compressed_stone_hammer":1,"minecraft:chest":4,"xycraft_world:xychorium_gem_green":179,"minecraft:stick":41,"botania:lexicon":1,"pipez:item_pipe":8,"dankstorage:dank_2":1,"powah:book":1,"minecraft:pointed_dripstone":205,"minecraft:carrot":55,"minecraft:redstone":314,"exmachinis:flux_sieve":5,"pipez:wrench":1,"exdeorum:silk_worm":6,"minecraft:cactus":8,"productivebees:sturdy_bee_cage":1,"ae2:certus_quartz_dust":235,"xycraft_world:xychorium_gem_blue":140,"powah:wrench":1,"exdeorum:diorite_pebble":107,"xycraft_world:xychorium_storage_light":5,"exdeorum:tin_ore_chunk":93,"exdeorum:andesite_pebble":137,"minecraft:gold_ingot":56,"alltheores:raw_osmium":2,"supplementaries:ash":1,"minecraft:white_wool":1,"minecraft:blaze_powder":149,"exdeorum:osmium_ore_chunk":60,"exdeorum:crook":2,"projecte:low_covalence_dust":38,"exdeorum:basalt_pebble":168,"rftoolspower:coalgenerator":1,"minecraft:leather":4,"enderio:grains_of_infinity":255,"forcecraft:force_gem":88,"minecraft:flint":351,"minecraft:oak_log":171,"botania:flower_bag":1,"minecraft:gunpowder":407,"minecraft:lapis_lazuli":63,"exdeorum:nickel_ore_chunk":77,"minecraft:dirt":13,"pickletweaks:flint_shears":2,"mekanism:enrichment_chamber":1,"mekanism:salt":192,"xycraft_world:xychorium_storage_dark":5,"ae2:sky_dust":282,"minecraft:glass":8,"minecraft:apple":8,"exdeorum:oak_sieve":1,"exdeorum:stone_pebble":1079,"minecraft:iron_ingot":21,"minecraft:iron_ore":2,"projecte:high_covalence_dust":38,"minecraft:glowstone_dust":265,"minecraft:iron_sword":1,"minecraft:green_dye":1,"dankstorage:dank_1":4,"minecraft:oak_slab":1,"allthecompressed:sand_1x":1,"mekanism:metallurgic_infuser":1,"exdeorum:deepslate_pebble":162,"exdeorum:lead_ore_chunk":73,"allthecompressed:gravel_1x":38,"patchouli:guide_book":1,"xycraft_world:xychorium_gem_red":161,"exmachinis:flux_hammer":2,"minecraft:gravel":2483,"minecraft:lava_bucket":2,"minecraft:sand":1188,"minecraft:amethyst_shard":28,"botania:white_petal":6,"projecte:medium_covalence_dust":38,"exdeorum:silver_ore_chunk":90,"xycraft_world:xychorium_gem_dark":149,"xycraft_world:xychorium_storage_red":5,"forbidden_arcanus:arcane_crystal":75,"mekanismgenerators:wind_generator":2,"thermal:device_rock_gen":2,"xycraft_world:xychorium_gem_light":168,"cookingforblockheads:sink":1,"minecraft:clay":27,"exdeorum:aluminum_ore_chunk":65,"minecraft:bone_meal":368,"exdeorum:copper_ore_chunk":130,"minecraft:oak_sapling":79,"xycraft_world:xychorium_storage_blue":5,"minecraft:coal":172,"minecraft:oak_leaves":456,"minecraft:diamond_pickaxe":1,"minecraft:wooden_axe":1,"exdeorum:gold_ore_chunk":52},"minecraft:mined":{"mekanismgenerators:wind_generator":2,"allthecompressed:sand_1x":134,"rftoolspower:coalgenerator":1,"exdeorum:oak_sieve":1,"minecraft:oak_slab":1,"exdeorum:infested_leaves":179,"mekanism:enrichment_chamber":1,"pipez:item_pipe":1,"exmachinis:flux_sieve":3,"allthecompressed:gravel_1x":133,"minecraft:chest":1,"mekanism:metallurgic_infuser":1,"minecraft:cactus":1,"cookingforblockheads:sink":1,"minecraft:oak_log":10,"exdeorum:oak_barrel":1,"minecraft:dirt":1,"allthecompressed:cobblestone_1x":324,"minecraft:oak_leaves":538},"minecraft:dropped":{"minecraft:iron_ingot":46,"dankstorage:dank_1":4,"xycraft_world:xychorium_gem_dark":2,"minecraft:oak_log":167,"allthecompressed:cobblestone_1x":36,"pickletweaks:flint_shears":1,"exdeorum:iron_ore_chunk":2,"minecraft:flint":1,"minecraft:dirt":2,"exdeorum:dust":640,"exdeorum:granite_pebble":2,"minecraft:bone_meal":16,"minecraft:string":94,"exdeorum:stone_pebble":1,"minecraft:bucket":2,"minecraft:gold_ingot":52,"enderio:grains_of_infinity":4,"minecraft:redstone":9,"xycraft_world:xychorium_gem_light":7,"minecraft:gravel":384,"xycraft_world:xychorium_gem_blue":4,"minecraft:glowstone_dust":8,"minecraft:blaze_powder":2,"exdeorum:silver_ore_chunk":12,"ae2:sky_dust":35,"xycraft_world:xychorium_gem_red":3,"supplementaries:ash":1,"minecraft:gunpowder":10,"ae2:certus_quartz_dust":5,"minecraft:glass":11,"pipez:wrench":1},"minecraft:broken":{"constructionwand:stone_wand":2,"constructionwand:iron_wand":1,"exdeorum:crook":2},"minecraft:custom":{"minecraft:mob_kills":3,"minecraft:interact_with_crafting_table":1,"minecraft:leave_game":3,"minecraft:time_since_death":128765,"minecraft:sprint_one_cm":38672,"minecraft:walk_one_cm":368512,"minecraft:drop":58,"minecraft:talked_to_villager":9,"minecraft:play_time":230007,"minecraft:deaths":1,"minecraft:sneak_time":25460,"minecraft:jump":726,"minecraft:walk_on_water_one_cm":396,"minecraft:total_world_time":230007,"minecraft:interact_with_furnace":52,"minecraft:sleep_in_bed":2,"minecraft:time_since_rest":88322,"minecraft:damage_taken":475,"minecraft:damage_dealt":459,"minecraft:use_wand":567,"minecraft:fly_one_cm":81014,"minecraft:open_chest":201,"minecraft:crouch_one_cm":4959,"tombstone:villager_killed":1,"minecraft:fall_one_cm":14547}},"DataVersion":3465}