{"stats":{"minecraft:custom":{"minecraft:interact_with_furnace":30,"minecraft:mob_kills":3,"minecraft:leave_game":1,"minecraft:time_since_death":21005,"minecraft:sleep_in_bed":1,"minecraft:time_since_rest":20801,"minecraft:sprint_one_cm":1009,"minecraft:damage_taken":440,"minecraft:walk_one_cm":185752,"minecraft:drop":33,"minecraft:use_wand":567,"minecraft:damage_dealt":374,"minecraft:talked_to_villager":8,"minecraft:fly_one_cm":2828,"minecraft:open_chest":58,"minecraft:crouch_one_cm":2899,"minecraft:play_time":122247,"minecraft:deaths":1,"minecraft:sneak_time":24307,"tombstone:villager_killed":1,"minecraft:jump":342,"minecraft:total_world_time":122247,"minecraft:fall_one_cm":7567},"minecraft:mined":{"minecraft:oak_slab":1,"exdeorum:infested_leaves":179,"allthecompressed:gravel_1x":133,"mekanism:metallurgic_infuser":1,"allthecompressed:sand_1x":128,"exdeorum:oak_barrel":1,"minecraft:dirt":1,"exdeorum:oak_sieve":1,"allthecompressed:cobblestone_1x":251,"minecraft:oak_leaves":538},"minecraft:killed_by":{"minecraft:phantom":1},"minecraft:crafted":{"minecraft:dropper":2,"rftoolspower:coalgenerator":1,"minecraft:oak_planks":8,"alltheores:osmium_ingot":5,"rftoolsbase:machine_frame":1,"mekanismgenerators:wind_generator":1,"mekanism:metallurgic_infuser":1,"minecraft:crafting_table":2,"minecraft:gold_ore":1,"pickletweaks:flint_shears":4,"minecraft:gravel":34,"constructionwand:iron_wand":2,"minecraft:furnace":2,"exdeorum:compressed_stone_hammer":11,"allthecompressed:cobblestone_1x":36,"crafting_on_a_stick:crafting_table":2,"minecraft:air":503,"alltheores:osmium_ore":3,"exdeorum:crook":1,"minecraft:blue_dye":2,"minecraft:gold_nugget":1,"constructionwand:stone_wand":2,"minecraft:stick":19,"minecraft:iron_ingot":46,"allthecompressed:sand_1x":16,"minecraft:stone_pickaxe":1,"minecraft:iron_ore":26,"minecraft:gold_ingot":13,"minecraft:redstone_torch":2,"mekanism:energy_tablet":2},"minecraft:picked_up":{"exdeorum:osmium_ore_chunk":60,"exdeorum:porcelain_bucket":1,"exdeorum:crook":2,"exdeorum:basalt_pebble":168,"exdeorum:dust":1528,"minecraft:leather":4,"minecraft:lead":5,"enderio:grains_of_infinity":81,"exdeorum:iron_ore_chunk":178,"minecraft:flint":347,"minecraft:oak_log":138,"exdeorum:oak_barrel":1,"minecraft:gunpowder":142,"exdeorum:blackstone_pebble":292,"minecraft:lapis_lazuli":61,"exdeorum:nickel_ore_chunk":76,"minecraft:dirt":13,"minecraft:string":94,"exdeorum:granite_pebble":234,"exdeorum:string_mesh":2,"pickletweaks:flint_shears":2,"ae2:sky_dust":125,"minecraft:apple":8,"minecraft:bucket":2,"exdeorum:oak_sieve":1,"exdeorum:stone_pebble":1079,"exdeorum:zinc_ore_chunk":69,"exdeorum:compressed_stone_hammer":1,"minecraft:glowstone_dust":104,"allthecompressed:sand_1x":1,"xycraft_world:xychorium_gem_green":72,"dankstorage:dank_1":4,"minecraft:oak_slab":1,"minecraft:stick":38,"mekanism:metallurgic_infuser":1,"exdeorum:deepslate_pebble":162,"exdeorum:lead_ore_chunk":72,"allthecompressed:gravel_1x":38,"xycraft_world:xychorium_gem_red":50,"dankstorage:dank_2":1,"minecraft:sand":1188,"minecraft:gravel":2209,"minecraft:amethyst_shard":28,"minecraft:pointed_dripstone":205,"minecraft:carrot":21,"minecraft:redstone":107,"exdeorum:silver_ore_chunk":89,"xycraft_world:xychorium_gem_dark":50,"exdeorum:silk_worm":6,"xycraft_world:xychorium_gem_light":60,"exdeorum:aluminum_ore_chunk":64,"xycraft_world:xychorium_gem_blue":38,"ae2:certus_quartz_dust":95,"exdeorum:diorite_pebble":107,"exdeorum:tin_ore_chunk":93,"minecraft:bone_meal":134,"exdeorum:andesite_pebble":137,"exdeorum:copper_ore_chunk":130,"supplementaries:ash":1,"minecraft:oak_sapling":70,"minecraft:coal":171,"minecraft:oak_leaves":456,"minecraft:blaze_powder":48,"exdeorum:gold_ore_chunk":52,"minecraft:wooden_axe":1},"minecraft:dropped":{"minecraft:iron_ingot":19,"dankstorage:dank_1":4,"xycraft_world:xychorium_gem_dark":2,"minecraft:oak_log":62,"allthecompressed:cobblestone_1x":36,"xycraft_world:xychorium_gem_blue":4,"pickletweaks:flint_shears":1,"minecraft:glowstone_dust":8,"minecraft:blaze_powder":2,"exdeorum:silver_ore_chunk":12,"exdeorum:iron_ore_chunk":2,"ae2:sky_dust":35,"xycraft_world:xychorium_gem_red":3,"minecraft:dirt":2,"supplementaries:ash":1,"minecraft:gunpowder":10,"ae2:certus_quartz_dust":5,"minecraft:bone_meal":16,"exdeorum:granite_pebble":2,"minecraft:string":94,"exdeorum:stone_pebble":1,"enderio:grains_of_infinity":4,"xycraft_world:xychorium_gem_light":7,"minecraft:redstone":9},"minecraft:used":{"minecraft:stone_pickaxe":1,"rftoolspower:coalgenerator":1,"exdeorum:crook":261,"allthecompressed:cobblestone_1x":449,"constructionwand:iron_wand":25,"minecraft:dirt":1,"minecraft:oak_slab":1,"minecraft:carrot":11,"constructionwand:stone_wand":33,"exdeorum:silk_worm":3,"exdeorum:dust":432,"minecraft:wooden_axe":20,"exdeorum:oak_barrel":1,"minecraft:apple":2,"allthecompressed:sand_1x":128,"allthecompressed:gravel_1x":133,"mekanismgenerators:wind_generator":1,"mekanism:metallurgic_infuser":2,"minecraft:gravel":1396,"minecraft:oak_sapling":19,"tombstone:gift":1,"exdeorum:compressed_stone_hammer":510,"exdeorum:oak_sieve":1},"minecraft:broken":{"constructionwand:iron_wand":1,"constructionwand:stone_wand":2,"exdeorum:crook":2},"minecraft:killed":{"minecraft:wandering_trader":1,"minecraft:trader_llama":2}},"DataVersion":3465}