{"stat.pickup.minecraft.bone":2,"stat.pickup.minecraft.gravel":46,"stat.mineBlock.minecraft.cobblestone":1,"stat.pickup.minecraft.stone_pickaxe":1,"stat.pickup.minecraft.stone_axe":1,"stat.pickup.primal_tech.stone_grill":1,"stat.useItem.minecraft.apple":1,"stat.killEntity.trumpetskeleton.TrumpetSkeleton":1,"stat.craftItem.minecraft.flint":26,"stat.craftItem.pickletweaks.grass_mesh":1,"stat.useItem.minecraft.porkchop":1,"stat.mineBlock.rustic.leaves":25,"stat.pickup.primal.bone_knapp":1,"stat.mineBlock.horsepower.chopping_block":1,"stat.drop.minecraft.cooked_porkchop":1,"stat.drop.rustic.olives":6,"stat.pickup.minecraft.brick":1,"stat.jump":275,"stat.swimOneCm":6349,"stat.pickup.immcraft.rock":3,"stat.pickup.primal.flint_pickaxe":1,"stat.fallOneCm":6697,"stat.useItem.minecraft.stone_axe":35,"stat.pickup.minecraft.porkchop":14,"stat.crouchOneCm":224,"stat.pickup.minecraft.spider_eye":1,"stat.pickup.minecraft.dirt":12,"stat.useItem.minecraft.dirt":2,"stat.useItem.primal.flint_hatchet":37,"stat.pickup.minecraft.rotten_flesh":10,"stat.drop.minecraft.poisonous_potato":2,"stat.pickup.minecraft.stone_shovel":1,"stat.mineBlock.immcraft.rock":3,"stat.pickup.primal.plant_fiber":53,"stat.damageTaken":185,"stat.pickup.primal.flint_knapp":18,"stat.pickup.minecraft.cobblestone":19,"stat.pickup.primal.rush_stems":4,"stat.pickup.minecraft.planks":8,"stat.mineBlock.minecraft.clay":4,"stat.pickup.minecraft.reeds":2,"stat.flyOneCm":47222,"stat.pickup.minecraft.potato":3,"stat.pickup.primal.flint_workblade":1,"stat.mineBlock.minecraft.gravel":46,"stat.mineBlock.primal_tech.stone_grill":1,"stat.useItem.minecraft.stone_pickaxe":5,"stat.useItem.minecraft.cooked_beef":1,"stat.mineBlock.primal_tech.work_stump":3,"stat.useItem.minecraft.stone_sword":31,"stat.mineBlock.primal_tech.charcoal_block":2,"stat.damageDealt":2201,"stat.useItem.primal_tech.fire_sticks":10,"stat.timeSinceDeath":43857,"stat.killEntity.Cow":1,"stat.mineBlock.minecraft.dirt":7,"stat.craftItem.horsepower.chopping_block":2,"stat.killEntity.Pig":5,"stat.craftItem.primal_tech.rock":1,"stat.pickup.minecraft.poisonous_potato":2,"stat.mineBlock.primal.rush":1,"stat.useItem.minecraft.air":8,"stat.drop.primal.hide_raw":1,"stat.walkOneCm":146381,"stat.pickup.minecraft.stick":71,"stat.useItem.minecraft.potato":3,"stat.pickup.minecraft.clay_ball":16,"stat.useItem.minecraft.cobblestone":1,"stat.useItem.minecraft.cooked_porkchop":1,"stat.pickup.minecraft.log":40,"stat.craftItem.primal.hide_raw":10,"stat.mineBlock.minecraft.grass":5,"stat.pickup.primal.pelt_pig":5,"stat.pickup.minecraft.beef":3,"stat.craftItem.primal_tech.fire_sticks":3,"stat.craftItem.primal_tech.work_stump":1,"stat.pickup.minecraft.stone":1,"stat.pickup.naturescompass.naturescompass":1,"stat.pickup.primal_tech.charcoal_block":2,"stat.pickup.minecraft.sapling":5,"stat.sprintOneCm":33133,"stat.useItem.primal.flint_workblade":123,"stat.pickup.minecraft.apple":1,"stat.useItem.primal.flint_pickaxe":20,"stat.killEntity.Spider":1,"stat.pickup.minecraft.stone_sword":1,"stat.pickup.rustic.olives":13,"stat.mobKills":15,"stat.mineBlock.minecraft.log":40,"stat.mineBlock.primal_tech.clay_kiln":2,"stat.pickup.primal_tech.work_stump":3,"stat.drop":5,"stat.mineBlock.minecraft.leaves":115,"stat.pickup.horsepower.chopping_block":1,"stat.pickup.primal_tech.clay_kiln":2,"stat.craftItem.primal.flint_hatchet":1,"stat.playOneMinute":43857,"stat.sneakTime":308,"stat.killEntity.Zombie":5,"stat.pickup.minecraft.stone_slab":3,"stat.mineBlock.minecraft.stone":40,"stat.mineBlock.minecraft.tallgrass":57,"stat.diveOneCm":900,"stat.craftItem.primal.plant_cordage":6}