{"stats":{"minecraft:custom":{"minecraft:time_since_rest":9783,"minecraft:crouch_one_cm":261,"minecraft:play_time":9783,"minecraft:walk_one_cm":6446,"minecraft:sneak_time":201,"minecraft:drop":4,"minecraft:jump":1,"minecraft:time_since_death":9783,"minecraft:total_world_time":9783},"minecraft:picked_up":{"minecraft:wooden_axe":1,"exdeorum:crook":1,"minecraft:stick":8,"exdeorum:silk_worm":1,"minecraft:apple":1,"minecraft:oak_log":20,"exdeorum:oak_barrel":1,"minecraft:oak_sapling":24,"minecraft:string":33},"minecraft:dropped":{"minecraft:oak_log":20,"minecraft:string":33},"minecraft:used":{"minecraft:wooden_axe":4,"exdeorum:oak_barrel":1,"minecraft:oak_sapling":4,"exdeorum:silk_worm":1,"exdeorum:crook":57},"minecraft:mined":{"exdeorum:oak_barrel":1,"exdeorum:infested_leaves":57}},"DataVersion":3465}