{"stat.mineBlock.primal.rush":1,"stat.walkOneCm":33744,"stat.mineBlock.immcraft.rock":3,"stat.pickup.minecraft.stick":7,"stat.pickup.primal.plant_fiber":24,"stat.pickup.minecraft.gravel":46,"stat.damageTaken":20,"stat.pickup.primal.rush_stems":4,"stat.craftItem.minecraft.flint":6,"stat.craftItem.pickletweaks.grass_mesh":1,"stat.flyOneCm":5257,"stat.mineBlock.minecraft.grass":2,"stat.jump":26,"stat.mineBlock.minecraft.leaves":15,"stat.pickup.immcraft.rock":3,"stat.playOneMinute":6957,"stat.fallOneCm":209,"stat.mineBlock.minecraft.gravel":46,"stat.timeSinceDeath":6957,"stat.pickup.minecraft.dirt":3,"stat.sprintOneCm":5574,"stat.mineBlock.minecraft.dirt":1,"stat.mineBlock.minecraft.tallgrass":24,"stat.craftItem.primal.plant_cordage":6}