{"stats":{"minecraft:custom":{"minecraft:interact_with_furnace":28,"minecraft:time_since_death":99783,"minecraft:time_since_rest":99783,"minecraft:sprint_one_cm":1009,"minecraft:damage_taken":40,"minecraft:walk_one_cm":147638,"minecraft:drop":16,"minecraft:use_wand":215,"minecraft:damage_dealt":78,"minecraft:talked_to_villager":7,"minecraft:fly_one_cm":1109,"minecraft:open_chest":47,"minecraft:crouch_one_cm":1682,"minecraft:play_time":99783,"minecraft:sneak_time":23886,"minecraft:jump":224,"minecraft:total_world_time":99783,"minecraft:fall_one_cm":3968},"minecraft:picked_up":{"minecraft:wooden_axe":1,"exdeorum:gold_ore_chunk":52,"exdeorum:crook":2,"exdeorum:basalt_pebble":168,"minecraft:leather":1,"minecraft:lead":4,"enderio:grains_of_infinity":2,"exdeorum:iron_ore_chunk":178,"minecraft:flint":346,"minecraft:oak_log":138,"exdeorum:oak_barrel":1,"minecraft:gunpowder":6,"minecraft:lapis_lazuli":61,"exdeorum:nickel_ore_chunk":76,"exdeorum:blackstone_pebble":292,"minecraft:dirt":13,"minecraft:string":94,"exdeorum:granite_pebble":234,"exdeorum:string_mesh":2,"pickletweaks:flint_shears":2,"ae2:sky_dust":8,"minecraft:apple":8,"exdeorum:stone_pebble":1079,"exdeorum:oak_sieve":1,"exdeorum:zinc_ore_chunk":69,"exdeorum:compressed_stone_hammer":1,"minecraft:glowstone_dust":5,"xycraft_world:xychorium_gem_green":4,"dankstorage:dank_1":2,"minecraft:oak_slab":1,"minecraft:stick":38,"exdeorum:deepslate_pebble":162,"exdeorum:lead_ore_chunk":72,"allthecompressed:gravel_1x":34,"xycraft_world:xychorium_gem_red":4,"minecraft:gravel":790,"minecraft:amethyst_shard":28,"minecraft:pointed_dripstone":205,"minecraft:carrot":21,"minecraft:redstone":5,"exdeorum:silver_ore_chunk":89,"xycraft_world:xychorium_gem_dark":1,"exdeorum:silk_worm":6,"exdeorum:aluminum_ore_chunk":64,"xycraft_world:xychorium_gem_blue":2,"ae2:certus_quartz_dust":4,"exdeorum:diorite_pebble":107,"exdeorum:tin_ore_chunk":93,"minecraft:bone_meal":5,"exdeorum:copper_ore_chunk":130,"exdeorum:andesite_pebble":137,"minecraft:oak_sapling":70,"exdeorum:osmium_ore_chunk":60,"minecraft:coal":171,"minecraft:oak_leaves":456,"minecraft:blaze_powder":4,"exdeorum:porcelain_bucket":1},"minecraft:broken":{"constructionwand:stone_wand":1,"exdeorum:crook":2},"minecraft:crafted":{"minecraft:dropper":2,"rftoolspower:coalgenerator":1,"minecraft:oak_planks":4,"alltheores:osmium_ingot":5,"mekanismgenerators:wind_generator":1,"rftoolsbase:machine_frame":1,"mekanism:metallurgic_infuser":1,"minecraft:crafting_table":1,"minecraft:gold_ore":1,"minecraft:gravel":34,"pickletweaks:flint_shears":4,"minecraft:furnace":2,"exdeorum:compressed_stone_hammer":2,"allthecompressed:cobblestone_1x":36,"crafting_on_a_stick:crafting_table":1,"minecraft:air":438,"alltheores:osmium_ore":3,"exdeorum:crook":1,"minecraft:blue_dye":2,"minecraft:gold_nugget":1,"constructionwand:stone_wand":2,"minecraft:stick":19,"minecraft:iron_ingot":38,"minecraft:iron_ore":26,"minecraft:gold_ingot":13,"minecraft:redstone_torch":2,"mekanism:energy_tablet":2},"minecraft:dropped":{"minecraft:iron_ingot":19,"minecraft:oak_log":62,"allthecompressed:cobblestone_1x":36,"pickletweaks:flint_shears":1,"exdeorum:silver_ore_chunk":12,"exdeorum:iron_ore_chunk":2,"minecraft:dirt":2,"exdeorum:granite_pebble":2,"minecraft:bone_meal":5,"minecraft:string":94,"exdeorum:stone_pebble":1},"minecraft:used":{"rftoolspower:coalgenerator":1,"exdeorum:crook":261,"allthecompressed:cobblestone_1x":270,"minecraft:dirt":1,"minecraft:oak_slab":1,"constructionwand:stone_wand":27,"minecraft:carrot":2,"exdeorum:silk_worm":3,"minecraft:wooden_axe":20,"exdeorum:oak_barrel":1,"minecraft:apple":2,"mekanismgenerators:wind_generator":1,"mekanism:metallurgic_infuser":1,"minecraft:gravel":1394,"minecraft:oak_sapling":19,"exdeorum:compressed_stone_hammer":72,"exdeorum:oak_sieve":1},"minecraft:mined":{"minecraft:oak_slab":1,"exdeorum:infested_leaves":179,"exdeorum:oak_barrel":1,"minecraft:dirt":1,"exdeorum:oak_sieve":1,"allthecompressed:cobblestone_1x":72,"minecraft:oak_leaves":538}},"DataVersion":3465}