{"stats":{"minecraft:custom":{"minecraft:time_since_rest":21783,"minecraft:sprint_one_cm":215,"minecraft:walk_one_cm":48106,"minecraft:drop":7,"minecraft:talked_to_villager":3,"minecraft:fly_one_cm":27,"minecraft:crouch_one_cm":636,"minecraft:play_time":21783,"minecraft:sneak_time":1329,"minecraft:jump":34,"minecraft:time_since_death":21783,"minecraft:total_world_time":21783,"minecraft:fall_one_cm":627},"minecraft:picked_up":{"minecraft:wooden_axe":1,"exdeorum:crook":2,"minecraft:oak_slab":1,"minecraft:stick":25,"exdeorum:deepslate_pebble":1,"minecraft:leather":1,"minecraft:lead":1,"minecraft:flint":1,"minecraft:oak_log":101,"exdeorum:oak_barrel":1,"exdeorum:blackstone_pebble":1,"minecraft:string":94,"minecraft:dirt":3,"exdeorum:granite_pebble":1,"exdeorum:silk_worm":6,"pickletweaks:flint_shears":1,"minecraft:apple":6,"exdeorum:diorite_pebble":1,"exdeorum:stone_pebble":2,"minecraft:oak_sapling":62,"minecraft:oak_leaves":196},"minecraft:broken":{"exdeorum:crook":2},"minecraft:crafted":{"minecraft:oak_planks":4,"minecraft:crafting_table":1,"minecraft:stick":3,"pickletweaks:flint_shears":1,"crafting_on_a_stick:crafting_table":1,"minecraft:air":50,"exdeorum:crook":1},"minecraft:dropped":{"minecraft:dirt":2,"minecraft:oak_log":20,"exdeorum:granite_pebble":1,"minecraft:string":33,"exdeorum:stone_pebble":1},"minecraft:used":{"minecraft:wooden_axe":14,"exdeorum:oak_barrel":1,"minecraft:apple":2,"exdeorum:crook":261,"minecraft:dirt":1,"minecraft:oak_slab":1,"minecraft:oak_sapling":13,"exdeorum:silk_worm":3},"minecraft:mined":{"minecraft:oak_slab":1,"exdeorum:infested_leaves":179,"exdeorum:oak_barrel":1,"minecraft:dirt":1,"minecraft:oak_leaves":278}},"DataVersion":3465}