{"stat.mineBlock.primal.rush":1,"stat.useItem.minecraft.air":7,"stat.walkOneCm":95887,"stat.pickup.minecraft.bone":2,"stat.pickup.minecraft.stick":37,"stat.useItem.minecraft.potato":3,"stat.pickup.minecraft.gravel":46,"stat.mineBlock.minecraft.cobblestone":1,"stat.pickup.minecraft.clay_ball":16,"stat.pickup.minecraft.stone_pickaxe":1,"stat.useItem.minecraft.cobblestone":1,"stat.pickup.minecraft.stone_axe":1,"stat.useItem.minecraft.apple":1,"stat.killEntity.trumpetskeleton.TrumpetSkeleton":1,"stat.craftItem.minecraft.flint":26,"stat.craftItem.pickletweaks.grass_mesh":1,"stat.useItem.minecraft.porkchop":1,"stat.pickup.minecraft.log":21,"stat.mineBlock.horsepower.chopping_block":1,"stat.mineBlock.minecraft.grass":5,"stat.pickup.primal.pelt_pig":5,"stat.jump":207,"stat.swimOneCm":6349,"stat.pickup.immcraft.rock":3,"stat.pickup.primal.flint_pickaxe":1,"stat.fallOneCm":3893,"stat.pickup.minecraft.beef":3,"stat.craftItem.primal_tech.fire_sticks":1,"stat.craftItem.primal_tech.work_stump":1,"stat.useItem.minecraft.stone_axe":11,"stat.pickup.minecraft.stone":1,"stat.pickup.minecraft.porkchop":14,"stat.crouchOneCm":224,"stat.pickup.minecraft.sapling":2,"stat.pickup.minecraft.dirt":12,"stat.useItem.minecraft.dirt":2,"stat.sprintOneCm":27805,"stat.useItem.primal.flint_workblade":57,"stat.useItem.primal.flint_hatchet":37,"stat.pickup.minecraft.apple":1,"stat.pickup.minecraft.rotten_flesh":6,"stat.drop.minecraft.poisonous_potato":2,"stat.pickup.minecraft.stone_shovel":1,"stat.mineBlock.immcraft.rock":3,"stat.pickup.primal.plant_fiber":32,"stat.useItem.primal.flint_pickaxe":20,"stat.damageTaken":80,"stat.pickup.minecraft.stone_sword":1,"stat.pickup.primal.flint_knapp":18,"stat.mobKills":9,"stat.pickup.minecraft.cobblestone":19,"stat.pickup.primal.rush_stems":4,"stat.mineBlock.minecraft.log":21,"stat.mineBlock.primal_tech.clay_kiln":1,"stat.pickup.minecraft.planks":8,"stat.mineBlock.minecraft.clay":4,"stat.pickup.minecraft.reeds":2,"stat.pickup.primal_tech.work_stump":2,"stat.flyOneCm":41331,"stat.drop":2,"stat.mineBlock.minecraft.leaves":70,"stat.pickup.horsepower.chopping_block":1,"stat.pickup.primal_tech.clay_kiln":2,"stat.pickup.minecraft.potato":3,"stat.playOneMinute":31257,"stat.craftItem.primal.flint_hatchet":1,"stat.pickup.primal.flint_workblade":1,"stat.mineBlock.minecraft.gravel":46,"stat.useItem.minecraft.stone_pickaxe":3,"stat.sneakTime":189,"stat.mineBlock.primal_tech.work_stump":2,"stat.useItem.minecraft.stone_sword":5,"stat.damageDealt":1202,"stat.useItem.primal_tech.fire_sticks":9,"stat.killEntity.Zombie":2,"stat.timeSinceDeath":31257,"stat.pickup.minecraft.stone_slab":3,"stat.killEntity.Cow":1,"stat.mineBlock.minecraft.dirt":7,"stat.craftItem.horsepower.chopping_block":2,"stat.mineBlock.minecraft.stone":39,"stat.killEntity.Pig":5,"stat.mineBlock.minecraft.tallgrass":31,"stat.craftItem.primal_tech.rock":1,"stat.pickup.minecraft.poisonous_potato":2,"stat.diveOneCm":900,"stat.craftItem.primal.plant_cordage":6}