{"stats":{"minecraft:killed":{"minecraft:zombie":1,"minecraft:silverfish":5},"minecraft:crafted":{"minecraft:oak_planks":6,"minecraft:stick":1,"minecraft:stone_pickaxe":1,"minecraft:stone_sword":1,"crafting_on_a_stick:crafting_table":1,"minecraft:air":31},"minecraft:picked_up":{"minecraft:book":15,"minecraft:stick":12,"minecraft:crafting_table":1,"apotheosis:gem":4,"minecraft:flower_pot":1,"minecraft:chiseled_stone_bricks":1,"minecraft:torch":4,"farmersdelight:tomato_seeds":15,"minecraft:oak_log":6,"minecraft:lily_of_the_valley":1,"farmersdelight:tomato":4,"minecraft:dirt":1,"bhc:red_heart":1,"minecraft:tnt":2,"minecraft:rotten_flesh":2,"minecraft:stone_bricks":2,"minecraft:cracked_stone_bricks":1,"mysticalagriculture:inferium_essence":1,"minecraft:mossy_stone_bricks":1,"minecraft:coal":6,"minecraft:bone_block":10,"minecraft:cobblestone":27},"minecraft:custom":{"minecraft:time_since_rest":668,"lootr:looted_stat":1,"minecraft:sprint_one_cm":64346,"minecraft:damage_taken":416,"minecraft:walk_one_cm":85851,"minecraft:mob_kills":6,"minecraft:damage_dealt":600,"minecraft:swim_one_cm":15176,"minecraft:fly_one_cm":133414,"minecraft:crouch_one_cm":372,"minecraft:play_time":26279,"tombstone:undead_killed":1,"minecraft:deaths":1,"minecraft:sneak_time":234,"minecraft:walk_under_water_one_cm":1089,"minecraft:jump":643,"minecraft:time_since_death":3067,"minecraft:walk_on_water_one_cm":3377,"minecraft:climb_one_cm":1403,"minecraft:total_world_time":26279,"minecraft:fall_one_cm":14602},"minecraft:mined":{"minecraft:potted_lily_of_the_valley":1,"minecraft:grass_block":1,"minecraft:bookshelf":1,"minecraft:oak_log":6,"minecraft:infested_cracked_stone_bricks":1,"minecraft:cracked_stone_bricks":1,"minecraft:deepslate_coal_ore":6,"farmersdelight:wild_tomatoes":1,"minecraft:stone_bricks":2,"minecraft:bone_block":16,"minecraft:mossy_stone_bricks":1,"minecraft:wall_torch":1,"minecraft:chiseled_stone_bricks":2},"minecraft:used":{"minecraft:stone_sword":13,"minecraft:stone_pickaxe":29,"minecraft:torch":1,"minecraft:cooked_beef":2},"minecraft:killed_by":{"minecraft:silverfish":1}},"DataVersion":3465}