{"stat.mineBlock.primal.rush":1,"stat.useItem.minecraft.air":2,"stat.walkOneCm":53576,"stat.pickup.minecraft.bone":1,"stat.pickup.minecraft.stick":9,"stat.pickup.minecraft.gravel":46,"stat.killEntity.trumpetskeleton.TrumpetSkeleton":1,"stat.craftItem.minecraft.flint":26,"stat.craftItem.pickletweaks.grass_mesh":1,"stat.pickup.minecraft.log":18,"stat.mineBlock.minecraft.grass":2,"stat.jump":98,"stat.swimOneCm":155,"stat.pickup.immcraft.rock":3,"stat.pickup.primal.flint_pickaxe":1,"stat.fallOneCm":2372,"stat.craftItem.primal_tech.work_stump":1,"stat.pickup.minecraft.sapling":2,"stat.pickup.minecraft.dirt":5,"stat.useItem.minecraft.dirt":2,"stat.sprintOneCm":16013,"stat.useItem.primal.flint_hatchet":36,"stat.pickup.minecraft.rotten_flesh":6,"stat.mineBlock.immcraft.rock":3,"stat.pickup.primal.plant_fiber":25,"stat.damageTaken":80,"stat.pickup.primal.flint_knapp":18,"stat.mobKills":3,"stat.pickup.primal.rush_stems":4,"stat.mineBlock.minecraft.log":19,"stat.pickup.minecraft.planks":2,"stat.pickup.minecraft.reeds":2,"stat.flyOneCm":21796,"stat.mineBlock.minecraft.leaves":16,"stat.playOneMinute":19557,"stat.craftItem.primal.flint_hatchet":1,"stat.pickup.primal.flint_workblade":1,"stat.mineBlock.minecraft.gravel":46,"stat.sneakTime":1,"stat.damageDealt":602,"stat.killEntity.Zombie":2,"stat.timeSinceDeath":19557,"stat.mineBlock.minecraft.dirt":3,"stat.craftItem.horsepower.chopping_block":2,"stat.mineBlock.minecraft.stone":20,"stat.mineBlock.minecraft.tallgrass":25,"stat.craftItem.primal_tech.rock":1,"stat.craftItem.primal.plant_cordage":6}