{
  "enigmaticlegacy:recipes/generic/evil_ingot": {
    "criteria": {
      "is_cursed_one": "2024-07-13 01:22:44 +0000"
    },
    "done": false
  },
  "storagedrawers:recipes/storagedrawers/one_stack_upgrade": {
    "criteria": {
      "has_template": "2024-07-13 01:22:00 +0000"
    },
    "done": true
  },
  "aquaculture:recipes/aquaculture/heavy_hook": {
    "criteria": {
      "has_items": "2024-07-13 01:22:00 +0000"
    },
    "done": true
  },
  "aquaculture:recipes/misc/neptunium_ingot_from_neptunium_block": {
    "criteria": {
      "has_items": "2024-07-13 01:22:00 +0000"
    },
    "done": true
  },
  "create:root": {
    "criteria": {
      "0": "2024-07-13 01:22:00 +0000"
    },
    "done": true
  },
  "simplyswords:grant_book_on_first_join": {
    "criteria": {
      "tick": "2024-07-13 01:22:00 +0000"
    },
    "done": true
  },
  "enigmaticlegacy:recipes/generic/ender_slayer": {
    "criteria": {
      "is_cursed_one": "2024-07-13 01:22:44 +0000"
    },
    "done": false
  },
  "enigmaticlegacy:recipes/generic/enchanter_pearl": {
    "criteria": {
      "is_cursed_one": "2024-07-13 01:22:44 +0000"
    },
    "done": false
  },
  "enigmaticlegacy:main/root": {
    "criteria": {
      "flower": "2024-07-13 01:22:00 +0000"
    },
    "done": true
  },
  "minecraft:recipes/decorations/crafting_table": {
    "criteria": {
      "unlock_right_away": "2024-07-13 01:22:00 +0000"
    },
    "done": true
  },
  "naturalist:recipes/food/cooked_egg": {
    "criteria": {
      "has_eggs": "2024-07-13 01:22:00 +0000"
    },
    "done": true
  },
  "storagedrawers:recipes/storagedrawers/illumination_upgrade": {
    "criteria": {
      "has_template": "2024-07-13 01:22:00 +0000"
    },
    "done": true
  },
  "mekanism:root": {
    "criteria": {
      "automatic": "2024-07-13 01:22:00 +0000"
    },
    "done": true
  },
  "enigmaticlegacy:recipes/generic/avarice_scroll": {
    "criteria": {
      "is_cursed_one": "2024-07-13 01:22:44 +0000"
    },
    "done": false
  },
  "irons_spellbooks:grant_patchouli": {
    "criteria": {
      "tick": "2024-07-13 01:22:00 +0000"
    },
    "done": true
  },
  "storagedrawers:recipes/storagedrawers/acacia_trim": {
    "criteria": {
      "has_planks": "2024-07-13 01:22:00 +0000"
    },
    "done": true
  },
  "storagedrawers:recipes/storagedrawers/concealment_key": {
    "criteria": {
      "has_template": "2024-07-13 01:22:00 +0000"
    },
    "done": true
  },
  "biomesoplenty:biomesoplenty/root": {
    "criteria": {
      "bog": "2024-07-13 01:22:01 +0000"
    },
    "done": true
  },
  "aquaculture:recipes/decorations/acacia_fish_mount": {
    "criteria": {
      "has_items": "2024-07-13 01:22:00 +0000"
    },
    "done": true
  },
  "betterdungeons:root": {
    "criteria": {
      "always": "2024-07-13 01:22:00 +0000"
    },
    "done": true
  },
  "enigmaticlegacy:recipes/generic/infernal_shield": {
    "criteria": {
      "is_cursed_one": "2024-07-13 01:22:44 +0000"
    },
    "done": false
  },
  "aquaculture:recipes/aquaculture/light_hook": {
    "criteria": {
      "has_items": "2024-07-13 01:22:00 +0000"
    },
    "done": true
  },
  "enigmaticlegacy:recipes/generic/berserk_charm": {
    "criteria": {
      "is_cursed_one": "2024-07-13 01:22:44 +0000"
    },
    "done": false
  },
  "storagedrawers:recipes/storagedrawers/gold_storage_upgrade": {
    "criteria": {
      "has_template": "2024-07-13 01:22:00 +0000"
    },
    "done": true
  },
  "enigmaticlegacy:recipes/generic/soul_compass": {
    "criteria": {
      "is_cursed_one": "2024-07-13 01:22:44 +0000"
    },
    "done": false
  },
  "aquaculture:recipes/tools/iron_fishing_rod": {
    "criteria": {
      "has_vanilla_rod": "2024-07-13 01:22:00 +0000"
    },
    "done": true
  },
  "aquaculture:recipes/decorations/oak_fish_mount": {
    "criteria": {
      "has_items": "2024-07-13 01:22:00 +0000"
    },
    "done": true
  },
  "storagedrawers:recipes/storagedrawers/birch_trim": {
    "criteria": {
      "has_planks": "2024-07-13 01:22:00 +0000"
    },
    "done": true
  },
  "storagedrawers:recipes/storagedrawers/void_upgrade": {
    "criteria": {
      "has_template": "2024-07-13 01:22:00 +0000"
    },
    "done": true
  },
  "storagedrawers:recipes/storagedrawers/fill_level_upgrade": {
    "criteria": {
      "has_template": "2024-07-13 01:22:00 +0000"
    },
    "done": true
  },
  "aquaculture:recipes/aquaculture/double_hook": {
    "criteria": {
      "has_items": "2024-07-13 01:22:00 +0000"
    },
    "done": true
  },
  "aquaculture:recipes/aquaculture/fishing_line": {
    "criteria": {
      "has_items": "2024-07-13 01:22:00 +0000"
    },
    "done": true
  },
  "enigmaticlegacy:book/relics/eldritch_amulet": {
    "criteria": {
      "is_the_cursed_one": "2024-07-13 01:22:44 +0000"
    },
    "done": false
  },
  "aquaculture:recipes/aquaculture/iron_hook": {
    "criteria": {
      "has_items": "2024-07-13 01:22:00 +0000"
    },
    "done": true
  },
  "aquaculture:recipes/misc/jellyfish_to_slimeball": {
    "criteria": {
      "has_items": "2024-07-13 01:22:00 +0000"
    },
    "done": true
  },
  "aquaculture:recipes/tools/diamond_fishing_rod": {
    "criteria": {
      "has_vanilla_rod": "2024-07-13 01:22:00 +0000"
    },
    "done": true
  },
  "enigmaticlegacy:recipes/generic/twisted_heart": {
    "criteria": {
      "is_cursed_one": "2024-07-13 01:22:44 +0000"
    },
    "done": false
  },
  "storagedrawers:recipes/storagedrawers/oak_trim": {
    "criteria": {
      "has_planks": "2024-07-13 01:22:00 +0000"
    },
    "done": true
  },
  "ironfurnaces:coal": {
    "criteria": {
      "rainbowcoal": "2024-07-13 01:22:00 +0000"
    },
    "done": true
  },
  "storagedrawers:recipes/storagedrawers/emerald_storage_upgrade": {
    "criteria": {
      "has_template": "2024-07-13 01:22:00 +0000"
    },
    "done": true
  },
  "storagedrawers:recipes/storagedrawers/obsidian_storage_upgrade": {
    "criteria": {
      "has_template": "2024-07-13 01:22:00 +0000"
    },
    "done": true
  },
  "storagedrawers:recipes/storagedrawers/iron_storage_upgrade": {
    "criteria": {
      "has_template": "2024-07-13 01:22:00 +0000"
    },
    "done": true
  },
  "enigmaticlegacy:main/cursed_ring": {
    "criteria": {
      "fruit": "2024-07-13 01:22:44 +0000"
    },
    "done": true
  },
  "aquaculture:recipes/misc/tin_can_to_iron_nugget": {
    "criteria": {
      "has_items": "2024-07-13 01:22:00 +0000"
    },
    "done": true
  },
  "aquaculture:recipes/decorations/birch_fish_mount": {
    "criteria": {
      "has_items": "2024-07-13 01:22:00 +0000"
    },
    "done": true
  },
  "storagedrawers:recipes/storagedrawers/diamond_storage_upgrade": {
    "criteria": {
      "has_template": "2024-07-13 01:22:00 +0000"
    },
    "done": true
  },
  "enigmaticlegacy:book/relics/enigmatic_amulet": {
    "criteria": {
      "has_items": "2024-07-13 01:22:00 +0000"
    },
    "done": true
  },
  "aquaculture:recipes/misc/iron_nugget_from_smelting": {
    "criteria": {
      "has_fishing_rod": "2024-07-13 01:22:00 +0000",
      "has_fillet_knife": "2024-07-13 01:22:00 +0000"
    },
    "done": true
  },
  "aquaculture:recipes/tools/golden_fishing_rod": {
    "criteria": {
      "has_vanilla_rod": "2024-07-13 01:22:00 +0000"
    },
    "done": true
  },
  "aquaculture:recipes/misc/gold_nugget_from_smelting": {
    "criteria": {
      "has_fishing_rod": "2024-07-13 01:22:00 +0000",
      "has_fillet_knife": "2024-07-13 01:22:00 +0000"
    },
    "done": true
  },
  "mowziesmobs:root": {
    "criteria": {
      "custom_test_name": "2024-07-13 01:22:00 +0000"
    },
    "done": true
  },
  "aquaculture:recipes/misc/bonemeal_from_fish_bones": {
    "criteria": {
      "has_items": "2024-07-13 01:22:00 +0000"
    },
    "done": true
  },
  "storagedrawers:recipes/storagedrawers/crimson_trim": {
    "criteria": {
      "has_planks": "2024-07-13 01:22:00 +0000"
    },
    "done": true
  },
  "aquaculture:recipes/misc/brown_mushroom_from_fish": {
    "criteria": {
      "has_items": "2024-07-13 01:22:00 +0000"
    },
    "done": true
  },
  "dungeons_arise:wda_root": {
    "criteria": {
      "WDA": "2024-07-13 01:22:00 +0000"
    },
    "done": true
  },
  "aquaculture:recipes/misc/neptinium_ingot_from_blasting": {
    "criteria": {
      "has_leggings": "2024-07-13 01:22:00 +0000",
      "has_axe": "2024-07-13 01:22:00 +0000",
      "has_helmet": "2024-07-13 01:22:00 +0000",
      "has_fishing_rod": "2024-07-13 01:22:00 +0000",
      "has_bow": "2024-07-13 01:22:00 +0000",
      "has_chestplate": "2024-07-13 01:22:00 +0000",
      "has_sword": "2024-07-13 01:22:00 +0000",
      "has_fillet_knife": "2024-07-13 01:22:00 +0000",
      "has_shovel": "2024-07-13 01:22:00 +0000",
      "has_hoe": "2024-07-13 01:22:00 +0000",
      "has_boots": "2024-07-13 01:22:00 +0000",
      "has_pickaxe": "2024-07-13 01:22:00 +0000"
    },
    "done": true
  },
  "aquaculture:recipes/decorations/dark_oak_fish_mount": {
    "criteria": {
      "has_items": "2024-07-13 01:22:00 +0000"
    },
    "done": true
  },
  "storagedrawers:recipes/storagedrawers/drawer_key": {
    "criteria": {
      "has_template": "2024-07-13 01:22:00 +0000"
    },
    "done": true
  },
  "enigmaticlegacy:recipes/generic/the_infinitum": {
    "criteria": {
      "is_cursed_one": "2024-07-13 01:22:44 +0000"
    },
    "done": false
  },
  "enigmaticlegacy:recipes/generic/the_acknowledgment": {
    "criteria": {
      "has_iron_ingot": "2024-07-13 01:22:00 +0000"
    },
    "done": true
  },
  "storagedrawers:recipes/storagedrawers/min_redstone_upgrade": {
    "criteria": {
      "has_template": "2024-07-13 01:22:00 +0000"
    },
    "done": true
  },
  "aquaculture:recipes/aquaculture/diamond_hook": {
    "criteria": {
      "has_items": "2024-07-13 01:22:00 +0000"
    },
    "done": true
  },
  "aquaculture:recipes/food/sushi": {
    "criteria": {
      "has_alt_items": "2024-07-13 01:22:00 +0000",
      "has_items": "2024-07-13 01:22:00 +0000"
    },
    "done": true
  },
  "aquaculture:recipes/misc/red_mushroom_from_fish": {
    "criteria": {
      "has_items": "2024-07-13 01:22:00 +0000"
    },
    "done": true
  },
  "aquaculture:recipes/building_blocks/planks_from_driftwood": {
    "criteria": {
      "has_items": "2024-07-13 01:22:00 +0000"
    },
    "done": true
  },
  "enigmaticlegacy:recipes/generic/cursed_stone": {
    "criteria": {
      "is_cursed_one": "2024-07-13 01:22:44 +0000"
    },
    "done": false
  },
  "tombstone:adventure/root": {
    "criteria": {
      "auto": "2024-07-13 01:22:01 +0000"
    },
    "done": true
  },
  "aquaculture:recipes/aquaculture/worm_farm": {
    "criteria": {
      "has_items": "2024-07-13 01:22:00 +0000"
    },
    "done": true
  },
  "enigmaticlegacy:recipes/generic/curse_transposer": {
    "criteria": {
      "is_cursed_one": "2024-07-13 01:22:44 +0000"
    },
    "done": false
  },
  "aquaculture:recipes/aquaculture/note_hook": {
    "criteria": {
      "has_items": "2024-07-13 01:22:00 +0000"
    },
    "done": true
  },
  "aquaculture:recipes/food/cooked_fish_fillet_from_campfire": {
    "criteria": {
      "has_items": "2024-07-13 01:22:00 +0000"
    },
    "done": true
  },
  "aquaculture:recipes/aquaculture/gold_hook": {
    "criteria": {
      "has_items": "2024-07-13 01:22:00 +0000"
    },
    "done": true
  },
  "aquaculture:recipes/decorations/spruce_fish_mount": {
    "criteria": {
      "has_items": "2024-07-13 01:22:00 +0000"
    },
    "done": true
  },
  "biomesoplenty:biomesoplenty/all_biomes": {
    "criteria": {
      "bog": "2024-07-13 01:22:01 +0000"
    },
    "done": false
  },
  "storagedrawers:recipes/storagedrawers/warped_trim": {
    "criteria": {
      "has_planks": "2024-07-13 01:22:00 +0000"
    },
    "done": true
  },
  "storagedrawers:recipes/storagedrawers/jungle_trim": {
    "criteria": {
      "has_planks": "2024-07-13 01:22:00 +0000"
    },
    "done": true
  },
  "storagedrawers:recipes/storagedrawers/max_redstone_upgrade": {
    "criteria": {
      "has_template": "2024-07-13 01:22:00 +0000"
    },
    "done": true
  },
  "lootr:root": {
    "criteria": {
      "always_true": "2024-07-13 01:22:00 +0000"
    },
    "done": true
  },
  "aquaculture:recipes/misc/tin_can_to_iron_nugget_from_blasting": {
    "criteria": {
      "has_items": "2024-07-13 01:22:00 +0000"
    },
    "done": true
  },
  "cataclysm:root": {
    "criteria": {
      "custom_test_name": "2024-07-13 01:22:00 +0000"
    },
    "done": true
  },
  "enigmaticlegacy:recipes/generic/twisted_mirror": {
    "criteria": {
      "is_cursed_one": "2024-07-13 01:22:44 +0000"
    },
    "done": false
  },
  "enigmaticlegacy:recipes/generic/desolation_ring": {
    "criteria": {
      "is_cursed_one": "2024-07-13 01:22:44 +0000"
    },
    "done": false
  },
  "storagedrawers:recipes/storagedrawers/redstone_upgrade": {
    "criteria": {
      "has_template": "2024-07-13 01:22:00 +0000"
    },
    "done": true
  },
  "storagedrawers:recipes/storagedrawers/spruce_trim": {
    "criteria": {
      "has_planks": "2024-07-13 01:22:00 +0000"
    },
    "done": true
  },
  "enigmaticlegacy:book/brewing/twisted_potion": {
    "criteria": {
      "is_cursed_one": "2024-07-13 01:22:44 +0000"
    },
    "done": false
  },
  "aquaculture:recipes/aquaculture/redstone_hook": {
    "criteria": {
      "has_items": "2024-07-13 01:22:00 +0000"
    },
    "done": true
  },
  "enigmaticlegacy:book/accessories/ender_ring": {
    "criteria": {
      "is_cursed_one": "2024-07-13 01:22:44 +0000"
    },
    "done": true
  },
  "aquaculture:recipes/misc/gold_nugget_from_blasting": {
    "criteria": {
      "has_fishing_rod": "2024-07-13 01:22:00 +0000",
      "has_fillet_knife": "2024-07-13 01:22:00 +0000"
    },
    "done": true
  },
  "aquaculture:recipes/aquaculture/bobber": {
    "criteria": {
      "has_items": "2024-07-13 01:22:00 +0000"
    },
    "done": true
  },
  "aquaculture:recipes/misc/gold_nugget_from_gold_fish": {
    "criteria": {
      "has_items": "2024-07-13 01:22:00 +0000"
    },
    "done": true
  },
  "aquaculture:recipes/food/cooked_fish_fillet_from_smoking": {
    "criteria": {
      "has_items": "2024-07-13 01:22:00 +0000"
    },
    "done": true
  },
  "enigmaticlegacy:book/relics/cursed_ring": {
    "criteria": {
      "has_items": "2024-07-13 01:22:00 +0000"
    },
    "done": true
  },
  "aquaculture:recipes/food/cooked_fish_fillet": {
    "criteria": {
      "has_items": "2024-07-13 01:22:00 +0000"
    },
    "done": true
  },
  "storagedrawers:recipes/storagedrawers/quantify_key": {
    "criteria": {
      "has_template": "2024-07-13 01:22:00 +0000"
    },
    "done": true
  },
  "storagedrawers:recipes/storagedrawers/dark_oak_trim": {
    "criteria": {
      "has_planks": "2024-07-13 01:22:00 +0000"
    },
    "done": true
  },
  "enigmaticlegacy:book/soul_loss": {
    "criteria": {
      "is_cursed_one": "2024-07-13 01:22:44 +0000"
    },
    "done": true
  },
  "apotheosis:give_book": {
    "criteria": {
      "tick": "2024-07-13 01:22:00 +0000"
    },
    "done": true
  },
  "aquaculture:recipes/misc/neptunium_ingot_from_nuggets": {
    "criteria": {
      "has_items": "2024-07-13 01:22:00 +0000"
    },
    "done": true
  },
  "aquaculture:recipes/misc/iron_nugget_from_blasting": {
    "criteria": {
      "has_fishing_rod": "2024-07-13 01:22:00 +0000",
      "has_fillet_knife": "2024-07-13 01:22:00 +0000"
    },
    "done": true
  },
  "enigmaticlegacy:recipes/generic/the_twist": {
    "criteria": {
      "has_parent_recipe": "2024-07-13 01:22:00 +0000",
      "is_cursed_one": "2024-07-13 01:22:44 +0000"
    },
    "done": false
  },
  "enigmaticlegacy:recipes/generic/cursed_scroll": {
    "criteria": {
      "is_cursed_one": "2024-07-13 01:22:44 +0000"
    },
    "done": false
  },
  "aquaculture:recipes/decorations/jungle_fish_mount": {
    "criteria": {
      "has_items": "2024-07-13 01:22:00 +0000"
    },
    "done": true
  },
  "DataVersion": 3465
}