{
  "storagedrawers:recipes/storagedrawers/one_stack_upgrade": {
    "criteria": {
      "has_template": "2024-07-13 01:22:00 +0000"
    },
    "done": true
  },
  "aquaculture:recipes/aquaculture/heavy_hook": {
    "criteria": {
      "has_items": "2024-07-13 01:22:00 +0000"
    },
    "done": true
  },
  "aquaculture:recipes/misc/neptunium_ingot_from_neptunium_block": {
    "criteria": {
      "has_items": "2024-07-13 01:22:00 +0000"
    },
    "done": true
  },
  "create:root": {
    "criteria": {
      "0": "2024-07-13 01:22:00 +0000"
    },
    "done": true
  },
  "simplyswords:grant_book_on_first_join": {
    "criteria": {
      "tick": "2024-07-13 01:22:00 +0000"
    },
    "done": true
  },
  "enigmaticlegacy:main/root": {
    "criteria": {
      "flower": "2024-07-13 01:22:00 +0000"
    },
    "done": true
  },
  "minecraft:recipes/decorations/crafting_table": {
    "criteria": {
      "unlock_right_away": "2024-07-13 01:22:00 +0000"
    },
    "done": true
  },
  "naturalist:recipes/food/cooked_egg": {
    "criteria": {
      "has_eggs": "2024-07-13 01:22:00 +0000"
    },
    "done": true
  },
  "storagedrawers:recipes/storagedrawers/illumination_upgrade": {
    "criteria": {
      "has_template": "2024-07-13 01:22:00 +0000"
    },
    "done": true
  },
  "mekanism:root": {
    "criteria": {
      "automatic": "2024-07-13 01:22:00 +0000"
    },
    "done": true
  },
  "irons_spellbooks:grant_patchouli": {
    "criteria": {
      "tick": "2024-07-13 01:22:00 +0000"
    },
    "done": true
  },
  "storagedrawers:recipes/storagedrawers/acacia_trim": {
    "criteria": {
      "has_planks": "2024-07-13 01:22:00 +0000"
    },
    "done": true
  },
  "storagedrawers:recipes/storagedrawers/concealment_key": {
    "criteria": {
      "has_template": "2024-07-13 01:22:00 +0000"
    },
    "done": true
  },
  "aquaculture:recipes/decorations/acacia_fish_mount": {
    "criteria": {
      "has_items": "2024-07-13 01:22:00 +0000"
    },
    "done": true
  },
  "betterdungeons:root": {
    "criteria": {
      "always": "2024-07-13 01:22:00 +0000"
    },
    "done": true
  },
  "aquaculture:recipes/aquaculture/light_hook": {
    "criteria": {
      "has_items": "2024-07-13 01:22:00 +0000"
    },
    "done": true
  },
  "storagedrawers:recipes/storagedrawers/gold_storage_upgrade": {
    "criteria": {
      "has_template": "2024-07-13 01:22:00 +0000"
    },
    "done": true
  },
  "aquaculture:recipes/tools/iron_fishing_rod": {
    "criteria": {
      "has_vanilla_rod": "2024-07-13 01:22:00 +0000"
    },
    "done": true
  },
  "aquaculture:recipes/decorations/oak_fish_mount": {
    "criteria": {
      "has_items": "2024-07-13 01:22:00 +0000"
    },
    "done": true
  },
  "storagedrawers:recipes/storagedrawers/birch_trim": {
    "criteria": {
      "has_planks": "2024-07-13 01:22:00 +0000"
    },
    "done": true
  },
  "storagedrawers:recipes/storagedrawers/void_upgrade": {
    "criteria": {
      "has_template": "2024-07-13 01:22:00 +0000"
    },
    "done": true
  },
  "storagedrawers:recipes/storagedrawers/fill_level_upgrade": {
    "criteria": {
      "has_template": "2024-07-13 01:22:00 +0000"
    },
    "done": true
  },
  "aquaculture:recipes/aquaculture/double_hook": {
    "criteria": {
      "has_items": "2024-07-13 01:22:00 +0000"
    },
    "done": true
  },
  "aquaculture:recipes/aquaculture/fishing_line": {
    "criteria": {
      "has_items": "2024-07-13 01:22:00 +0000"
    },
    "done": true
  },
  "aquaculture:recipes/aquaculture/iron_hook": {
    "criteria": {
      "has_items": "2024-07-13 01:22:00 +0000"
    },
    "done": true
  },
  "aquaculture:recipes/misc/jellyfish_to_slimeball": {
    "criteria": {
      "has_items": "2024-07-13 01:22:00 +0000"
    },
    "done": true
  },
  "aquaculture:recipes/tools/diamond_fishing_rod": {
    "criteria": {
      "has_vanilla_rod": "2024-07-13 01:22:00 +0000"
    },
    "done": true
  },
  "storagedrawers:recipes/storagedrawers/oak_trim": {
    "criteria": {
      "has_planks": "2024-07-13 01:22:00 +0000"
    },
    "done": true
  },
  "ironfurnaces:coal": {
    "criteria": {
      "rainbowcoal": "2024-07-13 01:22:00 +0000"
    },
    "done": true
  },
  "storagedrawers:recipes/storagedrawers/emerald_storage_upgrade": {
    "criteria": {
      "has_template": "2024-07-13 01:22:00 +0000"
    },
    "done": true
  },
  "storagedrawers:recipes/storagedrawers/obsidian_storage_upgrade": {
    "criteria": {
      "has_template": "2024-07-13 01:22:00 +0000"
    },
    "done": true
  },
  "storagedrawers:recipes/storagedrawers/iron_storage_upgrade": {
    "criteria": {
      "has_template": "2024-07-13 01:22:00 +0000"
    },
    "done": true
  },
  "aquaculture:recipes/misc/tin_can_to_iron_nugget": {
    "criteria": {
      "has_items": "2024-07-13 01:22:00 +0000"
    },
    "done": true
  },
  "aquaculture:recipes/decorations/birch_fish_mount": {
    "criteria": {
      "has_items": "2024-07-13 01:22:00 +0000"
    },
    "done": true
  },
  "storagedrawers:recipes/storagedrawers/diamond_storage_upgrade": {
    "criteria": {
      "has_template": "2024-07-13 01:22:00 +0000"
    },
    "done": true
  },
  "enigmaticlegacy:book/relics/enigmatic_amulet": {
    "criteria": {
      "has_items": "2024-07-13 01:22:00 +0000"
    },
    "done": true
  },
  "aquaculture:recipes/misc/iron_nugget_from_smelting": {
    "criteria": {
      "has_fishing_rod": "2024-07-13 01:22:00 +0000",
      "has_fillet_knife": "2024-07-13 01:22:00 +0000"
    },
    "done": true
  },
  "aquaculture:recipes/tools/golden_fishing_rod": {
    "criteria": {
      "has_vanilla_rod": "2024-07-13 01:22:00 +0000"
    },
    "done": true
  },
  "aquaculture:recipes/misc/gold_nugget_from_smelting": {
    "criteria": {
      "has_fishing_rod": "2024-07-13 01:22:00 +0000",
      "has_fillet_knife": "2024-07-13 01:22:00 +0000"
    },
    "done": true
  },
  "mowziesmobs:root": {
    "criteria": {
      "custom_test_name": "2024-07-13 01:22:00 +0000"
    },
    "done": true
  },
  "aquaculture:recipes/misc/bonemeal_from_fish_bones": {
    "criteria": {
      "has_items": "2024-07-13 01:22:00 +0000"
    },
    "done": true
  },
  "storagedrawers:recipes/storagedrawers/crimson_trim": {
    "criteria": {
      "has_planks": "2024-07-13 01:22:00 +0000"
    },
    "done": true
  },
  "aquaculture:recipes/misc/brown_mushroom_from_fish": {
    "criteria": {
      "has_items": "2024-07-13 01:22:00 +0000"
    },
    "done": true
  },
  "dungeons_arise:wda_root": {
    "criteria": {
      "WDA": "2024-07-13 01:22:00 +0000"
    },
    "done": true
  },
  "aquaculture:recipes/misc/neptinium_ingot_from_blasting": {
    "criteria": {
      "has_leggings": "2024-07-13 01:22:00 +0000",
      "has_axe": "2024-07-13 01:22:00 +0000",
      "has_helmet": "2024-07-13 01:22:00 +0000",
      "has_fishing_rod": "2024-07-13 01:22:00 +0000",
      "has_bow": "2024-07-13 01:22:00 +0000",
      "has_chestplate": "2024-07-13 01:22:00 +0000",
      "has_sword": "2024-07-13 01:22:00 +0000",
      "has_fillet_knife": "2024-07-13 01:22:00 +0000",
      "has_shovel": "2024-07-13 01:22:00 +0000",
      "has_hoe": "2024-07-13 01:22:00 +0000",
      "has_boots": "2024-07-13 01:22:00 +0000",
      "has_pickaxe": "2024-07-13 01:22:00 +0000"
    },
    "done": true
  },
  "aquaculture:recipes/decorations/dark_oak_fish_mount": {
    "criteria": {
      "has_items": "2024-07-13 01:22:00 +0000"
    },
    "done": true
  },
  "storagedrawers:recipes/storagedrawers/drawer_key": {
    "criteria": {
      "has_template": "2024-07-13 01:22:00 +0000"
    },
    "done": true
  },
  "enigmaticlegacy:recipes/generic/the_acknowledgment": {
    "criteria": {
      "has_iron_ingot": "2024-07-13 01:22:00 +0000"
    },
    "done": true
  },
  "storagedrawers:recipes/storagedrawers/min_redstone_upgrade": {
    "criteria": {
      "has_template": "2024-07-13 01:22:00 +0000"
    },
    "done": true
  },
  "aquaculture:recipes/aquaculture/diamond_hook": {
    "criteria": {
      "has_items": "2024-07-13 01:22:00 +0000"
    },
    "done": true
  },
  "aquaculture:recipes/food/sushi": {
    "criteria": {
      "has_alt_items": "2024-07-13 01:22:00 +0000",
      "has_items": "2024-07-13 01:22:00 +0000"
    },
    "done": true
  },
  "aquaculture:recipes/misc/red_mushroom_from_fish": {
    "criteria": {
      "has_items": "2024-07-13 01:22:00 +0000"
    },
    "done": true
  },
  "aquaculture:recipes/building_blocks/planks_from_driftwood": {
    "criteria": {
      "has_items": "2024-07-13 01:22:00 +0000"
    },
    "done": true
  },
  "aquaculture:recipes/aquaculture/worm_farm": {
    "criteria": {
      "has_items": "2024-07-13 01:22:00 +0000"
    },
    "done": true
  },
  "aquaculture:recipes/aquaculture/note_hook": {
    "criteria": {
      "has_items": "2024-07-13 01:22:00 +0000"
    },
    "done": true
  },
  "aquaculture:recipes/food/cooked_fish_fillet_from_campfire": {
    "criteria": {
      "has_items": "2024-07-13 01:22:00 +0000"
    },
    "done": true
  },
  "aquaculture:recipes/aquaculture/gold_hook": {
    "criteria": {
      "has_items": "2024-07-13 01:22:00 +0000"
    },
    "done": true
  },
  "aquaculture:recipes/decorations/spruce_fish_mount": {
    "criteria": {
      "has_items": "2024-07-13 01:22:00 +0000"
    },
    "done": true
  },
  "storagedrawers:recipes/storagedrawers/warped_trim": {
    "criteria": {
      "has_planks": "2024-07-13 01:22:00 +0000"
    },
    "done": true
  },
  "storagedrawers:recipes/storagedrawers/jungle_trim": {
    "criteria": {
      "has_planks": "2024-07-13 01:22:00 +0000"
    },
    "done": true
  },
  "storagedrawers:recipes/storagedrawers/max_redstone_upgrade": {
    "criteria": {
      "has_template": "2024-07-13 01:22:00 +0000"
    },
    "done": true
  },
  "lootr:root": {
    "criteria": {
      "always_true": "2024-07-13 01:22:00 +0000"
    },
    "done": true
  },
  "aquaculture:recipes/misc/tin_can_to_iron_nugget_from_blasting": {
    "criteria": {
      "has_items": "2024-07-13 01:22:00 +0000"
    },
    "done": true
  },
  "cataclysm:root": {
    "criteria": {
      "custom_test_name": "2024-07-13 01:22:00 +0000"
    },
    "done": true
  },
  "storagedrawers:recipes/storagedrawers/redstone_upgrade": {
    "criteria": {
      "has_template": "2024-07-13 01:22:00 +0000"
    },
    "done": true
  },
  "storagedrawers:recipes/storagedrawers/spruce_trim": {
    "criteria": {
      "has_planks": "2024-07-13 01:22:00 +0000"
    },
    "done": true
  },
  "aquaculture:recipes/aquaculture/redstone_hook": {
    "criteria": {
      "has_items": "2024-07-13 01:22:00 +0000"
    },
    "done": true
  },
  "aquaculture:recipes/misc/gold_nugget_from_blasting": {
    "criteria": {
      "has_fishing_rod": "2024-07-13 01:22:00 +0000",
      "has_fillet_knife": "2024-07-13 01:22:00 +0000"
    },
    "done": true
  },
  "aquaculture:recipes/aquaculture/bobber": {
    "criteria": {
      "has_items": "2024-07-13 01:22:00 +0000"
    },
    "done": true
  },
  "aquaculture:recipes/misc/gold_nugget_from_gold_fish": {
    "criteria": {
      "has_items": "2024-07-13 01:22:00 +0000"
    },
    "done": true
  },
  "aquaculture:recipes/food/cooked_fish_fillet_from_smoking": {
    "criteria": {
      "has_items": "2024-07-13 01:22:00 +0000"
    },
    "done": true
  },
  "enigmaticlegacy:book/relics/cursed_ring": {
    "criteria": {
      "has_items": "2024-07-13 01:22:00 +0000"
    },
    "done": true
  },
  "aquaculture:recipes/food/cooked_fish_fillet": {
    "criteria": {
      "has_items": "2024-07-13 01:22:00 +0000"
    },
    "done": true
  },
  "storagedrawers:recipes/storagedrawers/quantify_key": {
    "criteria": {
      "has_template": "2024-07-13 01:22:00 +0000"
    },
    "done": true
  },
  "storagedrawers:recipes/storagedrawers/dark_oak_trim": {
    "criteria": {
      "has_planks": "2024-07-13 01:22:00 +0000"
    },
    "done": true
  },
  "apotheosis:give_book": {
    "criteria": {
      "tick": "2024-07-13 01:22:00 +0000"
    },
    "done": true
  },
  "aquaculture:recipes/misc/neptunium_ingot_from_nuggets": {
    "criteria": {
      "has_items": "2024-07-13 01:22:00 +0000"
    },
    "done": true
  },
  "aquaculture:recipes/misc/iron_nugget_from_blasting": {
    "criteria": {
      "has_fishing_rod": "2024-07-13 01:22:00 +0000",
      "has_fillet_knife": "2024-07-13 01:22:00 +0000"
    },
    "done": true
  },
  "enigmaticlegacy:recipes/generic/the_twist": {
    "criteria": {
      "has_parent_recipe": "2024-07-13 01:22:00 +0000",
      "is_cursed_one": "2024-07-13 01:22:44 +0000"
    },
    "done": false
  },
  "aquaculture:recipes/decorations/jungle_fish_mount": {
    "criteria": {
      "has_items": "2024-07-13 01:22:00 +0000"
    },
    "done": true
  },
  "biomesoplenty:biomesoplenty/root": {
    "criteria": {
      "bog": "2024-07-13 01:22:01 +0000"
    },
    "done": true
  },
  "tombstone:adventure/root": {
    "criteria": {
      "auto": "2024-07-13 01:22:01 +0000"
    },
    "done": true
  },
  "biomesoplenty:biomesoplenty/all_biomes": {
    "criteria": {
      "bog": "2024-07-13 01:22:01 +0000"
    },
    "done": false
  },
  "enigmaticlegacy:recipes/generic/evil_ingot": {
    "criteria": {
      "is_cursed_one": "2024-07-13 01:22:44 +0000"
    },
    "done": false
  },
  "enigmaticlegacy:recipes/generic/ender_slayer": {
    "criteria": {
      "is_cursed_one": "2024-07-13 01:22:44 +0000"
    },
    "done": false
  },
  "enigmaticlegacy:recipes/generic/enchanter_pearl": {
    "criteria": {
      "is_cursed_one": "2024-07-13 01:22:44 +0000"
    },
    "done": false
  },
  "enigmaticlegacy:recipes/generic/avarice_scroll": {
    "criteria": {
      "is_cursed_one": "2024-07-13 01:22:44 +0000"
    },
    "done": false
  },
  "enigmaticlegacy:recipes/generic/infernal_shield": {
    "criteria": {
      "is_cursed_one": "2024-07-13 01:22:44 +0000"
    },
    "done": false
  },
  "enigmaticlegacy:recipes/generic/berserk_charm": {
    "criteria": {
      "is_cursed_one": "2024-07-13 01:22:44 +0000"
    },
    "done": false
  },
  "enigmaticlegacy:recipes/generic/soul_compass": {
    "criteria": {
      "is_cursed_one": "2024-07-13 01:22:44 +0000"
    },
    "done": false
  },
  "enigmaticlegacy:book/relics/eldritch_amulet": {
    "criteria": {
      "is_the_cursed_one": "2024-07-13 01:22:44 +0000"
    },
    "done": false
  },
  "enigmaticlegacy:recipes/generic/twisted_heart": {
    "criteria": {
      "is_cursed_one": "2024-07-13 01:22:44 +0000"
    },
    "done": false
  },
  "enigmaticlegacy:main/cursed_ring": {
    "criteria": {
      "fruit": "2024-07-13 01:22:44 +0000"
    },
    "done": true
  },
  "enigmaticlegacy:recipes/generic/the_infinitum": {
    "criteria": {
      "is_cursed_one": "2024-07-13 01:22:44 +0000"
    },
    "done": false
  },
  "enigmaticlegacy:recipes/generic/cursed_stone": {
    "criteria": {
      "is_cursed_one": "2024-07-13 01:22:44 +0000"
    },
    "done": false
  },
  "enigmaticlegacy:recipes/generic/curse_transposer": {
    "criteria": {
      "is_cursed_one": "2024-07-13 01:22:44 +0000"
    },
    "done": false
  },
  "enigmaticlegacy:recipes/generic/twisted_mirror": {
    "criteria": {
      "is_cursed_one": "2024-07-13 01:22:44 +0000"
    },
    "done": false
  },
  "enigmaticlegacy:recipes/generic/desolation_ring": {
    "criteria": {
      "is_cursed_one": "2024-07-13 01:22:44 +0000"
    },
    "done": false
  },
  "enigmaticlegacy:book/brewing/twisted_potion": {
    "criteria": {
      "is_cursed_one": "2024-07-13 01:22:44 +0000"
    },
    "done": false
  },
  "enigmaticlegacy:book/accessories/ender_ring": {
    "criteria": {
      "is_cursed_one": "2024-07-13 01:22:44 +0000"
    },
    "done": true
  },
  "enigmaticlegacy:book/soul_loss": {
    "criteria": {
      "is_cursed_one": "2024-07-13 01:22:44 +0000"
    },
    "done": true
  },
  "enigmaticlegacy:recipes/generic/cursed_scroll": {
    "criteria": {
      "is_cursed_one": "2024-07-13 01:22:44 +0000"
    },
    "done": false
  },
  "handcrafted:recipes/misc/spruce_counter": {
    "criteria": {
      "has_spruce_counter": "2024-07-13 01:56:33 +0000"
    },
    "done": true
  },
  "spartanweaponry:recipes/golden_rapier": {
    "criteria": {
      "has_gold_ingot": "2024-07-13 01:56:09 +0000"
    },
    "done": true
  },
  "spartanweaponry:recipes/golden_halberd": {
    "criteria": {
      "has_gold_ingot": "2024-07-13 01:56:09 +0000"
    },
    "done": true
  },
  "minecraft:recipes/misc/gold_nugget": {
    "criteria": {
      "has_gold_ingot": "2024-07-13 01:56:09 +0000"
    },
    "done": true
  },
  "minecraft:recipes/tools/golden_shovel": {
    "criteria": {
      "has_gold_ingot": "2024-07-13 01:56:09 +0000"
    },
    "done": true
  },
  "minecraft:recipes/food/golden_apple": {
    "criteria": {
      "has_gold_ingot": "2024-07-13 01:56:09 +0000"
    },
    "done": true
  },
  "minecraft:recipes/combat/golden_boots": {
    "criteria": {
      "has_gold_ingot": "2024-07-13 01:56:09 +0000"
    },
    "done": true
  },
  "spartanweaponry:recipes/golden_lance": {
    "criteria": {
      "has_gold_ingot": "2024-07-13 01:56:09 +0000"
    },
    "done": true
  },
  "handcrafted:recipes/misc/spruce_table": {
    "criteria": {
      "has_spruce_table": "2024-07-13 01:56:33 +0000"
    },
    "done": true
  },
  "minecraft:recipes/misc/stick": {
    "criteria": {
      "has_planks": "2024-07-13 01:56:33 +0000"
    },
    "done": true
  },
  "minecraft:recipes/combat/golden_chestplate": {
    "criteria": {
      "has_gold_ingot": "2024-07-13 01:56:09 +0000"
    },
    "done": true
  },
  "cfm:recipes/decorations/spruce_desk": {
    "criteria": {
      "has_planks": "2024-07-13 01:56:33 +0000"
    },
    "done": true
  },
  "spartanweaponry:recipes/wooden_saber": {
    "criteria": {
      "has_wood": "2024-07-13 01:56:33 +0000"
    },
    "done": true
  },
  "spartanweaponry:recipes/wooden_javelin": {
    "criteria": {
      "has_wood": "2024-07-13 01:56:33 +0000"
    },
    "done": true
  },
  "handcrafted:recipes/misc/spruce_dining_bench": {
    "criteria": {
      "has_spruce_dining_bench": "2024-07-13 01:56:33 +0000"
    },
    "done": true
  },
  "spartanweaponry:recipes/wooden_quarterstaff": {
    "criteria": {
      "has_wood": "2024-07-13 01:56:33 +0000"
    },
    "done": true
  },
  "sophisticatedstorage:recipes/misc/spruce_limited_barrel_2": {
    "criteria": {
      "has_spruce_plank": "2024-07-13 01:56:33 +0000"
    },
    "done": true
  },
  "sophisticatedstorage:recipes/misc/spruce_limited_barrel_1": {
    "criteria": {
      "has_spruce_plank": "2024-07-13 01:56:33 +0000"
    },
    "done": true
  },
  "sophisticatedstorage:recipes/misc/spruce_limited_barrel_4": {
    "criteria": {
      "has_spruce_plank": "2024-07-13 01:56:33 +0000"
    },
    "done": true
  },
  "sophisticatedstorage:recipes/misc/spruce_limited_barrel_3": {
    "criteria": {
      "has_spruce_plank": "2024-07-13 01:56:33 +0000"
    },
    "done": true
  },
  "handcrafted:recipes/misc/bear_trophy": {
    "criteria": {
      "has_bear_trophy": "2024-07-13 01:56:33 +0000"
    },
    "done": true
  },
  "minecraft:recipes/redstone/spruce_button": {
    "criteria": {
      "has_planks": "2024-07-13 01:56:33 +0000"
    },
    "done": true
  },
  "forbidden_arcanus:recipes/tools/sanity_meter": {
    "criteria": {
      "has_ingots/gold": "2024-07-13 01:56:09 +0000"
    },
    "done": true
  },
  "aether:recipes/combat/golden_ring": {
    "criteria": {
      "has_gold_ingot": "2024-07-13 01:56:09 +0000"
    },
    "done": true
  },
  "aether:recipes/combat/iron_sword_repairing": {
    "criteria": {
      "has_iron_sword": "2024-07-13 01:56:06 +0000"
    },
    "done": true
  },
  "spartanweaponry:recipes/golden_scythe": {
    "criteria": {
      "has_gold_ingot": "2024-07-13 01:56:09 +0000"
    },
    "done": true
  },
  "spartanweaponry:recipes/golden_glaive": {
    "criteria": {
      "has_gold_ingot": "2024-07-13 01:56:09 +0000"
    },
    "done": true
  },
  "spartanweaponry:recipes/medium_quiver_brace": {
    "criteria": {
      "has_gold_ingot": "2024-07-13 01:56:09 +0000"
    },
    "done": true
  },
  "spartanweaponry:recipes/wooden_greatsword": {
    "criteria": {
      "has_wood": "2024-07-13 01:56:33 +0000"
    },
    "done": true
  },
  "ironchest:recipes/decorations/chests/iron_gold_chest": {
    "criteria": {
      "has_gold_ingot": "2024-07-13 01:56:09 +0000"
    },
    "done": true
  },
  "handcrafted:recipes/misc/goat_trophy": {
    "criteria": {
      "has_goat_trophy": "2024-07-13 01:56:33 +0000"
    },
    "done": true
  },
  "spartanweaponry:recipes/wooden_throwing_knife": {
    "criteria": {
      "has_wood": "2024-07-13 01:56:33 +0000"
    },
    "done": true
  },
  "minecraft:recipes/combat/golden_sword": {
    "criteria": {
      "has_gold_ingot": "2024-07-13 01:56:09 +0000"
    },
    "done": true
  },
  "minecraft:recipes/building_blocks/gold_block": {
    "criteria": {
      "has_gold_ingot": "2024-07-13 01:56:09 +0000"
    },
    "done": true
  },
  "spartanweaponry:recipes/golden_longbow": {
    "criteria": {
      "has_gold_ingot": "2024-07-13 01:56:09 +0000"
    },
    "done": true
  },
  "spartanweaponry:recipes/wooden_flanged_mace": {
    "criteria": {
      "has_wood": "2024-07-13 01:56:33 +0000"
    },
    "done": true
  },
  "aquaculture:recipes/tools/gold_fillet_knife": {
    "criteria": {
      "has_items": "2024-07-13 01:56:09 +0000"
    },
    "done": true
  },
  "handcrafted:recipes/misc/spruce_corner_trim": {
    "criteria": {
      "has_spruce_corner_trim": "2024-07-13 01:56:33 +0000"
    },
    "done": true
  },
  "spartanweaponry:recipes/golden_heavy_crossbow": {
    "criteria": {
      "has_gold_ingot": "2024-07-13 01:56:09 +0000"
    },
    "done": true
  },
  "handcrafted:recipes/misc/blaze_trophy": {
    "criteria": {
      "has_blaze_trophy": "2024-07-13 01:56:33 +0000"
    },
    "done": true
  },
  "handcrafted:recipes/misc/spruce_desk": {
    "criteria": {
      "has_spruce_desk": "2024-07-13 01:56:33 +0000"
    },
    "done": true
  },
  "handcrafted:recipes/misc/wolf_trophy": {
    "criteria": {
      "has_wolf_trophy": "2024-07-13 01:56:33 +0000"
    },
    "done": true
  },
  "minecraft:recipes/misc/iron_nugget_from_smelting": {
    "criteria": {
      "has_iron_sword": "2024-07-13 01:56:06 +0000"
    },
    "done": true
  },
  "sophisticatedstorage:recipes/misc/spruce_chest": {
    "criteria": {
      "has_spruce_plank": "2024-07-13 01:56:33 +0000"
    },
    "done": true
  },
  "spartanweaponry:recipes/golden_battleaxe": {
    "criteria": {
      "has_gold_ingot": "2024-07-13 01:56:09 +0000"
    },
    "done": true
  },
  "spartanweaponry:recipes/wooden_lance": {
    "criteria": {
      "has_wood": "2024-07-13 01:56:33 +0000"
    },
    "done": true
  },
  "spartanweaponry:recipes/wooden_longsword": {
    "criteria": {
      "has_wood": "2024-07-13 01:56:33 +0000"
    },
    "done": true
  },
  "minecraft:recipes/decorations/spruce_sign": {
    "criteria": {
      "has_planks": "2024-07-13 01:56:33 +0000"
    },
    "done": true
  },
  "spartanweaponry:recipes/golden_throwing_knife": {
    "criteria": {
      "has_gold_ingot": "2024-07-13 01:56:09 +0000"
    },
    "done": true
  },
  "minecraft:recipes/combat/golden_helmet": {
    "criteria": {
      "has_gold_ingot": "2024-07-13 01:56:09 +0000"
    },
    "done": true
  },
  "spartanweaponry:recipes/golden_saber": {
    "criteria": {
      "has_gold_ingot": "2024-07-13 01:56:09 +0000"
    },
    "done": true
  },
  "cfm:recipes/decorations/spruce_cabinet": {
    "criteria": {
      "has_planks": "2024-07-13 01:56:33 +0000"
    },
    "done": true
  },
  "doggytalents:recipes/tools/magnifying_bone": {
    "criteria": {
      "has_gold_ingot": "2024-07-13 01:56:09 +0000"
    },
    "done": true
  },
  "spartanweaponry:recipes/golden_quarterstaff": {
    "criteria": {
      "has_gold_ingot": "2024-07-13 01:56:09 +0000"
    },
    "done": true
  },
  "cfm:recipes/decorations/spruce_crate": {
    "criteria": {
      "has_planks": "2024-07-13 01:56:33 +0000"
    },
    "done": true
  },
  "spartanweaponry:recipes/wooden_katana": {
    "criteria": {
      "has_wood": "2024-07-13 01:56:33 +0000"
    },
    "done": true
  },
  "spartanweaponry:recipes/wooden_battleaxe": {
    "criteria": {
      "has_wood": "2024-07-13 01:56:33 +0000"
    },
    "done": true
  },
  "handcrafted:recipes/misc/spider_trophy": {
    "criteria": {
      "has_spider_trophy": "2024-07-13 01:56:33 +0000"
    },
    "done": true
  },
  "spartanweaponry:recipes/wooden_battle_hammer": {
    "criteria": {
      "has_wood": "2024-07-13 01:56:33 +0000"
    },
    "done": true
  },
  "spartanweaponry:recipes/golden_parrying_dagger": {
    "criteria": {
      "has_gold_ingot": "2024-07-13 01:56:09 +0000"
    },
    "done": true
  },
  "spartanweaponry:recipes/golden_boomerang": {
    "criteria": {
      "has_gold_ingot": "2024-07-13 01:56:09 +0000"
    },
    "done": true
  },
  "forbidden_arcanus:recipes/misc/deorum_ingot": {
    "criteria": {
      "has_gold_ingot": "2024-07-13 01:56:09 +0000"
    },
    "done": true
  },
  "spartanweaponry:recipes/wooden_dagger": {
    "criteria": {
      "has_wood": "2024-07-13 01:56:33 +0000"
    },
    "done": true
  },
  "cfm:recipes/decorations/spruce_bedside_cabinet": {
    "criteria": {
      "has_planks": "2024-07-13 01:56:33 +0000"
    },
    "done": true
  },
  "handcrafted:recipes/misc/spruce_drawer": {
    "criteria": {
      "has_spruce_drawer": "2024-07-13 01:56:33 +0000"
    },
    "done": true
  },
  "minecraft:recipes/redstone/spruce_trapdoor": {
    "criteria": {
      "has_planks": "2024-07-13 01:56:33 +0000"
    },
    "done": true
  },
  "bloodmagic:recipes/misc/blood_altar": {
    "criteria": {
      "has_gold": "2024-07-13 01:56:09 +0000"
    },
    "done": true
  },
  "handcrafted:recipes/misc/spruce_fancy_bed": {
    "criteria": {
      "has_spruce_fancy_bed": "2024-07-13 01:56:33 +0000"
    },
    "done": true
  },
  "spartanweaponry:recipes/wooden_tomahawk": {
    "criteria": {
      "has_wood": "2024-07-13 01:56:33 +0000"
    },
    "done": true
  },
  "handcrafted:recipes/misc/spruce_cupboard": {
    "criteria": {
      "has_spruce_cupboard": "2024-07-13 01:56:33 +0000"
    },
    "done": true
  },
  "cfm:recipes/decorations/spruce_kitchen_drawer": {
    "criteria": {
      "has_planks": "2024-07-13 01:56:33 +0000"
    },
    "done": true
  },
  "minecraft:recipes/tools/golden_hoe": {
    "criteria": {
      "has_gold_ingot": "2024-07-13 01:56:09 +0000"
    },
    "done": true
  },
  "handcrafted:recipes/misc/skeleton_horse_trophy": {
    "criteria": {
      "has_skeleton_horse_trophy": "2024-07-13 01:56:33 +0000"
    },
    "done": true
  },
  "aether:recipes/combat/golden_pendant": {
    "criteria": {
      "has_gold_ingot": "2024-07-13 01:56:09 +0000"
    },
    "done": true
  },
  "handcrafted:recipes/misc/wither_skeleton_trophy": {
    "criteria": {
      "has_wither_skeleton_trophy": "2024-07-13 01:56:33 +0000"
    },
    "done": true
  },
  "spartanweaponry:recipes/golden_dagger": {
    "criteria": {
      "has_gold_ingot": "2024-07-13 01:56:09 +0000"
    },
    "done": true
  },
  "spartanweaponry:recipes/wooden_scythe": {
    "criteria": {
      "has_wood": "2024-07-13 01:56:33 +0000"
    },
    "done": true
  },
  "minecraft:recipes/tools/golden_axe": {
    "criteria": {
      "has_gold_ingot": "2024-07-13 01:56:09 +0000"
    },
    "done": true
  },
  "cfm:recipes/decorations/spruce_coffee_table": {
    "criteria": {
      "has_planks": "2024-07-13 01:56:33 +0000"
    },
    "done": true
  },
  "minecraft:recipes/tools/golden_pickaxe": {
    "criteria": {
      "has_gold_ingot": "2024-07-13 01:56:09 +0000"
    },
    "done": true
  },
  "cfm:recipes/decorations/spruce_chair": {
    "criteria": {
      "has_planks": "2024-07-13 01:56:33 +0000"
    },
    "done": true
  },
  "spartanweaponry:recipes/wooden_spear": {
    "criteria": {
      "has_wood": "2024-07-13 01:56:33 +0000"
    },
    "done": true
  },
  "cfm:recipes/decorations/spruce_kitchen_sink_light": {
    "criteria": {
      "has_bottom": "2024-07-13 01:56:33 +0000"
    },
    "done": true
  },
  "handcrafted:recipes/misc/spruce_shelf": {
    "criteria": {
      "has_spruce_shelf": "2024-07-13 01:56:33 +0000"
    },
    "done": true
  },
  "spartanweaponry:recipes/golden_battle_hammer": {
    "criteria": {
      "has_gold_ingot": "2024-07-13 01:56:09 +0000"
    },
    "done": true
  },
  "forbidden_arcanus:recipes/tools/golden_blacksmith_gavel": {
    "criteria": {
      "has_ingots/gold": "2024-07-13 01:56:09 +0000"
    },
    "done": true
  },
  "spartanweaponry:recipes/golden_pike": {
    "criteria": {
      "has_gold_ingot": "2024-07-13 01:56:09 +0000"
    },
    "done": true
  },
  "handcrafted:recipes/misc/salmon_trophy": {
    "criteria": {
      "has_salmon_trophy": "2024-07-13 01:56:33 +0000"
    },
    "done": true
  },
  "minecraft:recipes/decorations/spruce_fence": {
    "criteria": {
      "has_planks": "2024-07-13 01:56:33 +0000"
    },
    "done": true
  },
  "handcrafted:recipes/misc/silverfish_trophy": {
    "criteria": {
      "has_silverfish_trophy": "2024-07-13 01:56:33 +0000"
    },
    "done": true
  },
  "minecraft:recipes/redstone/light_weighted_pressure_plate": {
    "criteria": {
      "has_gold_ingot": "2024-07-13 01:56:09 +0000"
    },
    "done": true
  },
  "create:recipes/building_blocks/spruce_window": {
    "criteria": {
      "has_ingredient": "2024-07-13 01:56:33 +0000"
    },
    "done": true
  },
  "lootr:social": {
    "criteria": {
      "opened_chest": "2024-07-13 01:56:03 +0000"
    },
    "done": false
  },
  "spartanweaponry:recipes/wooden_warhammer": {
    "criteria": {
      "has_wood": "2024-07-13 01:56:33 +0000"
    },
    "done": true
  },
  "spartanweaponry:recipes/golden_longsword": {
    "criteria": {
      "has_gold_ingot": "2024-07-13 01:56:09 +0000"
    },
    "done": true
  },
  "minecraft:recipes/redstone/spruce_pressure_plate": {
    "criteria": {
      "has_planks": "2024-07-13 01:56:33 +0000"
    },
    "done": true
  },
  "handcrafted:recipes/misc/spruce_pillar_trim": {
    "criteria": {
      "has_spruce_pillar_trim": "2024-07-13 01:56:33 +0000"
    },
    "done": true
  },
  "cfm:recipes/decorations/spruce_kitchen_sink_dark": {
    "criteria": {
      "has_bottom": "2024-07-13 01:56:33 +0000"
    },
    "done": true
  },
  "spartanweaponry:recipes/wooden_parrying_dagger": {
    "criteria": {
      "has_wood": "2024-07-13 01:56:33 +0000"
    },
    "done": true
  },
  "spartanweaponry:recipes/wooden_rapier": {
    "criteria": {
      "has_wood": "2024-07-13 01:56:33 +0000"
    },
    "done": true
  },
  "enigmaticlegacy:recipes/generic/golden_ring": {
    "criteria": {
      "has_items": "2024-07-13 01:56:09 +0000"
    },
    "done": false
  },
  "advancednetherite:recipes/misc/netherite_gold_ingot": {
    "criteria": {
      "has_TagKey[minecraft:item / forge:ingots/gold]": "2024-07-13 01:56:09 +0000"
    },
    "done": true
  },
  "spartanweaponry:recipes/wooden_boomerang": {
    "criteria": {
      "has_wood": "2024-07-13 01:56:33 +0000"
    },
    "done": true
  },
  "cfm:recipes/decorations/spruce_park_bench": {
    "criteria": {
      "has_planks": "2024-07-13 01:56:33 +0000"
    },
    "done": true
  },
  "spartanweaponry:recipes/golden_warhammer": {
    "criteria": {
      "has_gold_ingot": "2024-07-13 01:56:09 +0000"
    },
    "done": true
  },
  "minecraft:recipes/decorations/barrel": {
    "criteria": {
      "has_planks": "2024-07-13 01:56:33 +0000"
    },
    "done": true
  },
  "spartanweaponry:recipes/golden_flanged_mace": {
    "criteria": {
      "has_gold_ingot": "2024-07-13 01:56:09 +0000"
    },
    "done": true
  },
  "spartanweaponry:recipes/wooden_longbow": {
    "criteria": {
      "has_wood": "2024-07-13 01:56:33 +0000"
    },
    "done": true
  },
  "lootr:1chest": {
    "criteria": {
      "opened_chest": "2024-07-13 01:56:03 +0000"
    },
    "done": true
  },
  "spartanweaponry:recipes/wooden_glaive": {
    "criteria": {
      "has_wood": "2024-07-13 01:56:33 +0000"
    },
    "done": true
  },
  "doggytalents:recipes/tools/shrinking_mallet": {
    "criteria": {
      "has_gold_ingot": "2024-07-13 01:56:09 +0000"
    },
    "done": true
  },
  "spartanweaponry:recipes/golden_spear": {
    "criteria": {
      "has_gold_ingot": "2024-07-13 01:56:09 +0000"
    },
    "done": true
  },
  "spartanweaponry:recipes/wooden_pike": {
    "criteria": {
      "has_wood": "2024-07-13 01:56:33 +0000"
    },
    "done": true
  },
  "spartanweaponry:recipes/golden_greatsword": {
    "criteria": {
      "has_gold_ingot": "2024-07-13 01:56:09 +0000"
    },
    "done": true
  },
  "spartanweaponry:recipes/wooden_halberd": {
    "criteria": {
      "has_wood": "2024-07-13 01:56:33 +0000"
    },
    "done": true
  },
  "handcrafted:recipes/misc/fox_trophy": {
    "criteria": {
      "has_fox_trophy": "2024-07-13 01:56:33 +0000"
    },
    "done": true
  },
  "apotheosis:affix/root": {
    "criteria": {
      "sword": "2024-07-13 01:56:06 +0000"
    },
    "done": true
  },
  "doggytalents:recipes/tools/canine_tracker": {
    "criteria": {
      "has_gold_ingot": "2024-07-13 01:56:09 +0000"
    },
    "done": true
  },
  "handcrafted:recipes/misc/spruce_couch": {
    "criteria": {
      "has_spruce_couch": "2024-07-13 01:56:33 +0000"
    },
    "done": true
  },
  "spartanweaponry:recipes/golden_javelin": {
    "criteria": {
      "has_gold_ingot": "2024-07-13 01:56:09 +0000"
    },
    "done": true
  },
  "minecraft:recipes/building_blocks/spruce_slab": {
    "criteria": {
      "has_planks": "2024-07-13 01:56:33 +0000"
    },
    "done": true
  },
  "handcrafted:recipes/misc/tropical_fish_trophy": {
    "criteria": {
      "has_tropical_fish_trophy": "2024-07-13 01:56:33 +0000"
    },
    "done": true
  },
  "forbidden_arcanus:recipes/tools/wooden_blacksmith_gavel": {
    "criteria": {
      "has_planks": "2024-07-13 01:56:33 +0000"
    },
    "done": true
  },
  "handcrafted:recipes/misc/spruce_nightstand": {
    "criteria": {
      "has_spruce_nightstand": "2024-07-13 01:56:33 +0000"
    },
    "done": true
  },
  "handcrafted:recipes/misc/pufferfish_trophy": {
    "criteria": {
      "has_pufferfish_trophy": "2024-07-13 01:56:33 +0000"
    },
    "done": true
  },
  "handcrafted:recipes/misc/spruce_bench": {
    "criteria": {
      "has_spruce_bench": "2024-07-13 01:56:33 +0000"
    },
    "done": true
  },
  "aether:recipes/combat/golden_gloves": {
    "criteria": {
      "has_gold": "2024-07-13 01:56:09 +0000"
    },
    "done": true
  },
  "cfm:recipes/decorations/spruce_desk_cabinet": {
    "criteria": {
      "has_planks": "2024-07-13 01:56:33 +0000"
    },
    "done": true
  },
  "spartanweaponry:recipes/golden_katana": {
    "criteria": {
      "has_gold_ingot": "2024-07-13 01:56:09 +0000"
    },
    "done": true
  },
  "minecraft:recipes/redstone/spruce_door": {
    "criteria": {
      "has_planks": "2024-07-13 01:56:33 +0000"
    },
    "done": true
  },
  "minecraft:recipes/redstone/spruce_fence_gate": {
    "criteria": {
      "has_planks": "2024-07-13 01:56:33 +0000"
    },
    "done": true
  },
  "cfm:recipes/decorations/spruce_kitchen_counter": {
    "criteria": {
      "has_planks": "2024-07-13 01:56:33 +0000"
    },
    "done": true
  },
  "spartanweaponry:recipes/wooden_heavy_crossbow": {
    "criteria": {
      "has_wood": "2024-07-13 01:56:33 +0000"
    },
    "done": true
  },
  "spartanweaponry:recipes/golden_tomahawk": {
    "criteria": {
      "has_gold_ingot": "2024-07-13 01:56:09 +0000"
    },
    "done": true
  },
  "minecraft:recipes/misc/iron_nugget_from_blasting": {
    "criteria": {
      "has_iron_sword": "2024-07-13 01:56:06 +0000"
    },
    "done": true
  },
  "handcrafted:recipes/misc/spruce_chair": {
    "criteria": {
      "has_spruce_chair": "2024-07-13 01:56:33 +0000"
    },
    "done": true
  },
  "sophisticatedstorage:recipes/misc/spruce_barrel": {
    "criteria": {
      "has_spruce_plank": "2024-07-13 01:56:33 +0000"
    },
    "done": true
  },
  "minecraft:recipes/building_blocks/spruce_stairs": {
    "criteria": {
      "has_planks": "2024-07-13 01:56:33 +0000"
    },
    "done": true
  },
  "handcrafted:recipes/misc/spruce_side_table": {
    "criteria": {
      "has_spruce_side_table": "2024-07-13 01:56:33 +0000"
    },
    "done": true
  },
  "minecraft:recipes/combat/golden_leggings": {
    "criteria": {
      "has_gold_ingot": "2024-07-13 01:56:09 +0000"
    },
    "done": true
  },
  "cfm:recipes/decorations/spruce_table": {
    "criteria": {
      "has_planks": "2024-07-13 01:56:33 +0000"
    },
    "done": true
  },
  "DataVersion": 3465
}