{
  "triumph:stage0/flintknapp": {
    "criteria": {
      "hasRock": "2024-07-15 17:53:26 +0000",
      "completedParent": "2024-07-15 17:50:23 +0000"
    },
    "done": true
  },
  "triumph:stage0/workblade": {
    "criteria": {
      "completedParent": "2024-07-15 17:58:50 +0000"
    },
    "done": false
  },
  "triumph:stage0/naturescompass": {
    "criteria": {
      "completedParent": "2024-07-15 17:57:44 +0000"
    },
    "done": false
  },
  "triumph:stage0/waterstrainer": {
    "criteria": {
      "completedParent": "2024-07-15 17:57:44 +0000"
    },
    "done": false
  },
  "triumph:stage0/firstbreak": {
    "criteria": {
      "completedParent": "2024-07-15 17:54:11 +0000",
      "brokeLog1": "2024-07-15 17:51:03 +0000"
    },
    "done": true
  },
  "triumph:stage0/grill": {
    "criteria": {
      "hasRock": "2024-07-15 18:11:28 +0000"
    },
    "done": false
  },
  "triumph:stage0/fluidbladder": {
    "criteria": {
      "completedParent": "2024-07-15 17:57:44 +0000"
    },
    "done": false
  },
  "triumph:stage0/workstump": {
    "criteria": {
      "completedParent": "2024-07-15 17:57:40 +0000",
      "crafted": "2024-07-15 17:57:44 +0000"
    },
    "done": true
  },
  "triumph:stage0/lowgradecharcoal": {
    "criteria": {
      "hasRock": "2024-07-15 18:17:22 +0000"
    },
    "done": false
  },
  "triumph:stage0/root": {
    "criteria": {
      "location": "2024-07-15 17:40:04 +0000"
    },
    "done": true
  },
  "triumph:stage0/collectplank": {
    "criteria": {
      "completedParent": "2024-07-15 17:54:11 +0000",
      "crafted": "2024-07-15 17:57:40 +0000"
    },
    "done": true
  },
  "triumph:stage0/kiln": {
    "criteria": {
      "completedParent": "2024-07-15 17:57:44 +0000"
    },
    "done": false
  },
  "triumph:stage0/firsttool": {
    "criteria": {
      "completedParent": "2024-07-15 17:40:04 +0000",
      "hasRock": "2024-07-15 17:54:11 +0000"
    },
    "done": true
  },
  "triumph:stage0/firstchest": {
    "criteria": {
      "completedParent": "2024-07-15 17:57:44 +0000"
    },
    "done": false
  },
  "triumph:stage0/fish": {
    "criteria": {
      "killed_fish4": "2024-07-15 17:55:33 +0000"
    },
    "done": false
  },
  "triumph:stage0/handgrind": {
    "criteria": {
      "completedParent": "2024-07-15 17:57:44 +0000"
    },
    "done": false
  },
  "triumph:stage0/upgrade": {
    "criteria": {
      "hasRock": "2024-07-15 17:58:50 +0000",
      "completedParent": "2024-07-15 17:54:11 +0000"
    },
    "done": true
  },
  "triumph:stage0/fire": {
    "criteria": {
      "hasRock": "2024-07-15 18:18:06 +0000",
      "completedParent": "2024-07-15 17:54:11 +0000"
    },
    "done": true
  },
  "triumph:stage0/weaponize": {
    "criteria": {
      "completedParent": "2024-07-15 17:54:11 +0000"
    },
    "done": false
  },
  "triumph:stage0/fiber": {
    "criteria": {
      "hasRock": "2024-07-15 17:41:13 +0000",
      "completedParent": "2024-07-15 17:40:04 +0000"
    },
    "done": true
  },
  "triumph:stage0/firepit": {
    "criteria": {
      "completedParent": "2024-07-15 18:18:06 +0000"
    },
    "done": false
  },
  "triumph:stage0/stonetools": {
    "criteria": {
      "hasRock": "2024-07-15 18:20:17 +0000",
      "completedParent": "2024-07-15 17:58:50 +0000"
    },
    "done": true
  },
  "triumph:stage0/mesh": {
    "criteria": {
      "completedParent": "2024-07-15 17:41:13 +0000",
      "hasRock": "2024-07-15 17:50:23 +0000"
    },
    "done": true
  }
}