{
  "triumph:stage0/root": {
    "criteria": {
      "location": "2024-07-15 17:40:04 +0000"
    },
    "done": true
  },
  "triumph:stage0/firsttool": {
    "criteria": {
      "completedParent": "2024-07-15 17:40:04 +0000"
    },
    "done": false
  },
  "triumph:stage0/fiber": {
    "criteria": {
      "hasRock": "2024-07-15 17:41:13 +0000",
      "completedParent": "2024-07-15 17:40:04 +0000"
    },
    "done": true
  },
  "triumph:stage0/mesh": {
    "criteria": {
      "completedParent": "2024-07-15 17:41:13 +0000"
    },
    "done": false
  }
}