{
  "triumph:stage0/root": {
    "criteria": {
      "location": "2024-07-15 17:40:04 +0000"
    },
    "done": true
  },
  "triumph:stage0/flintknapp": {
    "criteria": {
      "hasRock": "2024-07-15 17:53:26 +0000",
      "completedParent": "2024-07-15 17:50:23 +0000"
    },
    "done": true
  },
  "triumph:stage0/collectplank": {
    "criteria": {
      "completedParent": "2024-07-15 17:54:11 +0000"
    },
    "done": false
  },
  "triumph:stage0/firsttool": {
    "criteria": {
      "completedParent": "2024-07-15 17:40:04 +0000",
      "hasRock": "2024-07-15 17:54:11 +0000"
    },
    "done": true
  },
  "triumph:stage0/fish": {
    "criteria": {
      "killed_fish4": "2024-07-15 17:55:33 +0000"
    },
    "done": false
  },
  "triumph:stage0/upgrade": {
    "criteria": {
      "completedParent": "2024-07-15 17:54:11 +0000"
    },
    "done": false
  },
  "triumph:stage0/firstbreak": {
    "criteria": {
      "completedParent": "2024-07-15 17:54:11 +0000",
      "brokeLog1": "2024-07-15 17:51:03 +0000"
    },
    "done": true
  },
  "triumph:stage0/fire": {
    "criteria": {
      "completedParent": "2024-07-15 17:54:11 +0000"
    },
    "done": false
  },
  "triumph:stage0/weaponize": {
    "criteria": {
      "completedParent": "2024-07-15 17:54:11 +0000"
    },
    "done": false
  },
  "triumph:stage0/fiber": {
    "criteria": {
      "hasRock": "2024-07-15 17:41:13 +0000",
      "completedParent": "2024-07-15 17:40:04 +0000"
    },
    "done": true
  },
  "triumph:stage0/mesh": {
    "criteria": {
      "completedParent": "2024-07-15 17:41:13 +0000",
      "hasRock": "2024-07-15 17:50:23 +0000"
    },
    "done": true
  }
}