{
  "triumph:stage0/flintknapp": {
    "criteria": {
      "hasRock": "2024-07-15 17:56:05 +0000",
      "completedParent": "2024-07-15 17:54:04 +0000"
    },
    "done": true
  },
  "triumph:stage0/workblade": {
    "criteria": {
      "hasRock": "2024-07-15 18:01:09 +0000",
      "completedParent": "2024-07-15 18:00:29 +0000"
    },
    "done": true
  },
  "triumph:stage0/naturescompass": {
    "criteria": {
      "completedParent": "2024-07-15 17:58:46 +0000"
    },
    "done": false
  },
  "triumph:stage0/waterstrainer": {
    "criteria": {
      "completedParent": "2024-07-15 17:58:46 +0000"
    },
    "done": false
  },
  "triumph:stage0/firstbreak": {
    "criteria": {
      "completedParent": "2024-07-15 17:56:43 +0000",
      "brokeLog1": "2024-07-15 17:57:39 +0000"
    },
    "done": true
  },
  "triumph:stage0/fluidbladder": {
    "criteria": {
      "completedParent": "2024-07-15 17:58:46 +0000"
    },
    "done": false
  },
  "triumph:stage0/farmland": {
    "criteria": {
      "completedParent": "2024-07-15 18:01:09 +0000"
    },
    "done": false
  },
  "triumph:stage0/workstump": {
    "criteria": {
      "completedParent": "2024-07-15 17:58:44 +0000",
      "crafted": "2024-07-15 17:58:46 +0000"
    },
    "done": true
  },
  "triumph:stage0/root": {
    "criteria": {
      "location": "2024-07-15 17:45:17 +0000"
    },
    "done": true
  },
  "triumph:stage0/collectplank": {
    "criteria": {
      "completedParent": "2024-07-15 17:57:39 +0000",
      "crafted": "2024-07-15 17:58:44 +0000"
    },
    "done": true
  },
  "triumph:stage0/kiln": {
    "criteria": {
      "completedParent": "2024-07-15 17:58:46 +0000"
    },
    "done": false
  },
  "triumph:stage0/firsttool": {
    "criteria": {
      "completedParent": "2024-07-15 17:45:17 +0000",
      "hasRock": "2024-07-15 17:56:43 +0000"
    },
    "done": true
  },
  "triumph:stage0/firstchest": {
    "criteria": {
      "completedParent": "2024-07-15 17:58:46 +0000"
    },
    "done": false
  },
  "triumph:stage0/handgrind": {
    "criteria": {
      "completedParent": "2024-07-15 17:58:46 +0000"
    },
    "done": false
  },
  "triumph:stage0/upgrade": {
    "criteria": {
      "hasRock": "2024-07-15 18:00:29 +0000",
      "completedParent": "2024-07-15 17:56:43 +0000"
    },
    "done": true
  },
  "triumph:stage0/fire": {
    "criteria": {
      "completedParent": "2024-07-15 17:56:43 +0000"
    },
    "done": false
  },
  "triumph:stage0/weaponize": {
    "criteria": {
      "completedParent": "2024-07-15 17:56:43 +0000"
    },
    "done": false
  },
  "triumph:stage0/fiber": {
    "criteria": {
      "completedParent": "2024-07-15 17:45:17 +0000",
      "hasRock": "2024-07-15 17:53:40 +0000"
    },
    "done": true
  },
  "triumph:stage0/stonetools": {
    "criteria": {
      "completedParent": "2024-07-15 18:00:29 +0000"
    },
    "done": false
  },
  "triumph:stage0/mesh": {
    "criteria": {
      "hasRock": "2024-07-15 17:54:04 +0000",
      "completedParent": "2024-07-15 17:53:40 +0000"
    },
    "done": true
  },
  "triumph:stage0/atlas": {
    "criteria": {
      "completedParent": "2024-07-15 18:01:09 +0000"
    },
    "done": false
  }
}