{
  "triumph:stage0/root": {
    "criteria": {
      "location": "2024-07-15 17:45:17 +0000"
    },
    "done": true
  },
  "triumph:stage0/flintknapp": {
    "criteria": {
      "completedParent": "2024-07-15 17:54:04 +0000"
    },
    "done": false
  },
  "triumph:stage0/firsttool": {
    "criteria": {
      "completedParent": "2024-07-15 17:45:17 +0000"
    },
    "done": false
  },
  "triumph:stage0/fiber": {
    "criteria": {
      "completedParent": "2024-07-15 17:45:17 +0000",
      "hasRock": "2024-07-15 17:53:40 +0000"
    },
    "done": true
  },
  "triumph:stage0/mesh": {
    "criteria": {
      "hasRock": "2024-07-15 17:54:04 +0000",
      "completedParent": "2024-07-15 17:53:40 +0000"
    },
    "done": true
  }
}