{
  "minecraft:recipes/building_blocks/polished_deepslate": {
    "criteria": {
      "has_cobbled_deepslate": "2024-07-19 00:38:02 +0000"
    },
    "done": true
  },
  "mcwbridges:recipes/andesite_bridge_stair": {
    "criteria": {
      "has_planks": "2024-07-19 00:38:00 +0000"
    },
    "done": true
  },
  "create:recipes/building_blocks/polished_cut_andesite_stairs_from_stone_types_andesite_stonecutting": {
    "criteria": {
      "has_stone_types_andesite": "2024-07-19 00:38:00 +0000"
    },
    "done": true
  },
  "minecraft:recipes/brewing/magma_cream": {
    "criteria": {
      "has_blaze_powder": "2024-07-19 00:40:38 +0000"
    },
    "done": true
  },
  "minecraft:recipes/building_blocks/polished_diorite": {
    "criteria": {
      "has_diorite": "2024-07-19 00:38:03 +0000"
    },
    "done": true
  },
  "supplementaries:recipes/flags/flag_magenta": {
    "criteria": {
      "has_stick": "2024-07-18 23:56:51 +0000"
    },
    "done": true
  },
  "constructionwand:recipes/tools/stone_wand": {
    "criteria": {
      "has_item": "2024-07-19 00:37:52 +0000"
    },
    "done": true
  },
  "enderio:recipes/misc/void_chassis": {
    "criteria": {
      "has_ingredient": "2024-07-19 00:40:39 +0000"
    },
    "done": true
  },
  "alchemistry:recipes/dissolver/deepslate": {
    "criteria": {
      "has_the_recipe": "2024-07-19 00:38:02 +0000"
    },
    "done": true
  },
  "alchemistry:recipes/dissolver/pink_concrete_powder": {
    "criteria": {
      "has_the_recipe": "2024-07-19 00:15:52 +0000"
    },
    "done": true
  },
  "minecraft:recipes/combat/leather_chestplate": {
    "criteria": {
      "has_leather": "2024-07-19 00:09:53 +0000"
    },
    "done": true
  },
  "alchemistry:recipes/dissolver/stone": {
    "criteria": {
      "has_the_recipe": "2024-07-19 00:37:52 +0000"
    },
    "done": true
  },
  "minecraft:recipes/decorations/crafting_table": {
    "criteria": {
      "unlock_right_away": "2024-07-18 23:53:57 +0000"
    },
    "done": true
  },
  "minecraft:recipes/decorations/chest": {
    "criteria": {
      "has_lots_of_items": "2024-07-19 00:02:36 +0000"
    },
    "done": true
  },
  "mcwwindows:recipes/dark_prismarine": {
    "criteria": {
      "has_the_recipe": "2024-07-18 23:56:48 +0000"
    },
    "done": true
  },
  "mcwfences:recipes/jungle": {
    "criteria": {
      "has_jungle": "2024-07-18 23:53:57 +0000"
    },
    "done": true
  },
  "mekanism:root": {
    "criteria": {
      "automatic": "2024-07-18 23:53:57 +0000"
    },
    "done": true
  },
  "minecraft:recipes/decorations/granite_wall_from_granite_stonecutting": {
    "criteria": {
      "has_granite": "2024-07-19 00:38:03 +0000"
    },
    "done": true
  },
  "supplementaries:recipes/flint_block": {
    "criteria": {
      "has_flint": "2024-07-19 00:06:38 +0000"
    },
    "done": true
  },
  "mcwfences:recipes/warped": {
    "criteria": {
      "has_warped": "2024-07-18 23:53:57 +0000"
    },
    "done": true
  },
  "create:recipes/building_blocks/small_diorite_brick_slab_from_stone_types_diorite_stonecutting": {
    "criteria": {
      "has_stone_types_diorite": "2024-07-19 00:38:03 +0000"
    },
    "done": true
  },
  "allthecompressed:recipes/building_blocks/compress/andesite_1x": {
    "criteria": {
      "has_andesite": "2024-07-19 00:38:00 +0000"
    },
    "done": true
  },
  "farmersdelight:recipes/cooking/apple_cider": {
    "criteria": {
      "has_apple": "2024-07-18 23:56:48 +0000"
    },
    "done": true
  },
  "utilitix:recipes/misc/directional_highspeed_rail": {
    "criteria": {
      "criterion1": "2024-07-18 23:56:51 +0000"
    },
    "done": true
  },
  "mcwbridges:recipes/balustrade_granite_bridge": {
    "criteria": {
      "has_planks": "2024-07-19 00:38:03 +0000"
    },
    "done": true
  },
  "occultism:recipes/spirit_trade/spirit_trade/stone_to_otherstone": {
    "criteria": {
      "has_stone": "2024-07-19 00:38:00 +0000"
    },
    "done": true
  },
  "create:recipes/building_blocks/small_andesite_brick_stairs_from_stone_types_andesite_stonecutting": {
    "criteria": {
      "has_stone_types_andesite": "2024-07-19 00:38:00 +0000"
    },
    "done": true
  },
  "utilitix:recipes/misc/armed_stand": {
    "criteria": {
      "criterion1": "2024-07-18 23:56:51 +0000"
    },
    "done": true
  },
  "minecraft:recipes/building_blocks/polished_deepslate_from_cobbled_deepslate_stonecutting": {
    "criteria": {
      "has_cobbled_deepslate": "2024-07-19 00:38:02 +0000"
    },
    "done": true
  },
  "minecraft:recipes/building_blocks/diorite_stairs_from_diorite_stonecutting": {
    "criteria": {
      "has_diorite": "2024-07-19 00:38:03 +0000"
    },
    "done": true
  },
  "minecraft:recipes/building_blocks/blackstone_stairs": {
    "criteria": {
      "has_blackstone": "2024-07-19 00:37:56 +0000"
    },
    "done": true
  },
  "utilitix:recipes/misc/crude_furnace": {
    "criteria": {
      "criterion1": "2024-07-19 00:37:52 +0000"
    },
    "done": true
  },
  "alchemistry:recipes/dissolver/gray_concrete_powder": {
    "criteria": {
      "has_the_recipe": "2024-07-19 00:15:52 +0000"
    },
    "done": true
  },
  "enderio:recipes/misc/stone_gear": {
    "criteria": {
      "has_ingredient": "2024-07-19 00:37:52 +0000"
    },
    "done": true
  },
  "mcwtrpdoors:recipes/oak/oak_beach_trapdoor": {
    "criteria": {
      "has_logs": "2024-07-18 23:56:48 +0000"
    },
    "done": true
  },
  "ae2wtlib:recipes/wireless_universal_terminal/upgrade_crafting": {
    "criteria": {
      "has_wct": "2024-07-18 23:53:57 +0000"
    },
    "done": true
  },
  "immersiveengineering:recipes/misc/crafting/rs_engineering": {
    "criteria": {
      "has_redstone": "2024-07-19 00:40:39 +0000"
    },
    "done": true
  },
  "silentgear:recipes/misc/blaze_gold_ingot": {
    "criteria": {
      "has_item": "2024-07-19 00:40:38 +0000"
    },
    "done": true
  },
  "alchemistry:recipes/dissolver/redstone_block": {
    "criteria": {
      "has_the_recipe": "2024-07-19 00:40:39 +0000"
    },
    "done": true
  },
  "mcwwindows:recipes/spruce": {
    "criteria": {
      "has_the_recipe": "2024-07-18 23:56:48 +0000"
    },
    "done": true
  },
  "minecraft:recipes/building_blocks/polished_blackstone_brick_slab_from_blackstone_stonecutting": {
    "criteria": {
      "has_blackstone": "2024-07-19 00:37:56 +0000"
    },
    "done": true
  },
  "supplementaries:recipes/turn_table": {
    "criteria": {
      "has_cobblestone": "2024-07-19 00:37:52 +0000"
    },
    "done": true
  },
  "create:recipes/building_blocks/diorite_from_stone_types_diorite_stonecutting": {
    "criteria": {
      "has_stone_types_diorite": "2024-07-19 00:38:03 +0000"
    },
    "done": true
  },
  "create:recipes/building_blocks/cut_diorite_brick_wall_from_stone_types_diorite_stonecutting": {
    "criteria": {
      "has_stone_types_diorite": "2024-07-19 00:38:03 +0000"
    },
    "done": true
  },
  "minecraft:recipes/building_blocks/cobblestone_slab": {
    "criteria": {
      "has_cobblestone": "2024-07-19 00:37:52 +0000"
    },
    "done": true
  },
  "sfm:recipes/redstone/disk": {
    "criteria": {
      "has_redstone": "2024-07-19 00:40:39 +0000"
    },
    "done": true
  },
  "utilitix:recipes/misc/mob_bell": {
    "criteria": {
      "criterion6": "2024-07-19 00:40:38 +0000"
    },
    "done": true
  },
  "minecraft:recipes/combat/wooden_sword": {
    "criteria": {
      "has_stick": "2024-07-18 23:56:51 +0000"
    },
    "done": true
  },
  "alchemistry:recipes/dissolver/magenta_concrete_powder": {
    "criteria": {
      "has_the_recipe": "2024-07-19 00:15:52 +0000"
    },
    "done": true
  },
  "minecraft:recipes/combat/leather_boots": {
    "criteria": {
      "has_leather": "2024-07-19 00:09:53 +0000"
    },
    "done": true
  },
  "supplementaries:recipes/flags/flag_green": {
    "criteria": {
      "has_stick": "2024-07-18 23:56:51 +0000"
    },
    "done": true
  },
  "botania:recipes/misc/redstone_root": {
    "criteria": {
      "has_item": "2024-07-19 00:40:39 +0000"
    },
    "done": true
  },
  "ae2:recipes/misc/network/cables/dense_smart_fluix": {
    "criteria": {
      "has_dusts/redstone": "2024-07-19 00:40:39 +0000"
    },
    "done": true
  },
  "minecraft:recipes/misc/firework_rocket_simple": {
    "criteria": {
      "has_gunpowder": "2024-07-19 00:40:38 +0000"
    },
    "done": true
  },
  "minecraft:recipes/building_blocks/cobblestone_stairs": {
    "criteria": {
      "has_cobblestone": "2024-07-19 00:37:52 +0000"
    },
    "done": true
  },
  "mcwtrpdoors:recipes/oak/oak_barred_trapdoor": {
    "criteria": {
      "has_logs": "2024-07-18 23:56:48 +0000"
    },
    "done": true
  },
  "create:recipes/building_blocks/cut_diorite_from_stone_types_diorite_stonecutting": {
    "criteria": {
      "has_stone_types_diorite": "2024-07-19 00:38:03 +0000"
    },
    "done": true
  },
  "minecraft:recipes/building_blocks/polished_granite_stairs_from_granite_stonecutting": {
    "criteria": {
      "has_granite": "2024-07-19 00:38:03 +0000"
    },
    "done": true
  },
  "allthecompressed:recipes/building_blocks/compress/gravel_1x": {
    "criteria": {
      "has_gravel": "2024-07-19 00:15:52 +0000"
    },
    "done": true
  },
  "mcwroofs:recipes/cobblestone": {
    "criteria": {
      "has_planks": "2024-07-19 00:37:52 +0000"
    },
    "done": true
  },
  "mcwfences:recipes/birch": {
    "criteria": {
      "has_birch": "2024-07-18 23:53:57 +0000"
    },
    "done": true
  },
  "supplementaries:recipes/flags/flag_white": {
    "criteria": {
      "has_stick": "2024-07-18 23:56:51 +0000"
    },
    "done": true
  },
  "alchemistry:recipes/dissolver/polished_deepslate": {
    "criteria": {
      "has_the_recipe": "2024-07-19 00:38:02 +0000"
    },
    "done": true
  },
  "mcwfences:recipes/stone": {
    "criteria": {
      "has_stone": "2024-07-18 23:53:57 +0000"
    },
    "done": true
  },
  "minecraft:recipes/building_blocks/pink_concrete_powder": {
    "criteria": {
      "has_gravel": "2024-07-19 00:15:52 +0000"
    },
    "done": true
  },
  "supplementaries:recipes/timber_cross_brace": {
    "criteria": {
      "forge:rods/wooden": "2024-07-18 23:56:51 +0000"
    },
    "done": true
  },
  "utilitix:recipes/misc/directional_rail": {
    "criteria": {
      "criterion1": "2024-07-18 23:56:51 +0000"
    },
    "done": true
  },
  "create:recipes/building_blocks/layered_diorite_from_stone_types_diorite_stonecutting": {
    "criteria": {
      "has_stone_types_diorite": "2024-07-19 00:38:03 +0000"
    },
    "done": true
  },
  "create:recipes/building_blocks/cut_diorite_wall_from_stone_types_diorite_stonecutting": {
    "criteria": {
      "has_stone_types_diorite": "2024-07-19 00:38:03 +0000"
    },
    "done": true
  },
  "utilitix:recipes/misc/reinforced_rail": {
    "criteria": {
      "criterion2": "2024-07-18 23:56:51 +0000"
    },
    "done": true
  },
  "minecraft:recipes/combat/stone_sword": {
    "criteria": {
      "has_cobblestone": "2024-07-19 00:37:52 +0000"
    },
    "done": true
  },
  "minecraft:recipes/decorations/cobblestone_wall": {
    "criteria": {
      "has_cobblestone": "2024-07-19 00:37:52 +0000"
    },
    "done": true
  },
  "minecraft:recipes/tools/stone_axe": {
    "criteria": {
      "has_cobblestone": "2024-07-19 00:37:52 +0000"
    },
    "done": true
  },
  "minecraft:recipes/building_blocks/diorite_slab": {
    "criteria": {
      "has_diorite": "2024-07-19 00:38:03 +0000"
    },
    "done": true
  },
  "minecraft:recipes/combat/bow": {
    "criteria": {
      "has_string": "2024-07-18 23:59:52 +0000"
    },
    "done": true
  },
  "appmek:recipes/misc/chemical_cell_housing": {
    "criteria": {
      "has_dusts/redstone": "2024-07-19 00:40:39 +0000"
    },
    "done": true
  },
  "immersiveengineering:recipes/misc/crafting/lantern": {
    "criteria": {
      "has_glowstone": "2024-07-19 00:40:39 +0000"
    },
    "done": true
  },
  "croptopia:recipes/fruit_smoothie": {
    "criteria": {
      "has_fruit": "2024-07-18 23:56:48 +0000"
    },
    "done": true
  },
  "productivetrees:recipes/misc/crates/red_delicious_apple_crate_unpack": {
    "criteria": {
      "has_apple": "2024-07-18 23:56:48 +0000"
    },
    "done": true
  },
  "mcwbridges:recipes/diorite_bridge_stair": {
    "criteria": {
      "has_planks": "2024-07-19 00:38:03 +0000"
    },
    "done": true
  },
  "supplementaries:recipes/bamboo_spikes": {
    "criteria": {
      "minecraft:wooden_slabs": "2024-07-19 00:08:43 +0000"
    },
    "done": true
  },
  "enderio:recipes/misc/wood_gear": {
    "criteria": {
      "has_ingredient": "2024-07-18 23:56:51 +0000"
    },
    "done": true
  },
  "minecraft:recipes/building_blocks/white_concrete_powder": {
    "criteria": {
      "has_gravel": "2024-07-19 00:15:52 +0000"
    },
    "done": true
  },
  "projecte:recipes/tools/philosophers_stone_alt": {
    "criteria": {
      "has_glowstone": "2024-07-19 00:40:39 +0000"
    },
    "done": true
  },
  "xycraft_world:recipes/misc/compacting/xychorium_gem_red": {
    "criteria": {
      "has_xychorium_gem_red": "2024-07-19 00:40:39 +0000"
    },
    "done": true
  },
  "immersiveengineering:recipes/misc/crafting/conveyor_basic": {
    "criteria": {
      "has_leather": "2024-07-19 00:09:53 +0000"
    },
    "done": true
  },
  "minecraft:recipes/decorations/cobbled_deepslate_wall": {
    "criteria": {
      "has_cobbled_deepslate": "2024-07-19 00:38:02 +0000"
    },
    "done": true
  },
  "minecraft:recipes/decorations/polished_deepslate_wall_from_cobbled_deepslate_stonecutting": {
    "criteria": {
      "has_cobbled_deepslate": "2024-07-19 00:38:02 +0000"
    },
    "done": true
  },
  "minecraft:recipes/decorations/diorite_wall": {
    "criteria": {
      "has_diorite": "2024-07-19 00:38:03 +0000"
    },
    "done": true
  },
  "ae2wtlib:recipes/wireless_pattern_encoding_terminal": {
    "criteria": {
      "has_wt": "2024-07-18 23:53:57 +0000"
    },
    "done": true
  },
  "create:recipes/misc/crafting/logistics/powered_latch": {
    "criteria": {
      "has_item": "2024-07-19 00:40:39 +0000"
    },
    "done": true
  },
  "mcwfences:recipes/hedge": {
    "criteria": {
      "has_birch": "2024-07-18 23:53:57 +0000"
    },
    "done": true
  },
  "minecraft:recipes/redstone/note_block": {
    "criteria": {
      "has_redstone": "2024-07-19 00:40:39 +0000"
    },
    "done": true
  },
  "enderio:recipes/building_blocks/reinforced_obsidian_block": {
    "criteria": {
      "has_ingredient": "2024-07-19 00:40:39 +0000"
    },
    "done": true
  },
  "supplementaries:recipes/blackboard": {
    "criteria": {
      "minecraft:wooden_slabs": "2024-07-19 00:08:43 +0000"
    },
    "done": true
  },
  "exdeorum:core/crook": {
    "criteria": {
      "craft_crook": "2024-07-18 23:56:51 +0000"
    },
    "done": true
  },
  "megacells:recipes/misc/cells/mega_item_cell_housing": {
    "criteria": {
      "has_dusts/sky_stone": "2024-07-19 00:40:39 +0000"
    },
    "done": true
  },
  "mcwwindows:recipes/mangrove": {
    "criteria": {
      "has_the_recipe": "2024-07-18 23:56:48 +0000"
    },
    "done": true
  },
  "mcwtrpdoors:recipes/acacia/oak_bark_trapdoor": {
    "criteria": {
      "has_logs": "2024-07-18 23:56:48 +0000"
    },
    "done": true
  },
  "utilitarian:recipes/misc/snad/drit": {
    "criteria": {
      "has_dirt": "2024-07-19 00:08:34 +0000"
    },
    "done": true
  },
  "mcwtrpdoors:recipes/oak/oak_barrel_trapdoor": {
    "criteria": {
      "has_logs": "2024-07-18 23:56:48 +0000"
    },
    "done": true
  },
  "create:recipes/building_blocks/andesite_pillar_from_stone_types_andesite_stonecutting": {
    "criteria": {
      "has_stone_types_andesite": "2024-07-19 00:38:00 +0000"
    },
    "done": true
  },
  "xycraft_world:recipes/building_blocks/shaped/inverted_bricks_cloud_red": {
    "criteria": {
      "has_xychorium_gem_red": "2024-07-19 00:40:39 +0000"
    },
    "done": true
  },
  "mcwbridges:recipes/cobblestone_bridge_pier": {
    "criteria": {
      "has_planks": "2024-07-19 00:37:52 +0000"
    },
    "done": true
  },
  "minecraft:recipes/decorations/diorite_wall_from_diorite_stonecutting": {
    "criteria": {
      "has_diorite": "2024-07-19 00:38:03 +0000"
    },
    "done": true
  },
  "create:recipes/building_blocks/small_granite_brick_slab_from_stone_types_granite_stonecutting": {
    "criteria": {
      "has_stone_types_granite": "2024-07-19 00:38:03 +0000"
    },
    "done": true
  },
  "minecraft:recipes/tools/wooden_pickaxe": {
    "criteria": {
      "has_stick": "2024-07-18 23:56:51 +0000"
    },
    "done": true
  },
  "minecraft:recipes/building_blocks/cobbled_deepslate_stairs": {
    "criteria": {
      "has_cobbled_deepslate": "2024-07-19 00:38:02 +0000"
    },
    "done": true
  },
  "occultism:recipes/spirit_fire/spirit_fire/otherworld_sapling_natural": {
    "criteria": {
      "has_oak_sapling": "2024-07-18 23:56:35 +0000"
    },
    "done": true
  },
  "supplementaries:recipes/flags/flag_cyan": {
    "criteria": {
      "has_stick": "2024-07-18 23:56:51 +0000"
    },
    "done": true
  },
  "alchemistry:recipes/dissolver/polished_andesite": {
    "criteria": {
      "has_the_recipe": "2024-07-19 00:38:00 +0000"
    },
    "done": true
  },
  "forbidden_arcanus:recipes/tools/stone_blacksmith_gavel": {
    "criteria": {
      "has_stone_tool_materials": "2024-07-19 00:37:52 +0000"
    },
    "done": true
  },
  "utilitix:recipes/misc/linked_crystal": {
    "criteria": {
      "criterion0": "2024-07-19 00:40:39 +0000"
    },
    "done": true
  },
  "ironfurnaces:coal": {
    "criteria": {
      "rainbowcoal": "2024-07-18 23:53:57 +0000"
    },
    "done": true
  },
  "allthecompressed:recipes/building_blocks/compress/granite_1x": {
    "criteria": {
      "has_granite": "2024-07-19 00:38:03 +0000"
    },
    "done": true
  },
  "minecraft:recipes/building_blocks/polished_granite": {
    "criteria": {
      "has_granite": "2024-07-19 00:38:03 +0000"
    },
    "done": true
  },
  "create:recipes/building_blocks/polished_cut_diorite_from_stone_types_diorite_stonecutting": {
    "criteria": {
      "has_stone_types_diorite": "2024-07-19 00:38:03 +0000"
    },
    "done": true
  },
  "minecraft:recipes/building_blocks/polished_blackstone_from_blackstone_stonecutting": {
    "criteria": {
      "has_blackstone": "2024-07-19 00:37:56 +0000"
    },
    "done": true
  },
  "create:recipes/building_blocks/polished_cut_diorite_slab_from_stone_types_diorite_stonecutting": {
    "criteria": {
      "has_stone_types_diorite": "2024-07-19 00:38:03 +0000"
    },
    "done": true
  },
  "xycraft_world:recipes/decorations/shaped/lamp_pole": {
    "criteria": {
      "has_aluminum": "2024-07-19 00:40:38 +0000"
    },
    "done": true
  },
  "rftoolsutility:recipes/rftoolsutility/redstone_information": {
    "criteria": {
      "redstone": "2024-07-19 00:40:39 +0000"
    },
    "done": true
  },
  "minecraft:recipes/building_blocks/polished_diorite_from_diorite_stonecutting": {
    "criteria": {
      "has_diorite": "2024-07-19 00:38:03 +0000"
    },
    "done": true
  },
  "minecraft:recipes/building_blocks/deepslate_bricks_from_cobbled_deepslate_stonecutting": {
    "criteria": {
      "has_cobbled_deepslate": "2024-07-19 00:38:02 +0000"
    },
    "done": true
  },
  "utilitarian:recipes/misc/utility/oak_logs_to_trapdoors": {
    "criteria": {
      "has_log": "2024-07-18 23:56:48 +0000"
    },
    "done": true
  },
  "mcwbridges:recipes/balustrade_diorite_bridge": {
    "criteria": {
      "has_planks": "2024-07-19 00:38:03 +0000"
    },
    "done": true
  },
  "alchemistry:recipes/misc/reactor_casing": {
    "criteria": {
      "has_item": "2024-07-19 00:40:38 +0000"
    },
    "done": true
  },
  "utilitarian:recipes/misc/utility/oak_logs_to_slabs": {
    "criteria": {
      "has_log": "2024-07-18 23:56:48 +0000"
    },
    "done": true
  },
  "alchemistry:recipes/dissolver/orange_concrete_powder": {
    "criteria": {
      "has_the_recipe": "2024-07-19 00:15:52 +0000"
    },
    "done": true
  },
  "trashcans:recipes/misc/energy_trash_can": {
    "criteria": {
      "recipe_condition": "2024-07-19 00:40:39 +0000"
    },
    "done": true
  },
  "minecraft:husbandry/balanced_diet": {
    "criteria": {
      "apple": "2024-07-19 00:11:07 +0000"
    },
    "done": false
  },
  "mcwwindows:recipes/prismarine": {
    "criteria": {
      "has_the_recipe": "2024-07-18 23:56:48 +0000"
    },
    "done": true
  },
  "create:recipes/misc/crafting/materials/rose_quartz": {
    "criteria": {
      "has_item": "2024-07-19 00:40:39 +0000"
    },
    "done": true
  },
  "alchemistry:recipes/dissolver/green_concrete_powder": {
    "criteria": {
      "has_the_recipe": "2024-07-19 00:15:52 +0000"
    },
    "done": true
  },
  "minecraft:recipes/building_blocks/blackstone_stairs_from_blackstone_stonecutting": {
    "criteria": {
      "has_blackstone": "2024-07-19 00:37:56 +0000"
    },
    "done": true
  },
  "exdeorum:recipes/misc/cooked_silk_worm": {
    "criteria": {
      "has_item": "2024-07-18 23:56:50 +0000"
    },
    "done": true
  },
  "minecraft:recipes/decorations/fletching_table": {
    "criteria": {
      "has_flint": "2024-07-19 00:06:38 +0000"
    },
    "done": true
  },
  "exdeorum:recipes/tools/stone_hammer": {
    "criteria": {
      "has_item": "2024-07-19 00:37:52 +0000"
    },
    "done": true
  },
  "exdeorum:recipes/misc/oak_crucible": {
    "criteria": {
      "has_item": "2024-07-19 00:08:43 +0000"
    },
    "done": true
  },
  "farmersdelight:recipes/cooking/rabbit_stew": {
    "criteria": {
      "has_any_ingredient": "2024-07-19 00:41:57 +0000"
    },
    "done": true
  },
  "minecraft:recipes/building_blocks/red_concrete_powder": {
    "criteria": {
      "has_gravel": "2024-07-19 00:15:52 +0000"
    },
    "done": true
  },
  "ae2:recipes/misc/blasting/silicon_from_certus_quartz_dust": {
    "criteria": {
      "has_certus_quartz_dust": "2024-07-19 00:40:39 +0000"
    },
    "done": true
  },
  "create:recipes/building_blocks/cut_andesite_slab_from_stone_types_andesite_stonecutting": {
    "criteria": {
      "has_stone_types_andesite": "2024-07-19 00:38:00 +0000"
    },
    "done": true
  },
  "create:recipes/building_blocks/cut_diorite_slab_from_stone_types_diorite_stonecutting": {
    "criteria": {
      "has_stone_types_diorite": "2024-07-19 00:38:03 +0000"
    },
    "done": true
  },
  "minecraft:recipes/misc/white_dye": {
    "criteria": {
      "has_bone_meal": "2024-07-19 00:40:39 +0000"
    },
    "done": true
  },
  "supplementaries:recipes/flags/flag_orange": {
    "criteria": {
      "has_stick": "2024-07-18 23:56:51 +0000"
    },
    "done": true
  },
  "mcwwindows:recipes/dark_oak": {
    "criteria": {
      "has_the_recipe": "2024-07-18 23:56:48 +0000"
    },
    "done": true
  },
  "minecraft:story/mine_stone": {
    "criteria": {
      "get_stone": "2024-07-19 00:37:52 +0000"
    },
    "done": true
  },
  "minecraft:recipes/decorations/furnace": {
    "criteria": {
      "has_cobblestone": "2024-07-19 00:37:52 +0000"
    },
    "done": true
  },
  "immersiveengineering:recipes/misc/crafting/torch": {
    "criteria": {
      "has_stick": "2024-07-18 23:56:51 +0000"
    },
    "done": true
  },
  "minecraft:recipes/building_blocks/green_concrete_powder": {
    "criteria": {
      "has_gravel": "2024-07-19 00:15:52 +0000"
    },
    "done": true
  },
  "mcwfences:recipes/prismarine": {
    "criteria": {
      "has_qq": "2024-07-18 23:53:57 +0000"
    },
    "done": true
  },
  "allthecompressed:recipes/building_blocks/compress/cobblestone_2x": {
    "criteria": {
      "has_cobblestone_1x": "2024-07-19 00:39:02 +0000"
    },
    "done": true
  },
  "create:recipes/misc/crafting/logistics/pulse_extender": {
    "criteria": {
      "has_item": "2024-07-19 00:40:39 +0000"
    },
    "done": true
  },
  "xycraft_world:recipes/building_blocks/shaped/inverted_bricks_cloud_dark": {
    "criteria": {
      "has_xychorium_gem_dark": "2024-07-19 00:40:38 +0000"
    },
    "done": true
  },
  "allthecompressed:recipes/building_blocks/compress/cobblestone_1x": {
    "criteria": {
      "has_cobblestone": "2024-07-19 00:37:52 +0000"
    },
    "done": true
  },
  "mcwbridges:recipes/balustrade_blackstone_bridge": {
    "criteria": {
      "has_planks": "2024-07-19 00:37:56 +0000"
    },
    "done": true
  },
  "mcwbridges:recipes/balustrade_andesite_bridge": {
    "criteria": {
      "has_planks": "2024-07-19 00:38:00 +0000"
    },
    "done": true
  },
  "exdeorum:recipes/misc/blackstone": {
    "criteria": {
      "has_item": "2024-07-19 00:03:05 +0000"
    },
    "done": true
  },
  "minecraft:recipes/building_blocks/cobbled_deepslate_slab": {
    "criteria": {
      "has_cobbled_deepslate": "2024-07-19 00:38:02 +0000"
    },
    "done": true
  },
  "mcwfences:recipes/mangrove": {
    "criteria": {
      "has_mangrove": "2024-07-18 23:53:57 +0000"
    },
    "done": true
  },
  "mcwwindows:recipes/components": {
    "criteria": {
      "has_wood": "2024-07-18 23:56:48 +0000"
    },
    "done": true
  },
  "supplementaries:recipes/bomb": {
    "criteria": {
      "has_string": "2024-07-18 23:59:52 +0000"
    },
    "done": true
  },
  "croptopia:recipes/misc/apple_sapling": {
    "criteria": {
      "has_apple": "2024-07-18 23:56:48 +0000"
    },
    "done": true
  },
  "exdeorum:core/silk_worm": {
    "criteria": {
      "has_silk_worm": "2024-07-18 23:56:50 +0000"
    },
    "done": true
  },
  "ae2:recipes/misc/network/cells/fluid_cell_housing": {
    "criteria": {
      "has_dusts/redstone": "2024-07-19 00:40:39 +0000"
    },
    "done": true
  },
  "mcwtrpdoors:recipes/oak/oak_glass_trapdoor": {
    "criteria": {
      "has_logs": "2024-07-18 23:56:48 +0000"
    },
    "done": true
  },
  "mcwwindows:recipes/cherry": {
    "criteria": {
      "has_the_recipe": "2024-07-18 23:56:48 +0000"
    },
    "done": true
  },
  "exdeorum:recipes/misc/oak_barrel": {
    "criteria": {
      "has_item": "2024-07-19 00:08:43 +0000"
    },
    "done": true
  },
  "supplementaries:recipes/planter_rich": {
    "criteria": {
      "has_bone_meal": "2024-07-19 00:40:39 +0000"
    },
    "done": true
  },
  "utilitix:recipes/misc/mob_yoinker": {
    "criteria": {
      "criterion2": "2024-07-19 00:09:53 +0000"
    },
    "done": true
  },
  "utilitix:recipes/misc/dimmable_redstone_lamp": {
    "criteria": {
      "criterion1": "2024-07-19 00:40:39 +0000"
    },
    "done": true
  },
  "utilitarian:recipes/misc/utility/logs_to_bowls": {
    "criteria": {
      "has_log": "2024-07-18 23:56:48 +0000"
    },
    "done": true
  },
  "sophisticatedbackpacks:recipes/misc/backpack": {
    "criteria": {
      "has_leather": "2024-07-19 00:09:53 +0000"
    },
    "done": true
  },
  "create:recipes/building_blocks/small_andesite_bricks_from_stone_types_andesite_stonecutting": {
    "criteria": {
      "has_stone_types_andesite": "2024-07-19 00:38:00 +0000"
    },
    "done": true
  },
  "allthecompressed:recipes/building_blocks/decompress/cobblestone_1x": {
    "criteria": {
      "has_cobblestone_1x": "2024-07-19 00:39:02 +0000"
    },
    "done": true
  },
  "minecraft:recipes/building_blocks/polished_blackstone_slab_from_blackstone_stonecutting": {
    "criteria": {
      "has_blackstone": "2024-07-19 00:37:56 +0000"
    },
    "done": true
  },
  "minecraft:recipes/building_blocks/granite_stairs_from_granite_stonecutting": {
    "criteria": {
      "has_granite": "2024-07-19 00:38:03 +0000"
    },
    "done": true
  },
  "ae2wtlib:recipes/wireless_universal_terminal/upgrade_pattern_encoding": {
    "criteria": {
      "has_wpt": "2024-07-18 23:53:57 +0000"
    },
    "done": true
  },
  "minecraft:recipes/building_blocks/deepslate_tile_slab_from_cobbled_deepslate_stonecutting": {
    "criteria": {
      "has_cobbled_deepslate": "2024-07-19 00:38:02 +0000"
    },
    "done": true
  },
  "alchemistry:recipes/dissolver/cobbled_deepslate_slab": {
    "criteria": {
      "has_the_recipe": "2024-07-19 00:38:02 +0000"
    },
    "done": true
  },
  "minecraft:recipes/misc/charcoal": {
    "criteria": {
      "has_log": "2024-07-18 23:56:48 +0000"
    },
    "done": true
  },
  "minecraft:recipes/building_blocks/polished_andesite_from_andesite_stonecutting": {
    "criteria": {
      "has_andesite": "2024-07-19 00:38:00 +0000"
    },
    "done": true
  },
  "minecraft:recipes/decorations/item_frame": {
    "criteria": {
      "has_leather": "2024-07-19 00:09:53 +0000"
    },
    "done": true
  },
  "enderio:recipes/misc/iron_gear": {
    "criteria": {
      "has_ingredient": "2024-07-19 00:40:39 +0000"
    },
    "done": true
  },
  "antiblocksrechiseled:recipes/building_blocks/bright_white": {
    "criteria": {
      "has_glowstone_dust": "2024-07-19 00:40:39 +0000"
    },
    "done": true
  },
  "minecraft:recipes/building_blocks/andesite": {
    "criteria": {
      "has_stone": "2024-07-19 00:38:03 +0000"
    },
    "done": true
  },
  "alchemistry:recipes/dissolver/bone_block": {
    "criteria": {
      "has_the_recipe": "2024-07-19 00:40:39 +0000"
    },
    "done": true
  },
  "create:recipes/building_blocks/granite_pillar_from_stone_types_granite_stonecutting": {
    "criteria": {
      "has_stone_types_granite": "2024-07-19 00:38:03 +0000"
    },
    "done": true
  },
  "xycraft_world:recipes/misc/compacting/xychorium_gem_green": {
    "criteria": {
      "has_xychorium_gem_green": "2024-07-19 00:40:39 +0000"
    },
    "done": true
  },
  "create:recipes/building_blocks/polished_cut_granite_wall_from_stone_types_granite_stonecutting": {
    "criteria": {
      "has_stone_types_granite": "2024-07-19 00:38:03 +0000"
    },
    "done": true
  },
  "utilitarian:recipes/misc/utility/oak_logs_to_pressure_plates": {
    "criteria": {
      "has_log": "2024-07-18 23:56:48 +0000"
    },
    "done": true
  },
  "minecraft:recipes/tools/wooden_shovel": {
    "criteria": {
      "has_stick": "2024-07-18 23:56:51 +0000"
    },
    "done": true
  },
  "create:recipes/building_blocks/cut_andesite_wall_from_stone_types_andesite_stonecutting": {
    "criteria": {
      "has_stone_types_andesite": "2024-07-19 00:38:00 +0000"
    },
    "done": true
  },
  "minecraft:recipes/misc/ender_eye": {
    "criteria": {
      "has_blaze_powder": "2024-07-19 00:40:38 +0000"
    },
    "done": true
  },
  "utilitix:recipes/misc/hand_bell": {
    "criteria": {
      "criterion0": "2024-07-18 23:56:51 +0000"
    },
    "done": true
  },
  "minecraft:recipes/decorations/deepslate_tile_wall_from_cobbled_deepslate_stonecutting": {
    "criteria": {
      "has_cobbled_deepslate": "2024-07-19 00:38:02 +0000"
    },
    "done": true
  },
  "mcwtrpdoors:recipes/oak/oak_cottage_trapdoor": {
    "criteria": {
      "has_logs": "2024-07-18 23:56:48 +0000"
    },
    "done": true
  },
  "create:recipes/building_blocks/cut_diorite_brick_stairs_from_stone_types_diorite_stonecutting": {
    "criteria": {
      "has_stone_types_diorite": "2024-07-19 00:38:03 +0000"
    },
    "done": true
  },
  "utilitarian:recipes/misc/utility/oak_logs_to_doors": {
    "criteria": {
      "has_log": "2024-07-18 23:56:48 +0000"
    },
    "done": true
  },
  "mcwtrpdoors:recipes/oak/oak_barn_trapdoor": {
    "criteria": {
      "has_logs": "2024-07-18 23:56:48 +0000"
    },
    "done": true
  },
  "mcwbridges:recipes/blackstone_bridge_pier": {
    "criteria": {
      "has_planks": "2024-07-19 00:37:56 +0000"
    },
    "done": true
  },
  "utilitix:recipes/misc/comparator_redirector_up": {
    "criteria": {
      "criterion1": "2024-07-19 00:37:52 +0000"
    },
    "done": true
  },
  "minecraft:recipes/combat/spectral_arrow": {
    "criteria": {
      "has_glowstone_dust": "2024-07-19 00:40:39 +0000"
    },
    "done": true
  },
  "supplementaries:recipes/sack": {
    "criteria": {
      "has_string": "2024-07-18 23:59:52 +0000"
    },
    "done": true
  },
  "minecraft:recipes/tools/stone_shovel": {
    "criteria": {
      "has_cobblestone": "2024-07-19 00:37:52 +0000"
    },
    "done": true
  },
  "tombstone:adventure/root": {
    "criteria": {
      "auto": "2024-07-18 23:53:57 +0000"
    },
    "done": true
  },
  "ae2:recipes/misc/blasting/sky_stone_block": {
    "criteria": {
      "has_sky_stone_dust": "2024-07-19 00:40:39 +0000"
    },
    "done": true
  },
  "xycraft_world:recipes/misc/compacting/xychorium_gem_blue": {
    "criteria": {
      "has_xychorium_gem_blue": "2024-07-19 00:40:38 +0000"
    },
    "done": true
  },
  "mcwwindows:recipes/jungle": {
    "criteria": {
      "has_the_recipe": "2024-07-18 23:56:48 +0000"
    },
    "done": true
  },
  "minecraft:recipes/building_blocks/coarse_dirt": {
    "criteria": {
      "has_gravel": "2024-07-19 00:15:52 +0000"
    },
    "done": true
  },
  "minecraft:recipes/building_blocks/light_gray_concrete_powder": {
    "criteria": {
      "has_gravel": "2024-07-19 00:15:52 +0000"
    },
    "done": true
  },
  "enderio:recipes/misc/basic_capacitor": {
    "criteria": {
      "has_ingredient": "2024-07-19 00:40:39 +0000"
    },
    "done": true
  },
  "alchemistry:recipes/dissolver/crafting_table": {
    "criteria": {
      "has_the_recipe": "2024-07-18 23:53:57 +0000"
    },
    "done": true
  },
  "minecraft:recipes/decorations/polished_blackstone_brick_wall_from_blackstone_stonecutting": {
    "criteria": {
      "has_blackstone": "2024-07-19 00:37:56 +0000"
    },
    "done": true
  },
  "allthecompressed:recipes/building_blocks/compress/blackstone_1x": {
    "criteria": {
      "has_blackstone": "2024-07-19 00:37:56 +0000"
    },
    "done": true
  },
  "forbidden_arcanus:recipes/decorations/deorum_lantern": {
    "criteria": {
      "has_torch": "2024-07-18 23:53:57 +0000"
    },
    "done": true
  },
  "create:recipes/building_blocks/cut_granite_brick_wall_from_stone_types_granite_stonecutting": {
    "criteria": {
      "has_stone_types_granite": "2024-07-19 00:38:03 +0000"
    },
    "done": true
  },
  "minecraft:recipes/building_blocks/brown_concrete_powder": {
    "criteria": {
      "has_gravel": "2024-07-19 00:15:52 +0000"
    },
    "done": true
  },
  "supplementaries:recipes/flower_box": {
    "criteria": {
      "has_dirt": "2024-07-19 00:08:34 +0000"
    },
    "done": true
  },
  "minecraft:recipes/building_blocks/light_blue_concrete_powder": {
    "criteria": {
      "has_gravel": "2024-07-19 00:15:52 +0000"
    },
    "done": true
  },
  "create:recipes/building_blocks/polished_cut_granite_stairs_from_stone_types_granite_stonecutting": {
    "criteria": {
      "has_stone_types_granite": "2024-07-19 00:38:03 +0000"
    },
    "done": true
  },
  "mcwroofs:recipes/granite": {
    "criteria": {
      "has_planks": "2024-07-19 00:38:03 +0000"
    },
    "done": true
  },
  "minecraft:recipes/decorations/andesite_wall_from_andesite_stonecutting": {
    "criteria": {
      "has_andesite": "2024-07-19 00:38:00 +0000"
    },
    "done": true
  },
  "forbidden_arcanus:recipes/building_blocks/edelwood_ladder": {
    "criteria": {
      "has_rods/wooden": "2024-07-18 23:56:51 +0000"
    },
    "done": true
  },
  "farmersdelight:recipes/cooking/vegetable_noodles": {
    "criteria": {
      "has_any_ingredient": "2024-07-19 00:41:57 +0000"
    },
    "done": true
  },
  "croptopia:recipes/misc/apple_pie": {
    "criteria": {
      "has_apple": "2024-07-18 23:56:48 +0000"
    },
    "done": true
  },
  "mcwtrpdoors:recipes/oak/oak_tropical_trapdoor": {
    "criteria": {
      "has_logs": "2024-07-18 23:56:48 +0000"
    },
    "done": true
  },
  "oreberriesreplanted:recipes/misc/oak_vat": {
    "criteria": {
      "has_slab": "2024-07-19 00:08:43 +0000"
    },
    "done": true
  },
  "minecraft:recipes/tools/fishing_rod": {
    "criteria": {
      "has_string": "2024-07-18 23:59:52 +0000"
    },
    "done": true
  },
  "minecraft:recipes/building_blocks/chiseled_deepslate_from_cobbled_deepslate_stonecutting": {
    "criteria": {
      "has_cobbled_deepslate": "2024-07-19 00:38:02 +0000"
    },
    "done": true
  },
  "projecte:recipes/misc/medium_covalence_dust": {
    "criteria": {
      "has_redstone": "2024-07-19 00:40:39 +0000"
    },
    "done": true
  },
  "create:recipes/building_blocks/andesite_from_stone_types_andesite_stonecutting": {
    "criteria": {
      "has_stone_types_andesite": "2024-07-19 00:38:00 +0000"
    },
    "done": true
  },
  "minecraft:recipes/building_blocks/polished_andesite_slab_from_andesite_stonecutting": {
    "criteria": {
      "has_andesite": "2024-07-19 00:38:00 +0000"
    },
    "done": true
  },
  "projecte:recipes/misc/low_covalence_dust": {
    "criteria": {
      "has_cobble": "2024-07-19 00:37:52 +0000"
    },
    "done": true
  },
  "exdeorum:core/barrel": {
    "criteria": {
      "has_barrel": "2024-07-19 00:01:41 +0000"
    },
    "done": true
  },
  "enderio:recipes/misc/stick": {
    "criteria": {
      "has_ingredient": "2024-07-18 23:56:48 +0000"
    },
    "done": true
  },
  "rftoolsutility:recipes/rftoolsutility/screen_link": {
    "criteria": {
      "redstone": "2024-07-19 00:40:39 +0000"
    },
    "done": true
  },
  "minecraft:recipes/building_blocks/cobbled_deepslate_stairs_from_cobbled_deepslate_stonecutting": {
    "criteria": {
      "has_cobbled_deepslate": "2024-07-19 00:38:02 +0000"
    },
    "done": true
  },
  "alchemistry:recipes/dissolver/light_blue_concrete_powder": {
    "criteria": {
      "has_the_recipe": "2024-07-19 00:15:52 +0000"
    },
    "done": true
  },
  "rftoolsstorage:recipes/rftoolsstorage/storage_module0": {
    "criteria": {
      "redstone": "2024-07-19 00:40:39 +0000"
    },
    "done": true
  },
  "exdeorum:recipes/misc/andesite": {
    "criteria": {
      "has_item": "2024-07-19 00:13:34 +0000"
    },
    "done": true
  },
  "farmersdelight:recipes/cooking/fried_rice": {
    "criteria": {
      "has_any_ingredient": "2024-07-19 00:41:57 +0000"
    },
    "done": true
  },
  "supplementaries:recipes/flags/flag_blue": {
    "criteria": {
      "has_stick": "2024-07-18 23:56:51 +0000"
    },
    "done": true
  },
  "mcwbridges:recipes/cobblestone_bridge": {
    "criteria": {
      "has_planks": "2024-07-19 00:37:52 +0000"
    },
    "done": true
  },
  "create:recipes/building_blocks/small_diorite_brick_stairs_from_stone_types_diorite_stonecutting": {
    "criteria": {
      "has_stone_types_diorite": "2024-07-19 00:38:03 +0000"
    },
    "done": true
  },
  "minecraft:recipes/building_blocks/andesite_stairs_from_andesite_stonecutting": {
    "criteria": {
      "has_andesite": "2024-07-19 00:38:00 +0000"
    },
    "done": true
  },
  "megacells:recipes/misc/cells/mega_fluid_cell_housing": {
    "criteria": {
      "has_dusts/sky_stone": "2024-07-19 00:40:39 +0000"
    },
    "done": true
  },
  "mcwfences:recipes/deepslate": {
    "criteria": {
      "has_deepslate": "2024-07-18 23:53:57 +0000"
    },
    "done": true
  },
  "mcwwindows:recipes/andesite": {
    "criteria": {
      "has_the_recipe": "2024-07-18 23:56:48 +0000"
    },
    "done": true
  },
  "mcwbridges:recipes/oak_bridge_pier": {
    "criteria": {
      "has_planks": "2024-07-18 23:56:48 +0000"
    },
    "done": true
  },
  "farmersdelight:recipes/cooking/beef_stew": {
    "criteria": {
      "has_any_ingredient": "2024-07-19 00:41:57 +0000"
    },
    "done": true
  },
  "translocators:recipes/redstone/item_translocator": {
    "criteria": {
      "has_piston": "2024-07-18 23:53:57 +0000"
    },
    "done": true
  },
  "immersiveengineering:recipes/misc/crafting/powerpack": {
    "criteria": {
      "has_leather": "2024-07-19 00:09:53 +0000"
    },
    "done": true
  },
  "minecraft:recipes/building_blocks/polished_blackstone": {
    "criteria": {
      "has_blackstone": "2024-07-19 00:37:56 +0000"
    },
    "done": true
  },
  "farmersdelight:main/root": {
    "criteria": {
      "seeds": "2024-07-18 23:53:57 +0000"
    },
    "done": true
  },
  "create:recipes/building_blocks/cut_andesite_stairs_from_stone_types_andesite_stonecutting": {
    "criteria": {
      "has_stone_types_andesite": "2024-07-19 00:38:00 +0000"
    },
    "done": true
  },
  "croptopia:recipes/documentation": {
    "criteria": {
      "has_crop": "2024-07-18 23:56:48 +0000"
    },
    "done": true
  },
  "minecraft:recipes/transportation/carrot_on_a_stick": {
    "criteria": {
      "has_carrot": "2024-07-19 00:41:57 +0000"
    },
    "done": true
  },
  "supplementaries:recipes/flags/flag_light_gray": {
    "criteria": {
      "has_stick": "2024-07-18 23:56:51 +0000"
    },
    "done": true
  },
  "minecraft:recipes/building_blocks/polished_basalt_from_basalt_stonecutting": {
    "criteria": {
      "has_basalt": "2024-07-19 00:38:01 +0000"
    },
    "done": true
  },
  "minecraft:recipes/building_blocks/white_wool_from_string": {
    "criteria": {
      "has_string": "2024-07-18 23:59:52 +0000"
    },
    "done": true
  },
  "minecraft:recipes/building_blocks/glowstone": {
    "criteria": {
      "has_glowstone_dust": "2024-07-19 00:40:39 +0000"
    },
    "done": true
  },
  "utilitarian:recipes/misc/no_soliciting/restraining_order": {
    "criteria": {
      "has_lead": "2024-07-19 00:09:53 +0000"
    },
    "done": true
  },
  "minecraft:adventure/adventuring_time": {
    "criteria": {
      "minecraft:plains": "2024-07-18 23:53:57 +0000"
    },
    "done": false
  },
  "supplementaries:recipes/jar": {
    "criteria": {
      "minecraft:wooden_slabs": "2024-07-19 00:08:43 +0000"
    },
    "done": true
  },
  "supplementaries:recipes/pulley": {
    "criteria": {
      "minecraft:wooden_slabs": "2024-07-19 00:08:43 +0000"
    },
    "done": true
  },
  "minecraft:recipes/building_blocks/andesite_slab": {
    "criteria": {
      "has_andesite": "2024-07-19 00:38:00 +0000"
    },
    "done": true
  },
  "minecraft:recipes/building_blocks/cobblestone_stairs_from_cobblestone_stonecutting": {
    "criteria": {
      "has_cobblestone": "2024-07-19 00:37:52 +0000"
    },
    "done": true
  },
  "minecraft:recipes/building_blocks/diorite_slab_from_diorite_stonecutting": {
    "criteria": {
      "has_diorite": "2024-07-19 00:38:03 +0000"
    },
    "done": true
  },
  "farmersdelight:recipes/decorations/cutting_board": {
    "criteria": {
      "has_stick": "2024-07-18 23:56:51 +0000"
    },
    "done": true
  },
  "mcwdoors:recipes/oak": {
    "criteria": {
      "has_wood": "2024-07-18 23:56:48 +0000"
    },
    "done": true
  },
  "minecraft:recipes/building_blocks/deepslate_tiles_from_cobbled_deepslate_stonecutting": {
    "criteria": {
      "has_cobbled_deepslate": "2024-07-19 00:38:02 +0000"
    },
    "done": true
  },
  "minecraft:recipes/tools/stone_hoe": {
    "criteria": {
      "has_cobblestone": "2024-07-19 00:37:52 +0000"
    },
    "done": true
  },
  "minecraft:recipes/decorations/loom": {
    "criteria": {
      "has_string": "2024-07-18 23:59:52 +0000"
    },
    "done": true
  },
  "mcwbridges:recipes/andesite_bridge_pier": {
    "criteria": {
      "has_planks": "2024-07-19 00:38:00 +0000"
    },
    "done": true
  },
  "supplementaries:recipes/flags/flag_lime": {
    "criteria": {
      "has_stick": "2024-07-18 23:56:51 +0000"
    },
    "done": true
  },
  "minecraft:recipes/combat/leather_helmet": {
    "criteria": {
      "has_leather": "2024-07-19 00:09:53 +0000"
    },
    "done": true
  },
  "minecraft:recipes/decorations/ladder": {
    "criteria": {
      "has_stick": "2024-07-18 23:56:51 +0000"
    },
    "done": true
  },
  "croptopia:recipes/misc/apple_juice": {
    "criteria": {
      "has_apple": "2024-07-18 23:56:48 +0000"
    },
    "done": true
  },
  "create:recipes/building_blocks/granite_from_stone_types_granite_stonecutting": {
    "criteria": {
      "has_stone_types_granite": "2024-07-19 00:38:03 +0000"
    },
    "done": true
  },
  "alchemistry:recipes/dissolver/cobblestone_slab": {
    "criteria": {
      "has_the_recipe": "2024-07-19 00:37:52 +0000"
    },
    "done": true
  },
  "mcwwindows:recipes/diorite": {
    "criteria": {
      "has_the_recipe": "2024-07-18 23:56:48 +0000"
    },
    "done": true
  },
  "create:recipes/building_blocks/cut_granite_brick_slab_from_stone_types_granite_stonecutting": {
    "criteria": {
      "has_stone_types_granite": "2024-07-19 00:38:03 +0000"
    },
    "done": true
  },
  "mcwfences:recipes/dark_oak": {
    "criteria": {
      "has_dark_oak": "2024-07-18 23:53:57 +0000"
    },
    "done": true
  },
  "mcwbridges:recipes/granite_bridge_stair": {
    "criteria": {
      "has_planks": "2024-07-19 00:38:03 +0000"
    },
    "done": true
  },
  "alchemistry:recipes/dissolver/polished_granite": {
    "criteria": {
      "has_the_recipe": "2024-07-19 00:38:03 +0000"
    },
    "done": true
  },
  "mcwfences:recipes/crimson": {
    "criteria": {
      "has_crimson": "2024-07-18 23:53:57 +0000"
    },
    "done": true
  },
  "create:root": {
    "criteria": {
      "0": "2024-07-18 23:53:57 +0000"
    },
    "done": true
  },
  "minecraft:recipes/tools/wooden_axe": {
    "criteria": {
      "has_stick": "2024-07-18 23:56:51 +0000"
    },
    "done": true
  },
  "minecraft:recipes/building_blocks/granite_slab_from_granite_stonecutting": {
    "criteria": {
      "has_granite": "2024-07-19 00:38:03 +0000"
    },
    "done": true
  },
  "ae2wtlib:recipes/wireless_universal_terminal/upgrade_pattern_access": {
    "criteria": {
      "has_wit": "2024-07-18 23:53:57 +0000"
    },
    "done": true
  },
  "minecraft:recipes/decorations/blackstone_wall": {
    "criteria": {
      "has_blackstone": "2024-07-19 00:37:56 +0000"
    },
    "done": true
  },
  "farmersdelight:recipes/cooking/chicken_soup": {
    "criteria": {
      "has_any_ingredient": "2024-07-19 00:41:57 +0000"
    },
    "done": true
  },
  "exdeorum:recipes/misc/cobblestone": {
    "criteria": {
      "has_item": "2024-07-19 00:02:36 +0000"
    },
    "done": true
  },
  "mcwbridges:recipes/granite_bridge_pier": {
    "criteria": {
      "has_planks": "2024-07-19 00:38:03 +0000"
    },
    "done": true
  },
  "minecraft:recipes/building_blocks/polished_blackstone_brick_stairs_from_blackstone_stonecutting": {
    "criteria": {
      "has_blackstone": "2024-07-19 00:37:56 +0000"
    },
    "done": true
  },
  "minecraft:recipes/redstone/tripwire_hook": {
    "criteria": {
      "has_string": "2024-07-18 23:59:52 +0000"
    },
    "done": true
  },
  "create:recipes/building_blocks/small_granite_brick_stairs_from_stone_types_granite_stonecutting": {
    "criteria": {
      "has_stone_types_granite": "2024-07-19 00:38:03 +0000"
    },
    "done": true
  },
  "minecraft:recipes/decorations/candle": {
    "criteria": {
      "has_string": "2024-07-18 23:59:52 +0000"
    },
    "done": true
  },
  "minecraft:recipes/misc/leather_horse_armor": {
    "criteria": {
      "has_leather": "2024-07-19 00:09:53 +0000"
    },
    "done": true
  },
  "utilitix:recipes/misc/weak_redstone_torch": {
    "criteria": {
      "criterion1": "2024-07-18 23:56:51 +0000"
    },
    "done": true
  },
  "ae2:recipes/misc/network/parts/quartz_fiber_part": {
    "criteria": {
      "has_dusts/quartz": "2024-07-19 00:40:39 +0000"
    },
    "done": true
  },
  "minecraft:recipes/building_blocks/granite_slab": {
    "criteria": {
      "has_granite": "2024-07-19 00:38:03 +0000"
    },
    "done": true
  },
  "create:recipes/building_blocks/cut_granite_from_stone_types_granite_stonecutting": {
    "criteria": {
      "has_stone_types_granite": "2024-07-19 00:38:03 +0000"
    },
    "done": true
  },
  "supplementaries:recipes/daub_cross_brace": {
    "criteria": {
      "forge:rods/wooden": "2024-07-18 23:56:51 +0000"
    },
    "done": true
  },
  "ae2:recipes/misc/network/cables/smart_fluix": {
    "criteria": {
      "has_dusts/redstone": "2024-07-19 00:40:39 +0000"
    },
    "done": true
  },
  "mcwtrpdoors:recipes/oak/oak_mystic_trapdoor": {
    "criteria": {
      "has_logs": "2024-07-18 23:56:48 +0000"
    },
    "done": true
  },
  "minecraft:recipes/building_blocks/lime_concrete_powder": {
    "criteria": {
      "has_gravel": "2024-07-19 00:15:52 +0000"
    },
    "done": true
  },
  "create:recipes/building_blocks/cut_granite_brick_stairs_from_stone_types_granite_stonecutting": {
    "criteria": {
      "has_stone_types_granite": "2024-07-19 00:38:03 +0000"
    },
    "done": true
  },
  "alchemistry:recipes/dissolver/brown_concrete_powder": {
    "criteria": {
      "has_the_recipe": "2024-07-19 00:15:52 +0000"
    },
    "done": true
  },
  "create:recipes/building_blocks/polished_cut_granite_from_stone_types_granite_stonecutting": {
    "criteria": {
      "has_stone_types_granite": "2024-07-19 00:38:03 +0000"
    },
    "done": true
  },
  "create:recipes/misc/crafting/appliances/tree_fertilizer": {
    "criteria": {
      "has_item": "2024-07-19 00:40:39 +0000"
    },
    "done": true
  },
  "alchemistry:recipes/dissolver/cyan_concrete_powder": {
    "criteria": {
      "has_the_recipe": "2024-07-19 00:15:52 +0000"
    },
    "done": true
  },
  "minecraft:recipes/building_blocks/magenta_concrete_powder": {
    "criteria": {
      "has_gravel": "2024-07-19 00:15:52 +0000"
    },
    "done": true
  },
  "alchemistry:recipes/dissolver/white_concrete_powder": {
    "criteria": {
      "has_the_recipe": "2024-07-19 00:15:52 +0000"
    },
    "done": true
  },
  "minecraft:recipes/decorations/campfire": {
    "criteria": {
      "has_stick": "2024-07-18 23:56:51 +0000"
    },
    "done": true
  },
  "mcwbridges:recipes/andesite_bridge": {
    "criteria": {
      "has_planks": "2024-07-19 00:38:00 +0000"
    },
    "done": true
  },
  "utilitarian:recipes/misc/no_soliciting/no_soliciting_banner": {
    "criteria": {
      "has_stick": "2024-07-18 23:56:51 +0000"
    },
    "done": true
  },
  "ae2:recipes/misc/network/cells/item_cell_housing": {
    "criteria": {
      "has_dusts/redstone": "2024-07-19 00:40:39 +0000"
    },
    "done": true
  },
  "utilitarian:recipes/misc/utility/oak_logs_to_stairs": {
    "criteria": {
      "has_log": "2024-07-18 23:56:48 +0000"
    },
    "done": true
  },
  "supplementaries:recipes/timber_brace": {
    "criteria": {
      "forge:rods/wooden": "2024-07-18 23:56:51 +0000"
    },
    "done": true
  },
  "ae2wtlib:recipes/wireless_pattern_access_terminal": {
    "criteria": {
      "has_wt": "2024-07-18 23:53:57 +0000"
    },
    "done": true
  },
  "create:recipes/building_blocks/polished_cut_andesite_from_stone_types_andesite_stonecutting": {
    "criteria": {
      "has_stone_types_andesite": "2024-07-19 00:38:00 +0000"
    },
    "done": true
  },
  "naturescompass:natures_compass_sapling": {
    "criteria": {
      "has_sapling": "2024-07-18 23:56:35 +0000"
    },
    "done": true
  },
  "exdeorum:recipes/tools/crook": {
    "criteria": {
      "has_item": "2024-07-18 23:56:51 +0000"
    },
    "done": true
  },
  "supplementaries:recipes/flags/flag_black": {
    "criteria": {
      "has_stick": "2024-07-18 23:56:51 +0000"
    },
    "done": true
  },
  "minecraft:recipes/building_blocks/oak_planks": {
    "criteria": {
      "has_logs": "2024-07-18 23:56:48 +0000"
    },
    "done": true
  },
  "utilitarian:recipes/misc/utility/oak_logs_to_boats": {
    "criteria": {
      "has_log": "2024-07-18 23:56:48 +0000"
    },
    "done": true
  },
  "minecraft:recipes/building_blocks/black_concrete_powder": {
    "criteria": {
      "has_gravel": "2024-07-19 00:15:52 +0000"
    },
    "done": true
  },
  "mcwbridges:recipes/bridge_torch": {
    "criteria": {
      "has_planks": "2024-07-18 23:53:57 +0000"
    },
    "done": true
  },
  "minecraft:recipes/decorations/cobblestone_wall_from_cobblestone_stonecutting": {
    "criteria": {
      "has_cobblestone": "2024-07-19 00:37:52 +0000"
    },
    "done": true
  },
  "minecraft:recipes/building_blocks/polished_andesite_stairs_from_andesite_stonecutting": {
    "criteria": {
      "has_andesite": "2024-07-19 00:38:00 +0000"
    },
    "done": true
  },
  "alchemistry:recipes/dissolver/smooth_basalt": {
    "criteria": {
      "has_the_recipe": "2024-07-19 00:38:01 +0000"
    },
    "done": true
  },
  "supplementaries:recipes/flags/flag_purple": {
    "criteria": {
      "has_stick": "2024-07-18 23:56:51 +0000"
    },
    "done": true
  },
  "minecraft:recipes/building_blocks/cyan_concrete_powder": {
    "criteria": {
      "has_gravel": "2024-07-19 00:15:52 +0000"
    },
    "done": true
  },
  "create:recipes/building_blocks/layered_andesite_from_stone_types_andesite_stonecutting": {
    "criteria": {
      "has_stone_types_andesite": "2024-07-19 00:38:00 +0000"
    },
    "done": true
  },
  "minecraft:recipes/redstone/lever": {
    "criteria": {
      "has_cobblestone": "2024-07-19 00:37:52 +0000"
    },
    "done": true
  },
  "farmersdelight:recipes/cooking/dog_food": {
    "criteria": {
      "has_any_ingredient": "2024-07-19 00:40:39 +0000"
    },
    "done": true
  },
  "exdeorum:recipes/misc/string_mesh": {
    "criteria": {
      "has_item": "2024-07-18 23:59:52 +0000"
    },
    "done": true
  },
  "create:recipes/building_blocks/cut_diorite_stairs_from_stone_types_diorite_stonecutting": {
    "criteria": {
      "has_stone_types_diorite": "2024-07-19 00:38:03 +0000"
    },
    "done": true
  },
  "create:recipes/building_blocks/small_diorite_bricks_from_stone_types_diorite_stonecutting": {
    "criteria": {
      "has_stone_types_diorite": "2024-07-19 00:38:03 +0000"
    },
    "done": true
  },
  "alchemistry:recipes/dissolver/light_gray_concrete_powder": {
    "criteria": {
      "has_the_recipe": "2024-07-19 00:15:52 +0000"
    },
    "done": true
  },
  "create:recipes/building_blocks/small_diorite_brick_wall_from_stone_types_diorite_stonecutting": {
    "criteria": {
      "has_stone_types_diorite": "2024-07-19 00:38:03 +0000"
    },
    "done": true
  },
  "projecte:recipes/tools/philosophers_stone": {
    "criteria": {
      "has_glowstone": "2024-07-19 00:40:39 +0000"
    },
    "done": true
  },
  "mcwwindows:recipes/oak": {
    "criteria": {
      "has_wood": "2024-07-18 23:56:48 +0000",
      "has_the_recipe": "2024-07-18 23:56:48 +0000"
    },
    "done": true
  },
  "supplementaries:recipes/flags/flag_gray": {
    "criteria": {
      "has_stick": "2024-07-18 23:56:51 +0000"
    },
    "done": true
  },
  "xycraft_machines:recipes/misc/shaped/water_block": {
    "criteria": {
      "has_blue_xychorium": "2024-07-19 00:40:38 +0000"
    },
    "done": true
  },
  "create:recipes/building_blocks/cut_diorite_bricks_from_stone_types_diorite_stonecutting": {
    "criteria": {
      "has_stone_types_diorite": "2024-07-19 00:38:03 +0000"
    },
    "done": true
  },
  "supplementaries:recipes/faucet": {
    "criteria": {
      "forge:rods/wooden": "2024-07-18 23:56:51 +0000"
    },
    "done": true
  },
  "mcwfences:recipes/sandstone": {
    "criteria": {
      "has_sand": "2024-07-18 23:53:57 +0000"
    },
    "done": true
  },
  "minecraft:recipes/decorations/composter": {
    "criteria": {
      "has_wood_slab": "2024-07-19 00:08:43 +0000"
    },
    "done": true
  },
  "mcwfences:recipes/acacia": {
    "criteria": {
      "has_acacia": "2024-07-18 23:53:57 +0000"
    },
    "done": true
  },
  "supplementaries:recipes/checker": {
    "criteria": {
      "has_cobblestone": "2024-07-19 00:37:52 +0000"
    },
    "done": true
  },
  "mcwfences:recipes/oak": {
    "criteria": {
      "has_oak": "2024-07-18 23:53:57 +0000"
    },
    "done": true
  },
  "utilitix:recipes/misc/highspeed_rail": {
    "criteria": {
      "criterion1": "2024-07-18 23:56:51 +0000"
    },
    "done": true
  },
  "exdeorum:recipes/misc/flint_mesh": {
    "criteria": {
      "has_item": "2024-07-19 00:06:38 +0000"
    },
    "done": true
  },
  "create:recipes/building_blocks/diorite_pillar_from_stone_types_diorite_stonecutting": {
    "criteria": {
      "has_stone_types_diorite": "2024-07-19 00:38:03 +0000"
    },
    "done": true
  },
  "botania:recipes/decorations/spark": {
    "criteria": {
      "has_item": "2024-07-19 00:40:38 +0000"
    },
    "done": true
  },
  "translocators:recipes/misc/diamond": {
    "criteria": {
      "has_diamond_nugget": "2024-07-18 23:53:57 +0000"
    },
    "done": true
  },
  "supplementaries:recipes/flags/flag_light_blue": {
    "criteria": {
      "has_stick": "2024-07-18 23:56:51 +0000"
    },
    "done": true
  },
  "create:recipes/building_blocks/polished_cut_granite_slab_from_stone_types_granite_stonecutting": {
    "criteria": {
      "has_stone_types_granite": "2024-07-19 00:38:03 +0000"
    },
    "done": true
  },
  "xycraft_world:recipes/building_blocks/shapeless/glass_viewer_glowing_dust": {
    "criteria": {
      "has_glowstone_dust": "2024-07-19 00:40:39 +0000"
    },
    "done": true
  },
  "mcwroofs:recipes/diorite": {
    "criteria": {
      "has_planks": "2024-07-19 00:38:03 +0000"
    },
    "done": true
  },
  "translocators:recipes/misc/diamond_nugget": {
    "criteria": {
      "has_diamond": "2024-07-18 23:53:57 +0000"
    },
    "done": true
  },
  "mcwtrpdoors:recipes/oak/oak_four_panel_trapdoor": {
    "criteria": {
      "has_logs": "2024-07-18 23:56:48 +0000"
    },
    "done": true
  },
  "minecraft:recipes/building_blocks/andesite_slab_from_andesite_stonecutting": {
    "criteria": {
      "has_andesite": "2024-07-19 00:38:00 +0000"
    },
    "done": true
  },
  "ae2:recipes/misc/decorative/quartz_glass": {
    "criteria": {
      "has_quartz_dust": "2024-07-19 00:40:39 +0000"
    },
    "done": true
  },
  "supplementaries:recipes/daub_brace": {
    "criteria": {
      "forge:rods/wooden": "2024-07-18 23:56:51 +0000"
    },
    "done": true
  },
  "create:recipes/building_blocks/cut_andesite_brick_wall_from_stone_types_andesite_stonecutting": {
    "criteria": {
      "has_stone_types_andesite": "2024-07-19 00:38:00 +0000"
    },
    "done": true
  },
  "minecraft:recipes/building_blocks/polished_deepslate_slab_from_cobbled_deepslate_stonecutting": {
    "criteria": {
      "has_cobbled_deepslate": "2024-07-19 00:38:02 +0000"
    },
    "done": true
  },
  "mcwwindows:recipes/granite": {
    "criteria": {
      "has_the_recipe": "2024-07-18 23:56:48 +0000"
    },
    "done": true
  },
  "occultism:recipes/spirit_trade/spirit_trade/test": {
    "criteria": {
      "has_stone": "2024-07-19 00:38:00 +0000"
    },
    "done": true
  },
  "supplementaries:recipes/altimeter": {
    "criteria": {
      "has_redstone": "2024-07-19 00:40:39 +0000"
    },
    "done": true
  },
  "supplementaries:recipes/sconce_lever": {
    "criteria": {
      "has_redstone": "2024-07-19 00:40:39 +0000"
    },
    "done": true
  },
  "create:recipes/building_blocks/cut_granite_wall_from_stone_types_granite_stonecutting": {
    "criteria": {
      "has_stone_types_granite": "2024-07-19 00:38:03 +0000"
    },
    "done": true
  },
  "minecraft:recipes/tools/flint_and_steel": {
    "criteria": {
      "has_flint": "2024-07-19 00:06:38 +0000"
    },
    "done": true
  },
  "utilitix:recipes/misc/linked_repeater": {
    "criteria": {
      "criterion2": "2024-07-19 00:38:00 +0000"
    },
    "done": true
  },
  "alchemistry:recipes/dissolver/yellow_concrete_powder": {
    "criteria": {
      "has_the_recipe": "2024-07-19 00:15:52 +0000"
    },
    "done": true
  },
  "utilitix:recipes/misc/comparator_redirector_down": {
    "criteria": {
      "criterion1": "2024-07-19 00:37:52 +0000"
    },
    "done": true
  },
  "create:recipes/building_blocks/polished_cut_diorite_stairs_from_stone_types_diorite_stonecutting": {
    "criteria": {
      "has_stone_types_diorite": "2024-07-19 00:38:03 +0000"
    },
    "done": true
  },
  "create:recipes/building_blocks/polished_cut_andesite_wall_from_stone_types_andesite_stonecutting": {
    "criteria": {
      "has_stone_types_andesite": "2024-07-19 00:38:00 +0000"
    },
    "done": true
  },
  "alchemistry:recipes/dissolver/blue_concrete_powder": {
    "criteria": {
      "has_the_recipe": "2024-07-19 00:15:52 +0000"
    },
    "done": true
  },
  "sophisticatedbackpacks:recipes/misc/upgrade_base": {
    "criteria": {
      "has_leather": "2024-07-19 00:09:53 +0000"
    },
    "done": true
  },
  "minecraft:recipes/redstone/dropper": {
    "criteria": {
      "has_redstone": "2024-07-19 00:40:39 +0000"
    },
    "done": true
  },
  "create:recipes/building_blocks/cut_andesite_brick_stairs_from_stone_types_andesite_stonecutting": {
    "criteria": {
      "has_stone_types_andesite": "2024-07-19 00:38:00 +0000"
    },
    "done": true
  },
  "minecraft:recipes/building_blocks/yellow_concrete_powder": {
    "criteria": {
      "has_gravel": "2024-07-19 00:15:52 +0000"
    },
    "done": true
  },
  "immersiveengineering:recipes/misc/crafting/grit_sand": {
    "criteria": {
      "has_sand": "2024-07-19 00:15:52 +0000"
    },
    "done": true
  },
  "xycraft_machines:recipes/misc/shaped/fluid_void": {
    "criteria": {
      "has_dark_xychorium": "2024-07-19 00:40:38 +0000"
    },
    "done": true
  },
  "mcwbridges:recipes/balustrade_cobblestone_bridge": {
    "criteria": {
      "has_planks": "2024-07-19 00:37:52 +0000"
    },
    "done": true
  },
  "enderio:recipes/misc/conduit_binder_composite": {
    "criteria": {
      "has_ingredient_gravel": "2024-07-19 00:15:52 +0000"
    },
    "done": true
  },
  "minecraft:recipes/decorations/blackstone_wall_from_blackstone_stonecutting": {
    "criteria": {
      "has_blackstone": "2024-07-19 00:37:56 +0000"
    },
    "done": true
  },
  "supplementaries:recipes/flags/flag_red": {
    "criteria": {
      "has_stick": "2024-07-18 23:56:51 +0000"
    },
    "done": true
  },
  "exdeorum:recipes/misc/oak_compressed_sieve": {
    "criteria": {
      "has_item": "2024-07-18 23:56:48 +0000"
    },
    "done": true
  },
  "allthecompressed:recipes/building_blocks/compress/basalt_1x": {
    "criteria": {
      "has_basalt": "2024-07-19 00:38:01 +0000"
    },
    "done": true
  },
  "farmersdelight:recipes/cooking/vegetable_soup": {
    "criteria": {
      "has_any_ingredient": "2024-07-19 00:41:57 +0000"
    },
    "done": true
  },
  "minecraft:recipes/building_blocks/diorite_stairs": {
    "criteria": {
      "has_diorite": "2024-07-19 00:38:03 +0000"
    },
    "done": true
  },
  "minecraft:recipes/redstone/piston": {
    "criteria": {
      "has_redstone": "2024-07-19 00:40:39 +0000"
    },
    "done": true
  },
  "minecraft:recipes/building_blocks/deepslate_tile_stairs_from_cobbled_deepslate_stonecutting": {
    "criteria": {
      "has_cobbled_deepslate": "2024-07-19 00:38:02 +0000"
    },
    "done": true
  },
  "xycraft_machines:recipes/misc/shaped/planter": {
    "criteria": {
      "has_green_xychorium": "2024-07-19 00:40:39 +0000"
    },
    "done": true
  },
  "mcwbridges:recipes/granite_bridge": {
    "criteria": {
      "has_planks": "2024-07-19 00:38:03 +0000"
    },
    "done": true
  },
  "xycraft_world:recipes/misc/compacting/xychorium_gem_dark": {
    "criteria": {
      "has_xychorium_gem_dark": "2024-07-19 00:40:38 +0000"
    },
    "done": true
  },
  "alchemistry:recipes/dissolver/black_concrete_powder": {
    "criteria": {
      "has_the_recipe": "2024-07-19 00:15:52 +0000"
    },
    "done": true
  },
  "supplementaries:recipes/crank": {
    "criteria": {
      "forge:rods/wooden": "2024-07-18 23:56:51 +0000"
    },
    "done": true
  },
  "exdeorum:recipes/misc/granite": {
    "criteria": {
      "has_item": "2024-07-19 00:02:36 +0000"
    },
    "done": true
  },
  "mcwwindows:recipes/warped": {
    "criteria": {
      "has_the_recipe": "2024-07-18 23:56:48 +0000"
    },
    "done": true
  },
  "supplementaries:recipes/spring_launcher": {
    "criteria": {
      "has_gunpowder": "2024-07-19 00:40:38 +0000"
    },
    "done": true
  },
  "ae2wtlib:recipes/magnet_card": {
    "criteria": {
      "has_wct": "2024-07-18 23:53:57 +0000"
    },
    "done": true
  },
  "create:recipes/building_blocks/small_andesite_brick_slab_from_stone_types_andesite_stonecutting": {
    "criteria": {
      "has_stone_types_andesite": "2024-07-19 00:38:00 +0000"
    },
    "done": true
  },
  "exdeorum:core/string_mesh": {
    "criteria": {
      "has_string_mesh": "2024-07-19 00:14:51 +0000"
    },
    "done": true
  },
  "minecraft:recipes/building_blocks/andesite_stairs": {
    "criteria": {
      "has_andesite": "2024-07-19 00:38:00 +0000"
    },
    "done": true
  },
  "minecraft:recipes/redstone/redstone_torch": {
    "criteria": {
      "has_redstone": "2024-07-19 00:40:39 +0000"
    },
    "done": true
  },
  "mcwtrpdoors:recipes/oak/oak_swamp_trapdoor": {
    "criteria": {
      "has_logs": "2024-07-18 23:56:48 +0000"
    },
    "done": true
  },
  "mcwfences:recipes/quartz": {
    "criteria": {
      "has_qq": "2024-07-18 23:53:57 +0000"
    },
    "done": true
  },
  "supplementaries:recipes/lock_block": {
    "criteria": {
      "has_redstone": "2024-07-19 00:40:39 +0000"
    },
    "done": true
  },
  "minecraft:recipes/building_blocks/blue_concrete_powder": {
    "criteria": {
      "has_gravel": "2024-07-19 00:15:52 +0000"
    },
    "done": true
  },
  "create:recipes/building_blocks/cut_diorite_brick_slab_from_stone_types_diorite_stonecutting": {
    "criteria": {
      "has_stone_types_diorite": "2024-07-19 00:38:03 +0000"
    },
    "done": true
  },
  "xycraft_world:recipes/building_blocks/shaped/inverted_bricks_cloud_blue": {
    "criteria": {
      "has_xychorium_gem_blue": "2024-07-19 00:40:38 +0000"
    },
    "done": true
  },
  "create:recipes/building_blocks/cut_granite_slab_from_stone_types_granite_stonecutting": {
    "criteria": {
      "has_stone_types_granite": "2024-07-19 00:38:03 +0000"
    },
    "done": true
  },
  "mcwroofs:recipes/andesite": {
    "criteria": {
      "has_planks": "2024-07-19 00:38:00 +0000"
    },
    "done": true
  },
  "immersiveengineering:recipes/misc/crafting/redstone_acid": {
    "criteria": {
      "has_redstone_dust": "2024-07-19 00:40:39 +0000"
    },
    "done": true
  },
  "mcwtrpdoors:recipes/oak/oak_paper_trapdoor": {
    "criteria": {
      "has_logs": "2024-07-18 23:56:48 +0000"
    },
    "done": true
  },
  "naturescompass:natures_compass": {
    "criteria": {
      "has_recipe": "2024-07-18 23:56:35 +0000"
    },
    "done": true
  },
  "ae2:recipes/misc/misc/tiny_tnt": {
    "criteria": {
      "has_gunpowder": "2024-07-19 00:40:38 +0000"
    },
    "done": true
  },
  "supplementaries:recipes/cage": {
    "criteria": {
      "minecraft:wooden_slabs": "2024-07-19 00:08:43 +0000"
    },
    "done": true
  },
  "minecraft:recipes/building_blocks/cobblestone_slab_from_cobblestone_stonecutting": {
    "criteria": {
      "has_cobblestone": "2024-07-19 00:37:52 +0000"
    },
    "done": true
  },
  "supplementaries:recipes/blackstone_lamp": {
    "criteria": {
      "has_blackstone": "2024-07-19 00:37:56 +0000"
    },
    "done": true
  },
  "minecraft:recipes/building_blocks/polished_blackstone_bricks_from_blackstone_stonecutting": {
    "criteria": {
      "has_blackstone": "2024-07-19 00:37:56 +0000"
    },
    "done": true
  },
  "create:recipes/misc/crafting/logistics/pulse_repeater": {
    "criteria": {
      "has_item": "2024-07-19 00:40:39 +0000"
    },
    "done": true
  },
  "xycraft_machines:recipes/misc/shaped/ignition_plate": {
    "criteria": {
      "has_red_xychorium": "2024-07-19 00:40:39 +0000"
    },
    "done": true
  },
  "utilitix:recipes/misc/backpack": {
    "criteria": {
      "criterion1": "2024-07-18 23:59:52 +0000"
    },
    "done": true
  },
  "minecraft:recipes/building_blocks/stone": {
    "criteria": {
      "has_cobblestone": "2024-07-19 00:37:52 +0000"
    },
    "done": true
  },
  "minecraft:recipes/misc/fire_charge": {
    "criteria": {
      "has_blaze_powder": "2024-07-19 00:40:38 +0000"
    },
    "done": true
  },
  "minecraft:recipes/building_blocks/polished_granite_from_granite_stonecutting": {
    "criteria": {
      "has_granite": "2024-07-19 00:38:03 +0000"
    },
    "done": true
  },
  "exdeorum:recipes/misc/diorite": {
    "criteria": {
      "has_item": "2024-07-19 00:03:05 +0000"
    },
    "done": true
  },
  "minecraft:recipes/building_blocks/polished_blackstone_stairs_from_blackstone_stonecutting": {
    "criteria": {
      "has_blackstone": "2024-07-19 00:37:56 +0000"
    },
    "done": true
  },
  "minecraft:recipes/redstone/target": {
    "criteria": {
      "has_redstone": "2024-07-19 00:40:39 +0000"
    },
    "done": true
  },
  "mcwfences:recipes/nether": {
    "criteria": {
      "has_nether_brick": "2024-07-18 23:53:57 +0000"
    },
    "done": true
  },
  "minecraft:recipes/building_blocks/polished_diorite_stairs_from_diorite_stonecutting": {
    "criteria": {
      "has_diorite": "2024-07-19 00:38:03 +0000"
    },
    "done": true
  },
  "alchemistry:recipes/dissolver/purple_concrete_powder": {
    "criteria": {
      "has_the_recipe": "2024-07-19 00:15:52 +0000"
    },
    "done": true
  },
  "mcwwindows:recipes/birch": {
    "criteria": {
      "has_the_recipe": "2024-07-18 23:56:48 +0000"
    },
    "done": true
  },
  "minecraft:recipes/building_blocks/polished_deepslate_stairs_from_cobbled_deepslate_stonecutting": {
    "criteria": {
      "has_cobbled_deepslate": "2024-07-19 00:38:02 +0000"
    },
    "done": true
  },
  "mcwbridges:recipes/diorite_bridge_pier": {
    "criteria": {
      "has_planks": "2024-07-19 00:38:03 +0000"
    },
    "done": true
  },
  "allthecompressed:recipes/building_blocks/compress/dirt_1x": {
    "criteria": {
      "has_dirt": "2024-07-19 00:08:34 +0000"
    },
    "done": true
  },
  "minecraft:recipes/tools/compass": {
    "criteria": {
      "has_redstone": "2024-07-19 00:40:39 +0000"
    },
    "done": true
  },
  "silentgear:recipes/misc/stone_rod": {
    "criteria": {
      "has_item": "2024-07-19 00:37:52 +0000"
    },
    "done": true
  },
  "minecraft:recipes/building_blocks/smooth_basalt": {
    "criteria": {
      "has_basalt": "2024-07-19 00:38:01 +0000"
    },
    "done": true
  },
  "minecraft:recipes/decorations/deepslate_brick_wall_from_cobbled_deepslate_stonecutting": {
    "criteria": {
      "has_cobbled_deepslate": "2024-07-19 00:38:02 +0000"
    },
    "done": true
  },
  "mcwfences:recipes/bamboo": {
    "criteria": {
      "has_bamboo": "2024-07-18 23:53:57 +0000"
    },
    "done": true
  },
  "create:recipes/building_blocks/cut_andesite_bricks_from_stone_types_andesite_stonecutting": {
    "criteria": {
      "has_stone_types_andesite": "2024-07-19 00:38:00 +0000"
    },
    "done": true
  },
  "minecraft:recipes/building_blocks/orange_concrete_powder": {
    "criteria": {
      "has_gravel": "2024-07-19 00:15:52 +0000"
    },
    "done": true
  },
  "minecraft:recipes/building_blocks/granite_stairs": {
    "criteria": {
      "has_granite": "2024-07-19 00:38:03 +0000"
    },
    "done": true
  },
  "xycraft_world:recipes/building_blocks/shaped/inverted_bricks_cloud_green": {
    "criteria": {
      "has_xychorium_gem_green": "2024-07-19 00:40:39 +0000"
    },
    "done": true
  },
  "supplementaries:recipes/flags/flag_pink": {
    "criteria": {
      "has_stick": "2024-07-18 23:56:51 +0000"
    },
    "done": true
  },
  "ae2wtlib:recipes/wireless_universal_terminal/ce": {
    "criteria": {
      "has_wpt": "2024-07-18 23:53:57 +0000",
      "has_wct": "2024-07-18 23:53:57 +0000"
    },
    "done": true
  },
  "minecraft:recipes/tools/stone_pickaxe": {
    "criteria": {
      "has_cobblestone": "2024-07-19 00:37:52 +0000"
    },
    "done": true
  },
  "ae2wtlib:recipes/wireless_universal_terminal/ca": {
    "criteria": {
      "has_wit": "2024-07-18 23:53:57 +0000",
      "has_wct": "2024-07-18 23:53:57 +0000"
    },
    "done": true
  },
  "minecraft:recipes/building_blocks/cobbled_deepslate_slab_from_cobbled_deepslate_stonecutting": {
    "criteria": {
      "has_cobbled_deepslate": "2024-07-19 00:38:02 +0000"
    },
    "done": true
  },
  "alchemistry:recipes/dissolver/lime_concrete_powder": {
    "criteria": {
      "has_the_recipe": "2024-07-19 00:15:52 +0000"
    },
    "done": true
  },
  "supplementaries:recipes/timber_frame": {
    "criteria": {
      "forge:rods/wooden": "2024-07-18 23:56:51 +0000"
    },
    "done": true
  },
  "mcwfences:recipes/spruce": {
    "criteria": {
      "has_spruce": "2024-07-18 23:53:57 +0000"
    },
    "done": true
  },
  "minecraft:recipes/tools/wooden_hoe": {
    "criteria": {
      "has_stick": "2024-07-18 23:56:51 +0000"
    },
    "done": true
  },
  "ae2wtlib:recipes/wireless_universal_terminal/ae": {
    "criteria": {
      "has_wit": "2024-07-18 23:53:57 +0000",
      "has_wpt": "2024-07-18 23:53:57 +0000"
    },
    "done": true
  },
  "minecraft:recipes/decorations/granite_wall": {
    "criteria": {
      "has_granite": "2024-07-19 00:38:03 +0000"
    },
    "done": true
  },
  "botania:recipes/tools/lexicon": {
    "criteria": {
      "has_item": "2024-07-18 23:56:35 +0000"
    },
    "done": true
  },
  "supplementaries:recipes/redstone_illuminator": {
    "criteria": {
      "has_redstone": "2024-07-19 00:40:39 +0000"
    },
    "done": true
  },
  "minecraft:recipes/building_blocks/polished_granite_slab_from_granite_stonecutting": {
    "criteria": {
      "has_granite": "2024-07-19 00:38:03 +0000"
    },
    "done": true
  },
  "naturescompass:natures_compass_log": {
    "criteria": {
      "has_recipe": "2024-07-18 23:56:35 +0000"
    },
    "done": true
  },
  "enderio:recipes/misc/wood_gear_corner": {
    "criteria": {
      "has_ingredient": "2024-07-18 23:56:51 +0000"
    },
    "done": true
  },
  "supplementaries:recipes/slingshot": {
    "criteria": {
      "forge:rods/wooden": "2024-07-18 23:56:51 +0000"
    },
    "done": true
  },
  "minecraft:recipes/building_blocks/blackstone_slab": {
    "criteria": {
      "has_blackstone": "2024-07-19 00:37:56 +0000"
    },
    "done": true
  },
  "occultism:recipes/spirit_fire/spirit_fire/otherstone": {
    "criteria": {
      "has_andesite": "2024-07-19 00:38:00 +0000"
    },
    "done": true
  },
  "exmachinis:recipes/misc/flux_sieve": {
    "criteria": {
      "has_sieve": "2024-07-19 00:15:07 +0000"
    },
    "done": true
  },
  "alchemistry:recipes/dissolver/glowstone": {
    "criteria": {
      "has_the_recipe": "2024-07-19 00:40:39 +0000"
    },
    "done": true
  },
  "enderio:recipes/misc/primitive_alloy_smelter": {
    "criteria": {
      "has_ingredient": "2024-07-19 00:40:39 +0000"
    },
    "done": true
  },
  "allthecompressed:recipes/building_blocks/compress/oak_log_1x": {
    "criteria": {
      "has_oak_log": "2024-07-18 23:56:48 +0000"
    },
    "done": true
  },
  "minecraft:recipes/redstone/redstone_block": {
    "criteria": {
      "has_redstone": "2024-07-19 00:40:39 +0000"
    },
    "done": true
  },
  "create:recipes/building_blocks/small_andesite_brick_wall_from_stone_types_andesite_stonecutting": {
    "criteria": {
      "has_stone_types_andesite": "2024-07-19 00:38:00 +0000"
    },
    "done": true
  },
  "mcwfurnitures:recipes/oak": {
    "criteria": {
      "has_wood": "2024-07-18 23:56:48 +0000"
    },
    "done": true
  },
  "supplementaries:recipes/item_shelf": {
    "criteria": {
      "minecraft:wooden_slabs": "2024-07-19 00:08:43 +0000"
    },
    "done": true
  },
  "minecraft:recipes/combat/crossbow": {
    "criteria": {
      "has_string": "2024-07-18 23:59:52 +0000"
    },
    "done": true
  },
  "minecraft:recipes/decorations/barrel": {
    "criteria": {
      "has_wood_slab": "2024-07-19 00:08:43 +0000"
    },
    "done": true
  },
  "mcwwindows:recipes/stone": {
    "criteria": {
      "has_the_recipe": "2024-07-18 23:56:48 +0000"
    },
    "done": true
  },
  "allthecompressed:recipes/building_blocks/compress/cobbled_deepslate_1x": {
    "criteria": {
      "has_cobbled_deepslate": "2024-07-19 00:38:02 +0000"
    },
    "done": true
  },
  "create:recipes/building_blocks/cut_andesite_brick_slab_from_stone_types_andesite_stonecutting": {
    "criteria": {
      "has_stone_types_andesite": "2024-07-19 00:38:00 +0000"
    },
    "done": true
  },
  "mcwwindows:recipes/crimson": {
    "criteria": {
      "has_the_recipe": "2024-07-18 23:56:48 +0000"
    },
    "done": true
  },
  "minecraft:recipes/building_blocks/polished_diorite_slab_from_diorite_stonecutting": {
    "criteria": {
      "has_diorite": "2024-07-19 00:38:03 +0000"
    },
    "done": true
  },
  "minecraft:recipes/building_blocks/purple_concrete_powder": {
    "criteria": {
      "has_gravel": "2024-07-19 00:15:52 +0000"
    },
    "done": true
  },
  "exdeorum:recipes/misc/flint_mesh_from_string_mesh": {
    "criteria": {
      "has_item": "2024-07-19 00:06:38 +0000"
    },
    "done": true
  },
  "exdeorum:core/root": {
    "criteria": {
      "in_void_world": "2024-07-18 23:53:57 +0000"
    },
    "done": true
  },
  "minecraft:recipes/building_blocks/polished_basalt": {
    "criteria": {
      "has_basalt": "2024-07-19 00:38:01 +0000"
    },
    "done": true
  },
  "minecraft:recipes/building_blocks/oak_wood": {
    "criteria": {
      "has_log": "2024-07-18 23:56:48 +0000"
    },
    "done": true
  },
  "ae2wtlib:recipes/quantum_bridge_card": {
    "criteria": {
      "has_wit": "2024-07-18 23:53:57 +0000",
      "has_wpt": "2024-07-18 23:53:57 +0000",
      "has_wct": "2024-07-18 23:53:57 +0000"
    },
    "done": true
  },
  "modularrouters:recipes/misc/blank_module": {
    "criteria": {
      "has_redstone": "2024-07-19 00:40:39 +0000"
    },
    "done": true
  },
  "ae2:recipes/misc/network/blocks/crank": {
    "criteria": {
      "has_stick": "2024-07-18 23:56:51 +0000"
    },
    "done": true
  },
  "minecraft:recipes/building_blocks/bone_block": {
    "criteria": {
      "has_bone_meal": "2024-07-19 00:40:39 +0000"
    },
    "done": true
  },
  "xycraft_machines:recipes/misc/shapeless/balloon_on_a_stick": {
    "criteria": {
      "has_lead": "2024-07-19 00:09:53 +0000"
    },
    "done": true
  },
  "mcwfences:recipes/end": {
    "criteria": {
      "has_end_brick": "2024-07-18 23:53:57 +0000"
    },
    "done": true
  },
  "minecraft:recipes/combat/leather_leggings": {
    "criteria": {
      "has_leather": "2024-07-19 00:09:53 +0000"
    },
    "done": true
  },
  "silentgear:recipes/misc/rough_rod": {
    "criteria": {
      "has_item": "2024-07-18 23:56:51 +0000"
    },
    "done": true
  },
  "allthecompressed:recipes/building_blocks/compress/diorite_1x": {
    "criteria": {
      "has_diorite": "2024-07-19 00:38:03 +0000"
    },
    "done": true
  },
  "minecraft:recipes/building_blocks/deepslate_brick_stairs_from_cobbled_deepslate_stonecutting": {
    "criteria": {
      "has_cobbled_deepslate": "2024-07-19 00:38:02 +0000"
    },
    "done": true
  },
  "supplementaries:recipes/flags/flag_brown": {
    "criteria": {
      "has_stick": "2024-07-18 23:56:51 +0000"
    },
    "done": true
  },
  "enderio:recipes/misc/infinity_rod": {
    "criteria": {
      "has_ingredient": "2024-07-19 00:40:39 +0000"
    },
    "done": true
  },
  "farmersdelight:recipes/combat/flint_knife": {
    "criteria": {
      "has_stick": "2024-07-18 23:56:51 +0000"
    },
    "done": true
  },
  "minecraft:recipes/tools/clock": {
    "criteria": {
      "has_redstone": "2024-07-19 00:40:39 +0000"
    },
    "done": true
  },
  "create:recipes/building_blocks/layered_granite_from_stone_types_granite_stonecutting": {
    "criteria": {
      "has_stone_types_granite": "2024-07-19 00:38:03 +0000"
    },
    "done": true
  },
  "minecraft:recipes/combat/arrow": {
    "criteria": {
      "has_flint": "2024-07-19 00:06:38 +0000"
    },
    "done": true
  },
  "mcwwindows:recipes/blackstone": {
    "criteria": {
      "has_the_recipe": "2024-07-18 23:56:48 +0000"
    },
    "done": true
  },
  "exdeorum:recipes/misc/basalt": {
    "criteria": {
      "has_item": "2024-07-19 00:13:34 +0000"
    },
    "done": true
  },
  "utilitarian:recipes/food/utility/charcoal_from_campfire": {
    "criteria": {
      "has_logs": "2024-07-18 23:56:48 +0000"
    },
    "done": true
  },
  "exdeorum:recipes/misc/cooked_silk_worm_from_campfire_cooking": {
    "criteria": {
      "has_item": "2024-07-18 23:56:50 +0000"
    },
    "done": true
  },
  "ae2:recipes/misc/smelting/silicon_from_certus_quartz_dust": {
    "criteria": {
      "has_certus_quartz_dust": "2024-07-19 00:40:39 +0000"
    },
    "done": true
  },
  "translocators:recipes/redstone/fluid_translocator": {
    "criteria": {
      "has_piston": "2024-07-18 23:53:57 +0000"
    },
    "done": true
  },
  "minecraft:recipes/decorations/cobbled_deepslate_wall_from_cobbled_deepslate_stonecutting": {
    "criteria": {
      "has_cobbled_deepslate": "2024-07-19 00:38:02 +0000"
    },
    "done": true
  },
  "create:recipes/building_blocks/cut_andesite_from_stone_types_andesite_stonecutting": {
    "criteria": {
      "has_stone_types_andesite": "2024-07-19 00:38:00 +0000"
    },
    "done": true
  },
  "mcwfences:recipes/mud_brick": {
    "criteria": {
      "has_qq": "2024-07-18 23:53:57 +0000"
    },
    "done": true
  },
  "supplementaries:recipes/sconce": {
    "criteria": {
      "has_torch": "2024-07-18 23:53:57 +0000"
    },
    "done": true
  },
  "create:recipes/building_blocks/small_granite_brick_wall_from_stone_types_granite_stonecutting": {
    "criteria": {
      "has_stone_types_granite": "2024-07-19 00:38:03 +0000"
    },
    "done": true
  },
  "lootr:root": {
    "criteria": {
      "always_true": "2024-07-18 23:53:57 +0000"
    },
    "done": true
  },
  "mcwfences:recipes/blackstone": {
    "criteria": {
      "has_blackstone": "2024-07-18 23:53:57 +0000"
    },
    "done": true
  },
  "exdeorum:recipes/misc/cobbled_deepslate": {
    "criteria": {
      "has_item": "2024-07-19 00:03:05 +0000"
    },
    "done": true
  },
  "supplementaries:recipes/bellows": {
    "criteria": {
      "minecraft:wooden_slabs": "2024-07-19 00:08:43 +0000"
    },
    "done": true
  },
  "alchemistry:recipes/dissolver/red_concrete_powder": {
    "criteria": {
      "has_the_recipe": "2024-07-19 00:15:52 +0000"
    },
    "done": true
  },
  "productivetrees:recipes/misc/crates/red_delicious_apple_crate": {
    "criteria": {
      "has_apple": "2024-07-18 23:56:48 +0000"
    },
    "done": true
  },
  "mcwtrpdoors:recipes/print_classic": {
    "criteria": {
      "has_logs": "2024-07-18 23:56:48 +0000"
    },
    "done": true
  },
  "minecraft:husbandry/root": {
    "criteria": {
      "consumed_item": "2024-07-19 00:11:07 +0000"
    },
    "done": true
  },
  "create:recipes/building_blocks/cut_granite_bricks_from_stone_types_granite_stonecutting": {
    "criteria": {
      "has_stone_types_granite": "2024-07-19 00:38:03 +0000"
    },
    "done": true
  },
  "minecraft:recipes/building_blocks/deepslate": {
    "criteria": {
      "has_cobbled_deepslate": "2024-07-19 00:38:02 +0000"
    },
    "done": true
  },
  "minecraft:recipes/decorations/polished_blackstone_wall_from_blackstone_stonecutting": {
    "criteria": {
      "has_blackstone": "2024-07-19 00:37:56 +0000"
    },
    "done": true
  },
  "minecraft:recipes/building_blocks/chiseled_polished_blackstone_from_blackstone_stonecutting": {
    "criteria": {
      "has_blackstone": "2024-07-19 00:37:56 +0000"
    },
    "done": true
  },
  "create:recipes/building_blocks/polished_cut_diorite_wall_from_stone_types_diorite_stonecutting": {
    "criteria": {
      "has_stone_types_diorite": "2024-07-19 00:38:03 +0000"
    },
    "done": true
  },
  "alchemistry:recipes/dissolver/charcoal": {
    "criteria": {
      "has_the_recipe": "2024-07-18 23:56:48 +0000"
    },
    "done": true
  },
  "create:recipes/building_blocks/polished_cut_andesite_slab_from_stone_types_andesite_stonecutting": {
    "criteria": {
      "has_stone_types_andesite": "2024-07-19 00:38:00 +0000"
    },
    "done": true
  },
  "mcwbridges:recipes/diorite_bridge": {
    "criteria": {
      "has_planks": "2024-07-19 00:38:03 +0000"
    },
    "done": true
  },
  "supplementaries:recipes/daub_frame": {
    "criteria": {
      "forge:rods/wooden": "2024-07-18 23:56:51 +0000"
    },
    "done": true
  },
  "minecraft:recipes/building_blocks/blackstone_slab_from_blackstone_stonecutting": {
    "criteria": {
      "has_blackstone": "2024-07-19 00:37:56 +0000"
    },
    "done": true
  },
  "mcwbridges:recipes/blackstone_bridge": {
    "criteria": {
      "has_planks": "2024-07-19 00:37:56 +0000"
    },
    "done": true
  },
  "utilitarian:recipes/misc/redstone_clock": {
    "criteria": {
      "has_redstone": "2024-07-19 00:40:39 +0000"
    },
    "done": true
  },
  "computercraft:recipes/redstone/computer_normal": {
    "criteria": {
      "has_redstone": "2024-07-19 00:40:39 +0000"
    },
    "done": true
  },
  "minecraft:recipes/building_blocks/deepslate_brick_slab_from_cobbled_deepslate_stonecutting": {
    "criteria": {
      "has_cobbled_deepslate": "2024-07-19 00:38:02 +0000"
    },
    "done": true
  },
  "alchemistry:recipes/dissolver/andesite": {
    "criteria": {
      "has_the_recipe": "2024-07-19 00:38:03 +0000"
    },
    "done": true
  },
  "mcwroofs:recipes/oak": {
    "criteria": {
      "has_planks": "2024-07-18 23:56:48 +0000"
    },
    "done": true
  },
  "energymeter:recipes/energymeter/meter": {
    "criteria": {
      "has_item": "2024-07-18 23:53:57 +0000"
    },
    "done": true
  },
  "alchemistry:recipes/dissolver/polished_diorite": {
    "criteria": {
      "has_the_recipe": "2024-07-19 00:38:03 +0000"
    },
    "done": true
  },
  "alchemistry:recipes/dissolver/blackstone_slab": {
    "criteria": {
      "has_the_recipe": "2024-07-19 00:37:56 +0000"
    },
    "done": true
  },
  "create:recipes/building_blocks/cut_granite_stairs_from_stone_types_granite_stonecutting": {
    "criteria": {
      "has_stone_types_granite": "2024-07-19 00:38:03 +0000"
    },
    "done": true
  },
  "create:recipes/misc/crafting/logistics/powered_toggle_latch": {
    "criteria": {
      "has_item": "2024-07-19 00:40:39 +0000"
    },
    "done": true
  },
  "create:recipes/building_blocks/small_granite_bricks_from_stone_types_granite_stonecutting": {
    "criteria": {
      "has_stone_types_granite": "2024-07-19 00:38:03 +0000"
    },
    "done": true
  },
  "mcwtrpdoors:recipes/oak/oak_ranch_trapdoor": {
    "criteria": {
      "has_logs": "2024-07-18 23:56:48 +0000"
    },
    "done": true
  },
  "minecraft:recipes/building_blocks/polished_andesite": {
    "criteria": {
      "has_andesite": "2024-07-19 00:38:00 +0000"
    },
    "done": true
  },
  "supplementaries:recipes/flags/flag_yellow": {
    "criteria": {
      "has_stick": "2024-07-18 23:56:51 +0000"
    },
    "done": true
  },
  "croptopia:recipes/fruit_salad": {
    "criteria": {
      "has_apple": "2024-07-18 23:56:48 +0000"
    },
    "done": true
  },
  "mcwwindows:recipes/acacia": {
    "criteria": {
      "has_the_recipe": "2024-07-18 23:56:48 +0000"
    },
    "done": true
  },
  "exdeorum:recipes/misc/cooked_silk_worm_from_smoking": {
    "criteria": {
      "has_item": "2024-07-18 23:56:50 +0000"
    },
    "done": true
  },
  "mcwbridges:recipes/cobblestone_bridge_stair": {
    "criteria": {
      "has_planks": "2024-07-19 00:37:52 +0000"
    },
    "done": true
  },
  "minecraft:recipes/building_blocks/gray_concrete_powder": {
    "criteria": {
      "has_gravel": "2024-07-19 00:15:52 +0000"
    },
    "done": true
  },
  "minecraft:recipes/decorations/andesite_wall": {
    "criteria": {
      "has_andesite": "2024-07-19 00:38:00 +0000"
    },
    "done": true
  },
  "occultism:occultism/root": {
    "criteria": {
      "occultism_present": "2024-07-18 23:53:57 +0000"
    },
    "done": true
  },
  "alchemistry:recipes/dissolver/polished_basalt": {
    "criteria": {
      "has_the_recipe": "2024-07-19 00:38:01 +0000"
    },
    "done": true
  },
  "minecraft:recipes/redstone/tnt": {
    "criteria": {
      "has_gunpowder": "2024-07-19 00:40:38 +0000"
    },
    "done": true
  },
  "DataVersion": 3465
}